# Tetrahedral mesh generated using mesh_to_tet.py

# 1422 vertices
v -0.012875 0.01925 -0.009375 0
v -0.012875 0.01925 0.008375 0
v -0.012875 0.022 -0.008035377999999999 0
v -0.012875 0.022 -0.005 0
v -0.012875 0.022 0.004392688475 0
v -0.01287498500131602 0.02200031497236359 0.008040049597697049 0
v -0.0128749583404177 0.02200029161707612 -0.009151588184412272 0
v -0.01283739 0.01925 -0.009708781999999999 0
v -0.01283739 0.01925 0.008708782 0
v -0.01283495 0.02199952 -0.009719201 0
v -0.01283495 0.02199952 0.008719202000000001 0
v 0.004038765978293276 0.02083123355232807 -0.006985666257274969 0
v -0.01274533295844805 0.02200030937337773 -0.009976855880519563 0
v -0.01272645 0.01925 -0.01002583 0
v -0.01272645 0.01925 0.009025826000000001 0
v -0.01267794 0.02200016 0.009118197 0
v -0.01261238 0.021999915 -0.0102148 0
v -0.01254775 0.01925 -0.01031024 0
v -0.01254775 0.01925 0.009310235 0
v -0.01254684 0.02199967 0.009311368 0
v 0.004039739690763033 0.02099652626131934 -0.002023650397534106 0
v -0.009194076885492444 0.02098679634201293 0.005013581100081708 0
v -0.01248363145474496 0.02216503292981011 -0.009502777333345805 0
v -0.01245715054580833 0.02218743431062732 0.008424306368811883 0
v -0.0124186292618555 0.02226226364263367 -0.00837574881700659 0
v -0.01238204554974143 0.02228658097385023 0.007238094189969335 0
v -0.01234777082775487 0.02199958848927223 -0.01051280141493813 0
v -0.01232134168213163 0.01925059689869999 -0.01053665074496537 0
v -0.0122658817263281 0.0192535903886712 0.009575633954858869 0
v -0.01227309574449515 0.02199973851196687 0.009571052019133478 0
v -0.0004280098310048525 0.02089007083899279 -0.004684955880514262 0
v -0.01214354 0.02232807 0.008375048 0
v -0.01214339 0.02232808 -0.009375044000000001 0
v -0.002729445035566673 0.02088340265142773 -0.006810181704534654 0
v 0.001700578580605482 0.02106848051521786 -0.007148583419760098 0
v -0.0120423041473907 0.02224389504732189 0.008836048832570123 0
v -0.01202583 0.01925 -0.01072645 0
v -0.01195265550610559 0.01926692474870038 0.009752101665738224 0
v -0.01204184416740249 0.02198455448955397 0.009715226135164592 0
v -0.0119983 0.02200032 -0.01073937 0
v -0.01200250269470589 0.0224934161398212 0.002061400095694198 0
v -0.01194480876899794 0.02251709499391099 -0.004944930596000172 0
v -0.01190600124959465 0.02231554999111242 -0.009711997854540824 0
v -0.01190789159292874 0.02252195399641154 -0.008067344867307903 0
v -0.01189911 0.02252814 0.007035377 0
v -0.011783 0.02199992 0.009818436999999999 0
v 0.003772675257136375 0.02064064425111468 -0.003997449973488978 0
v 0.004175502624349231 0.02144200619085792 -0.005398704145930831 0
v -0.01166103252789335 0.01925408228271384 -0.01084278371922352 0
v -0.01170878 0.01925 0.009837393 0
v -0.01159160173157164 0.02199112554141117 -0.01085799831552293 0
v -0.01147401 0.02199971 0.0098684155 0
v -0.01104629810048613 0.02200021698355362 -0.01087496933576983 0
v -0.0115088136483846 0.02229027432604598 0.009163193547738634 0
v -0.01128696242138763 0.0223222724369655 -0.01016792159541277 0
v -0.01137504 0.02255934 -0.009375031000000001 0
v -0.01137503 0.02255934 0.008375038 0
v -0.01134478230048281 0.02265950478525186 -0.008844342489489499 0
v -0.01117070426423747 0.01925 -0.010875 0
v -0.01102853087077841 0.01925565503551073 0.009875 0
v -0.01130092886946286 0.02267254553054887 0.007795334239891189 0
v -0.01144323222761769 0.02268858183655741 -0.007988416553513511 0
v -0.011375 0.02270395 0.007260377 0
v -0.01108146119704735 0.02281897101779417 -0.0008071693018476536 0
v -0.01102825038632859 0.02282163219416017 -0.005558139915704691 0
v -0.01107268429350698 0.02280920623070489 0.003798013651149106 0
v -0.01091991417147059 0.02282676873215127 -0.007765368097834127 0
v -0.01084761542738762 0.02283719355960687 0.006842381618490717 0
v -0.01044177 0.0228973 -0.008035377 0
v -0.01043158917503505 0.02289816926454335 0.007019106770057525 0
v -0.009966480999999999 0.02229415 -0.01040218 0
v -0.009869373877754613 0.02229244074609942 0.009404022494623195 0
v -0.009937078866738364 0.02253499452912307 -0.00990098366209528 0
v -0.009931042521721771 0.02252565935109182 0.008920454171351917 0
v -0.009934124279308145 0.02271723239980789 -0.009384355342596825 0
v -0.009966480999999999 0.02272051 0.008375097 0
v -0.009966480999999999 0.02282845 0.007935169000000001 0
v -0.009966480999999966 0.02286277499999999 -0.008711299000000002 0
v -0.009966480999999999 0.022911545 0.007261403499999999 0
v -0.009429124073420735 0.02293752848373133 -0.007720504099591337 0
v -0.009845570801987381 0.022973433802172 -0.005101770257043389 0
v -0.00996648 0.02297354 0.004 0
v -0.009785861986585397 0.02300648604520221 -0.000428757593900722 0
v -0.008108240499999999 0.022 0.009875 0
v -0.008418067701481461 0.02198141073795578 -0.010875 0
v -0.006106989301434734 0.02245448856052226 -0.01007592655887811 0
v -0.006455345082962003 0.02281386665207448 -0.009080522789592056 0
v -0.006408960695755443 0.02283550333901517 0.00798339650294207 0
v -0.006192185402714695 0.02298054207261586 -0.007815239120699403 0
v -0.00625 0.02297173 0.007035376 0
v -0.006512175866034696 0.02306785619041502 -0.00534658428346818 0
v -0.006111572313602167 0.02308049338126184 0.004248470526319357 0
v -0.006042748914050605 0.02314968930290401 -0.001016573482231398 0
v -0.003293324950286636 0.02250661782984844 0.008982264646225731 0
v -0.00025 0.022 -0.010875 0
v -0.0001063577875897984 0.022 0.009875 0
v 0.0003896425589758354 0.02284482807251203 0.008002928156712209 0
v -0.0002094770193299567 0.02300721454347015 -0.007890180812814219 0
v -6.113892780619127e-05 0.0231626676159029 -0.004759717313132766 0
v -1.315673526283354e-05 0.02324210325205773 -0.000708876030781565 0
v 0.002807649807691698 0.02251532999654468 -0.009956780845178596 0
v 0.00275 0.02283473 -0.009037453500000001 0
v 0.005814453792565317 0.02248485669359592 0.009023302911826511 0
v -0.006773477497545343 0.02170034084074284 -0.001256112860705109 0
v 0.00575 0.02297173 -0.008035376 0
v 0.00575 0.02297173 0.007035376 0
v 0.005772068984297796 0.0230843624886688 -0.005114171539797177 0
v 0.00571965785988685 0.02309488361249054 0.003652141467210797 0
v 0.005845019973160252 0.02314874586746894 -0.0006385686897513075 0
v 0.00760824 0.022 -0.010875 0
v 0.00760824 0.022000005 0.0098750005 0
v 0.00936650867397794 0.02300270217570221 -0.0003993209762470133 0
v 0.009343251719548633 0.02224967684558147 -0.01047366664583434 0
v 0.009195004601407254 0.02230337932443111 0.009382708993355133 0
v 0.009348527644616031 0.02253604028671295 -0.009897928846022372 0
v 0.009284838520900843 0.02252835652262363 0.008915719640946399 0
v 0.00958321034837391 0.02269861020191071 -0.009399311328840167 0
v 0.009466479999999999 0.02272051 0.008375097 0
v 0.009583036891173896 0.02280967635894311 -0.008953356404244802 0
v 0.009517978426498 0.02285746609031975 0.007697067709799106 0
v 0.009466479999999999 0.02289711 -0.008487430000000001 0
v 0.008784275495219897 0.02294136202494346 -0.007589639528171221 0
v 0.009466479999999999 0.02292598 0.007035377 0
v 0.009466479999999999 0.02297354 -0.005 0
v 0.009295685950063212 0.02298002433459713 0.003803365073382211 0
v 0.009941772999999999 0.0228973 -0.008035377 0
v 0.0101771665 0.022861625 0.007035377 0
v 0.0103905954652705 0.02283043858465151 -0.007875610912002919 0
v 0.01046428501092185 0.02283689998969892 -0.005447011643647427 0
v 0.01052841368826548 0.02282397029337397 0.00413342589689302 0
v 0.01059112837119543 0.02281652985926004 -0.0004613934237340414 0
v 0.010875 0.01925 -0.010875 0
v 0.010875 0.01925 0.009875 0
v 0.01081754881603695 0.02266973376956325 -0.008795621344417016 0
v 0.010875 0.02270395 -0.008260377499999999 0
v 0.01085831496141546 0.02271755750217375 0.006698292728934817 0
v 0.01087185164240593 0.02268008417801681 0.007623971944434639 0
v 0.01087503 0.02255934 -0.009375039 0
v 0.01087504 0.02232816 -0.01014344 0
v 0.01078637546660233 0.02234854143615669 0.009103652251906368 0
v 0.01087504 0.02255934 0.008375031 0
v 0.010974005 0.021999685 0.0098684015 0
v 0.01097401 0.02199971 -0.010868415 0
v 0.01120878 0.01925 -0.01083739 0
v 0.01119520587575655 0.01925 0.009838922396879453 0
v 0.01138525583287237 0.02200010999783183 0.009780881278615317 0
v 0.011283 0.02199992 -0.01081844 0
v 0.01139319236523839 0.02253033308684189 0.006967817939609336 0
v 0.01137411699926012 0.02253729082509249 -0.007834986098463673 0
v 0.01149229180437266 0.02250095149573076 -0.001761666693790783 0
v 0.003525909294539234 0.02070414351276876 0.002667890430004595 0
v 0.01148841695939269 0.01925 -0.01073954131911362 0
v 0.01145425705758103 0.01925 0.00975149809607008 0
v 0.01148855479735855 0.02222669164902371 0.008962759687533866 0
v 0.01142467698187025 0.02226494823621723 -0.009870819948956361 0
v 0.01146860268067879 0.02240600076634523 0.008202084253649459 0
v 0.01170263 0.02199988 0.009626011 0
v 0.01170265 0.02199988 -0.010626 0
v 0.01177861356875966 0.01925 -0.01055465872114367 0
v 0.01177186334899547 0.01925 0.009571861560684979 0
v 0.01183124 0.022243845 -0.009421472499999998 0
v -0.005516278710166107 0.02068013598079993 -0.006732657886877654 0
v 0.01189802014429601 0.02228946150450858 -0.007777290696438295 0
v 0.01190032513877878 0.02228887071565331 0.007055779239987314 0
v 0.011966855 0.02199959 -0.01039684 0
v 0.001563905156107567 0.02079793746635935 0.0006008893434005596 0
v -0.003226526514211008 0.02133231883659625 -0.009528800826976824 0
v 0.01204683 0.02199967 0.009311384000000001 0
v 0.01204775 0.01925 -0.01031024 0
v 0.01204775 0.01925 0.009310235 0
v 0.01217794 0.02200016 -0.0101182 0
v 0.01222531 0.02200026499999995 0.009018848500000003 0
v 0.01222681018552915 0.01927141931835283 -0.01002500171346326 0
v 0.01222645 0.01925 0.009025826000000001 0
v 0.009680623016193031 0.02185165357762539 0.0005445067371470885 0
v 0.01233495 0.02199952 -0.009719202 0
v 0.01233495 0.02199952 0.008719200999999999 0
v 0.01233739 0.01925 -0.009708781999999999 0
v 0.01234836405974948 0.01925 0.008611389189276803 0
v 0.01237495 0.02200035 0.008375057999999999 0
v 0.01237498 0.02200042 -0.009375058 0
v 0.012375 0.01925 -0.009375 0
v 0.012375 0.01925 0.008117650010833243 0
v 0.012375 0.022 -0.008035377999999999 0
v 0.012375 0.02198754994781171 -0.002784169875496096 0
v 0.012375 0.02199346436842006 0.005588877547155095 0
v 0.004292949602672851 0.02151806322639511 0.001132145801218619 0
v -0.01179348013895498 0.02044578561128749 -0.0051869363471086 0
v 0.006227326875571686 0.02107471005935329 -0.00392712273417601 0
v -0.01181039246894283 0.02034455087396762 -0.0008844368324074438 0
v -0.01145798022442599 0.02029882180042589 0.002025248343713653 0
v -0.01194185523587808 0.02062709973190574 0.004181834210690556 0
v 0.002810626306614716 0.01925 0.0004558788860002088 0
v -0.01215826054837089 0.01996213001220704 0.009026473167435187 0
v -0.009615379350558631 0.02061290191612755 -0.007580448248190937 0
v -0.009936978761293833 0.02029843752615171 -0.00513267897800941 0
v -0.009605145427037538 0.02046974874852903 -0.002782371783473855 0
v -0.009971645333338384 0.02035560938921696 -0.0003611927554050593 0
v -0.00982629844303509 0.02056677964856483 0.001788070654860158 0
v -0.009911215622229757 0.02055157183780376 0.007406758258225675 0
v -0.01012722446954732 0.02034118311513096 0.008833280681456784 0
v -0.01027498421858069 0.0219142111464406 -0.007690925583156825 0
v -0.009667362656213405 0.02196354915934794 -0.003010524203411913 0
v 0.008537976933827037 0.02173422073408149 0.004093052661760534 0
v -0.01016337296131722 0.02181249058756103 0.004869635860224842 0
v -0.01055762972922985 0.02187341043299442 0.006717174734940352 0
v -0.008343061217960947 0.02026183698178492 -0.009726961891699745 0
v -0.008041965835725792 0.02058039318215159 -0.007927103551823132 0
v -0.007759433375296683 0.02046759812683285 -0.004900982501391271 0
v -0.007535081634943226 0.02062180401496051 -0.002785484047837888 0
v -0.007339547699571242 0.02063202383372389 -0.0005764879018582064 0
v -0.008211903831085427 0.02050521652446429 0.002209646908350389 0
v -0.008263897769250485 0.02032112770598945 0.004761790071162641 0
v -0.008399994648368927 0.02053604185523459 0.006424702907461354 0
v -0.007900990427543084 0.02015145733029256 0.008801935405448201 0
v 0.002588894796903101 0.02284172064958137 0.007991108369845536 0
v -0.007816790751659957 0.02206285066827378 -0.002798932069713476 0
v -0.005613029418545647 0.02034586904087064 -0.009657233851231288 0
v -0.002142083652148862 0.02178191940520818 -0.009318070294605321 0
v -0.005978826379012886 0.02038627584356709 -0.005246107220526544 0
v -0.005976665171937594 0.02046749566303531 -0.002249269528615563 0
v -0.005613360589585605 0.02041206475673805 -0.0003081090752535772 0
v -0.006611490063467072 0.02046152560279592 0.002099361069908791 0
v -0.005295781308026265 0.02051868988258046 0.004320467676694311 0
v -0.005433329094852254 0.02021696320142922 0.008713122524092115 0
v -0.001427179510554271 0.02070946041520712 -0.007511072969657116 0
v -0.005349185533366289 0.02175458183780859 -0.005610189296068375 0
v -0.006185767322239505 0.02201812898374355 -0.00263130140804351 0
v -0.006136824395152523 0.02197839847359195 0.001820376010032848 0
v -0.005550905153408916 0.021926732129781 0.006783249762818722 0
v -0.003848283518663841 0.02045991787985159 -0.005685200802618457 0
v -0.004208947550886591 0.02038061239872154 -0.002661649802909641 0
v -0.00343392686954394 0.02071807479421028 -0.0003115894435052102 0
v -0.00369882723973812 0.02064965580153712 0.002340187014692873 0
v -0.003903315381124779 0.02061172076539222 0.003913362881865839 0
v -0.00325805591719036 0.02053290136643237 0.006403189903503092 0
v -0.003750316330716982 0.02206262710489683 -0.007724670356034975 0
v -0.003909006254792562 0.02200644946275442 -0.004952344784688198 0
v -0.004306484174417936 0.02198476204658489 -0.003123474952814049 0
v 0.002830913129035074 0.02072049428157943 -0.006358994113359097 0
v -0.003534334279530442 0.02205565619178273 0.00196730797966103 0
v -0.00342568705234842 0.02198008507864143 0.003836603863523014 0
v -0.003679091289900063 0.02194199769158705 0.006634440029329383 0
v 0.0064003177428025 0.02052499263409592 0.005741561687204141 0
v -0.002070972285666793 0.02038422135344328 -0.00976753503320104 0
v 0.0100894279846324 0.02057911612923889 0.006659736473427099 0
v -0.001072135036961467 0.02038466769774543 -0.00348606607162696 0
v -0.001748120469575234 0.02071500636693344 -0.0002080413091514868 0
v -0.0009702039007968932 0.02040959982651137 0.002304646681840382 0
v -0.001152805279453686 0.02034020486736917 0.004596860214105828 0
v -0.001502125734283048 0.02043449030791946 0.006594639149538498 0
v -0.00155256229954375 0.0205568423463198 0.008601672698000785 0
v -0.001090191975330153 0.02203384820490731 -0.005442993080922699 0
v -0.001398334714553549 0.02191438568246036 -0.002686337807582341 0
v -0.001351211445895524 0.02209345769682465 -0.000737818794051295 0
v -0.0007087250178691625 0.02194798912495645 0.002029570950365103 0
v 0.00032402167150417 0.02059653446348811 -0.009739889636860465 0
v 0.002021820504191426 0.022 0.009875 0
v 0.001179772538037946 0.02055606519886952 -0.005152523330863643 0
v 0.001229418179359594 0.0205685365961668 -0.00302075435964362 0
v 0.000677340192699462 0.02056799574286627 0.001868191489599811 0
v 0.001138093286795432 0.02051871616745434 0.004509725159416238 0
v 0.0004125347257561764 0.02053818103537909 0.007019513786319861 0
v 0.004157826430310397 0.0231581866733348 0.0006016232211862666 0
v 0.0006219450831819168 0.02195405825313307 -0.0049059476905587 0
v 0.001227224481185101 0.02197700118655436 -0.003068301889044747 0
v 0.0009840988463936031 0.02194795503221163 -0.0005648843371988729 0
v 0.001035539172688023 0.02201831339809963 0.002178071114764851 0
v 0.0009457372759321405 0.0220668665714006 0.004471391274325579 0
v -0.01022610116319281 0.0205058304178045 0.00578145171736493 0
v -0.005076784679368602 0.02158809472449887 -0.001847359791888638 0
v 0.003086324430760564 0.02065752711182546 -0.009737478282825071 0
v 0.004138204547572159 0.02148053059796651 -0.008727843183266042 0
v -0.006371666975849855 0.023116676719675 0.001774387239613726 0
v -0.001014395202206324 0.02012341554610498 -0.008659099747844769 0
v 0.003062874406312099 0.02041925920358511 -0.0006930917704835586 0
v 0.002967246084077615 0.02043497942655303 0.004181512492085195 0
v 0.00325268753206186 0.02034645000720465 0.006560393296233351 0
v 0.001252515126693418 0.02052152953059978 -0.008508715463347614 0
v 0.003119776456288473 0.02194872288271167 -0.007454738995038773 0
v 0.002929913115076877 0.02207165110412972 -0.002911013569311421 0
v 0.009876871136832719 0.02038449054306854 -6.126044061668705e-05 0
v 0.006126074364528046 0.02227988480394955 -0.001636266915115644 0
v 0.003414217564005603 0.02193732174618915 0.004141681290009282 0
v 0.002961332793278529 0.02224545885214081 0.006710993851044025 0
v 0.002749364385777178 0.01925 -0.001109031073614099 0
v 0.004577304624338619 0.02035503821617657 -0.009836367828156783 0
v 0.005368681888823698 0.0204169780862328 -0.007625710305992904 0
v 0.00539837393258664 0.02042776103985956 -0.004741730339786776 0
v 0.005332015066830928 0.02052885353668377 -0.00313899529130019 0
v 0.004828030639769611 0.0204804430591705 1.796430670878025e-05 0
v 0.005155180714264621 0.02041314571665802 0.002013247339756155 0
v 0.00524227655727744 0.02064638065096339 0.007014767920232068 0
v 0.0001793716448646598 0.02194099188024237 0.007137072088073209 0
v 0.006128585459170459 0.02135962567985649 0.0008721804129724014 0
v -0.009276726704651869 0.02168320423638755 0.0006387742254876598 0
v 0.005573882785342404 0.02188995686474926 -0.002748578589412512 0
v -0.001606941600144715 0.02209540967758188 0.0007857186789973606 0
v 0.005119167176336079 0.02192621664969873 0.004545679385341892 0
v 0.009496589622982018 0.02008837678381985 0.007759357586557222 0
v 0.007327518388792346 0.02066110826547257 -0.009462474578916288 0
v 0.007391919454933274 0.02045383784635858 -0.007609851681871799 0
v 0.00715074084947344 0.0205039842003582 -0.004745349281280945 0
v 0.007246221614948241 0.02034978235355855 -0.002984298005508503 0
v 0.007538292561460428 0.02059826447001593 -0.0007946530373701324 0
v 0.006925861010915578 0.02034091559674862 0.002109929233957218 0
v 0.007253962926025202 0.02059790693985525 0.004302347495843584 0
v 0.007267995578039447 0.0202517164155961 0.006904917756050801 0
v 0.00706282423721229 0.02193062484524577 -0.004934036726083846 0
v 0.007933168868736488 0.02170581293968997 0.006493618705851445 0
v 0.009180750089609798 0.02038207477371452 -0.009791855320375409 0
v 0.009875620648606838 0.02036031408109471 -0.006783309039330413 0
v 0.009930228653721078 0.02052320579263338 -0.004944283532824151 0
v 0.009779653473328443 0.02063977861050769 -0.002857803524224974 0
v -0.00509595064748469 0.02051651390570632 0.007078198745699966 0
v 0.002027163223972663 0.02013272480875731 -0.002390059435876504 0
v -0.0004030296106215853 0.02073159220149975 -0.006061919760407122 0
v -0.003352189590399312 0.0220000019738449 -0.010875 0
v 0.009821196896888157 0.02214961937903639 -0.007862645485849622 0
v 0.009391760687536502 0.02203996682529882 -0.002524889827512854 0
v -0.001411975668348642 0.02304377405038769 -0.006948680384968421 0
v 0.00988171111476163 0.0219006150655836 0.00673558043408806 0
v 0.0115752783267285 0.01991811678896432 -0.00996483655409078 0
v 0.01127591428755148 0.02078767240187739 -0.007759614169192719 0
v 0.01147343992968764 0.02250995047098405 -0.003072181960980891 0
v 0.001822125273440809 0.02220885947265171 0.001100824772081763 0
v 0.01143815493865514 0.02033973056381551 0.008829499502261187 0
v 0.00769155745265361 0.02185068650108118 0.0006028142858154371 0
v 0.004875243496389625 0.02212299552726764 0.006232531251519079 0
v -0.0104656256893639 0.02147437258971007 0.008831055689799989 0
v 0.01109067561392359 0.02096594635166642 0.004940940126128164 0
v 0.001930824148227151 0.02078116129407399 0.008686482933339595 0
v -0.005099882950872796 0.02032864215297997 -0.008155045516007797 0
v -0.003339828871223945 0.02250282010756731 -0.009993281054323275 0
v 0.001566640989074662 0.02072676253222812 -0.0006120529830442651 0
v 0.007136144716202538 0.02180058535789 -0.003394487364632302 0
v -0.008184869123708074 0.02060104435898091 0.007742616015910429 0
v -0.009769639812178578 0.0204955169287496 -0.010875 0
v 0.01129676703413723 0.0214194731893087 -0.005145369583673852 0
v -0.006455105410754963 0.02168864178216592 0.0004035080937889611 0
v -0.001344411314755488 0.02306484210350469 0.005566429766016913 0
v 0.006036378283775175 0.02181683077244644 0.006022357783473222 0
v 0.01018544575519965 0.01925 -0.007428861632092497 0
v -0.003088757337148459 0.02306198088701052 0.005228669006134822 0
v 0.008342290011831682 0.02212854955361562 -0.005248661632951459 0
v -0.006783861964587861 0.02030394470312066 0.006736457756936707 0
v -0.007197220091275061 0.02158487736778449 0.002531404167460019 0
v 0.006375652512661431 0.02160355011611621 0.003141726490662113 0
v 0.01098297554862896 0.01925 0.001235111369097304 0
v -0.008999612150179826 0.02145875742172841 0.003176319228228243 0
v -0.004899385531606374 0.02180238402338368 0.003057329897249568 0
v -0.002234304607511249 0.02122827246081121 0.003198579126724476 0
v -0.0001122826816464514 0.02142438473557339 0.00348531777260766 0
v 0.001938018163369704 0.02139181980863942 0.003169588511811955 0
v 0.006501648733219047 0.0210985462093845 -0.002028028808534376 0
v 0.008624737166509387 0.02144971240581666 -0.004085401878514092 0
v 0.008217442605421897 0.0216681156528815 -0.002012384578138357 0
v -0.009426901037715483 0.02135910933175655 -0.004541558152981555 0
v -0.00866757565490767 0.02155705732248381 -0.001456184564558986 0
v -0.00703566815024833 0.02171598956927131 -0.004357310847138735 0
v 0.003402786582732439 0.02207607124481535 -0.001362856784461849 0
v -0.002863815518394193 0.02108994073171403 -0.003815560125869954 0
v -0.003046888225617022 0.02161707516452629 -0.001626215300078601 0
v 0.005344035235007926 0.02194492384077262 0.007419835542905552 0
v 0.01147780486263152 0.02143591074567904 -0.000776824554286744 0
v 0.003284155850443189 0.02194612363722391 0.002462094082701525 0
v 0.002053051147108971 0.02130218406816143 -0.001760211263713926 0
v 0.006568177825788749 0.02104651314502108 -0.006315892503165837 0
v 0.007863207244583876 0.02181239263366903 -0.006662309413884063 0
v 0.008422036450864631 0.02084710281194264 0.00569744003686166 0
v -0.002765073204754619 0.02048127872666657 -0.010875 0
v -0.005098465285824303 0.02316097977679136 0.0001070636390808278 0
v -0.01107245498267292 0.02134192326153852 -0.006464463631743813 0
v -0.001270761918772078 0.02153721021709129 0.004286642298980842 0
v -0.008653095987645456 0.02088731876255694 -0.006189367316701902 0
v -0.006991491848852568 0.02070569779342491 0.005420051042735779 0
v -0.004523004842953318 0.02134760406196203 -0.009163389760467117 0
v -0.004556516106245039 0.02143197367994885 0.001087658345747452 0
v -0.004090160732151425 0.02125598140353465 0.005458421563428807 0
v -0.004245305761258722 0.02155258293216963 0.00818225857036195 0
v -0.002331808253644316 0.02094982061311914 0.001278558917688399 0
v -0.001578187569350875 0.02322680806666327 -0.000605976572057315 0
v -0.002201297594296586 0.02166879800660007 0.00517530482346997 0
v -0.001355714488542767 0.02318380012846485 0.00195680461397419 0
v -0.0004134646809861331 0.02142315802677177 0.0006225984912571398 0
v -0.0003724637967710749 0.02139680954548517 0.0056622176107909 0
v 0.002293778761374764 0.0213934440681606 0.005457249824693655 0
v -0.01110945731505405 0.01925 -0.007831715053932271 0
v -0.01108417524650148 0.01925 -0.00608833238813882 0
v 0.004175074232506182 0.02109762018491001 0.005494898238109855 0
v 0.01072939065075625 0.0215969554296772 -0.00671054905938004 0
v -0.01090900853490247 0.01925 -0.003608856457440242 0
v -0.01105916815795794 0.01925 -0.0009070684372742468 0
v -0.01082484758458881 0.01925 0.001061288939614161 0
v 0.009282193080937735 0.01925 -0.008406434561346413 0
v -0.01089715927398044 0.01925 0.003513021718186033 0
v -0.005222244168285957 0.02047863288396364 0.002592648617919152 0
v -0.01105131554630422 0.01925 0.006336934697658739 0
v -0.005574474387465252 0.02020390030037782 -0.003582546908363058 0
v 0.0003507990928660118 0.02130480840117412 0.008542419214591158 0
v -0.009880453943831425 0.01925 -0.009903996589255136 0
v -0.008430430395078761 0.01925 -0.008938230177154578 0
v 0.0106468591350609 0.02161875155933792 -0.002246254857613132 0
v -0.003827184706012582 0.02316874578626003 0.0007346109485953805 0
v -0.008610867456151545 0.01925 -0.005826070079068563 0
v -0.008724334555810009 0.01925 -0.003865248028802783 0
v 0.01112693930156895 0.02083128382034341 0.0004806996432495587 0
v -0.008627852512523548 0.01925 -0.001332827136897405 0
v -0.008745036037846496 0.01925 0.001310550194612877 0
v -0.008478133411768181 0.01925 0.003350486663533018 0
v -0.008943165960730765 0.01925 0.005984555359514754 0
v -0.01026606495995622 0.01925 0.008575112177805808 0
v -0.008807538857846095 0.01925 0.008493345555028496 0
v 0.008676853992465554 0.02080634399724579 0.007378553208102958 0
v -0.004448094243111558 0.0231293505631054 -0.003729342562861571 0
v 0.01060511178060326 0.01925 -0.008796848816553685 0
v 0.003862424876408382 0.02166196788776653 -0.0002898740240507129 0
v -0.006663525568775066 0.01925 -0.007824550600598518 0
v 0.004470766620943661 0.02205866679170626 -0.00649912321366047 0
v -0.002341292894842482 0.02030953360818105 -0.002479944186457482 0
v -0.01166503523104108 0.01925 -0.002333601333282655 0
v -0.006810988766387853 0.01925 -0.005724425281114331 0
v -0.006831938781914782 0.01925 -0.003340742500975485 0
v -0.003025594565439049 0.01925 0.00904093935830718 0
v -0.006527159057244367 0.01925 -0.001501042065611205 0
v 0.00143630536452607 0.01925 0.002747771011321086 0
v -0.006381545227253221 0.01925 0.0009995897090918845 0
v 0.001345381810863964 0.01925 -0.00203566952639834 0
v 0.008050014657936533 0.01925 0.005140639544394462 0
v -0.007876963055411459 0.01925 -0.007107404675215619 0
v -0.00644759032683937 0.01925 0.003532543394351691 0
v -0.002581865143009962 0.0212533405863831 0.007520500045136392 0
v -0.006275784496878231 0.01925 0.006090007174541858 0
v 0.004377640358267213 0.02317032910320403 -0.0005495899964598682 0
v 0.000607728890221405 0.02030182372160682 -0.00661962836591632 0
v -0.006902963937552365 0.01925 0.008583557373581548 0
v -0.0004892618797267396 0.02020645193713501 0.007923413857157677 0
v -0.009144484380279937 0.02223111471292223 0.002002674193459443 0
v -0.004848667754632995 0.02303183563734107 0.005656166787098557 0
v 0.01121828075495985 0.01925 0.007668702277138013 0
v -0.005025306696610791 0.0225224205835154 0.008933057028899015 0
v -0.004350744663306478 0.01925 -0.005311847235493488 0
v -0.004606873926383026 0.02192214812707046 -0.0005044429755880109 0
v -0.006248644004800981 0.0210789949517557 -0.008270429249444187 0
v -0.01056774395613805 0.02142577483498083 0.0006782843601426606 0
v 0.002876605650122888 0.02044801746646627 -0.001950922816917012 0
v -0.004370490730059391 0.01925 -0.0009031240709776131 0
v 0.003913321021273121 0.02314362100890756 0.00177343111373872 0
v -0.004521906926988626 0.01925 0.001214828562569876 0
v -0.01040091340467394 0.02155405648630334 -0.001306406220915628 0
v -0.004566518793116676 0.01925 0.003646301031883195 0
v -0.01061618963097836 0.02033764999015493 -0.009870994289243033 0
v -0.004413219089394156 0.01925 0.00594389645592272 0
v 0.0005123507931648649 0.02180263675010295 -0.008908931039223798 0
v -0.0009956587533840827 0.02126915697116435 -0.009367954777114341 0
v -0.00413897123777677 0.01925 0.008201127135681106 0
v 0.01010168989299536 0.02167607125865228 -0.001063008983740089 0
v -0.01080068817023558 0.02175573517311285 0.007907022269715628 0
v -0.003818510135362933 0.01925 -0.003557726359822284 0
v -0.00198501233367466 0.01925 -0.003539718095267609 0
v 0.009904993738196049 0.02193496736995387 -0.003757733702233692 0
v -0.001884539051945 0.01925 -0.001100557363000606 0
v 0.008083390601848792 0.01925 0.002434031213158718 0
v 0.007895132418577439 0.01925 -0.005308819962710201 0
v -0.001976525952359573 0.01925 0.001113049445954815 0
v 0.008418950731790411 0.01925 -0.00705805126809354 0
v 0.007408666197068499 0.01925 -5.101566605552298e-05 0
v 0.003786856190182739 0.01925 0.003106391137161452 0
v -0.001963474350445726 0.01925 0.003474101563879407 0
v -0.01175698097687612 0.0215769770464691 -0.001471295468931132 0
v 0.001741083602090208 0.02246082669613183 0.003182093974491654 0
v -0.00199829797810009 0.01925 0.005945015403634301 0
v -0.009073182413590624 0.02167809314307577 -0.00852677039389566 0
v -0.009073073165444461 0.02180459102103357 0.007511277586887425 0
v -0.001749926068859632 0.01925 0.007947676490468843 0
v 0.008676103797273826 0.02165388124723604 -0.008375235490966814 0
v 0.005372628879129445 0.02042488085869831 -0.001539867376324652 0
v 0.01119044750165844 0.02114598582509564 -0.003433332699902919 0
v 0.01121745613361946 0.02133807498876177 0.003160369698807202 0
v -0.01173957786292103 0.02139860410165494 0.0030595619573848 0
v -0.0002359838146040877 0.01925 -0.0004485890715642355 0
v 0.00011128557491011 0.01925 0.001440510931133769 0
v -0.006219440220934014 0.02139670392078146 0.003243182704480853 0
v 0.0009107304462258227 0.02185636431681917 -0.006375207564001862 0
v 6.740914332745672e-05 0.01925 0.003381736426105815 0
v -0.01085103001828583 0.02063785824404582 -0.004052156515052641 0
v 0.000162283943845154 0.01925 0.005660282966022842 0
v 0.0004410768265417624 0.01925 0.008124418026054386 0
v -0.00200241141789612 0.01925 -0.004882781756756759 0
v 0.007549312380671452 0.02307980802465891 -0.000500000048414437 0
v -0.01171646662687167 0.02136933100308778 0.005714224736376587 0
v 0.009827352527825224 0.02118888569766771 0.003109155605535371 0
v -0.008670504085763088 0.02189338268131007 -0.007153303456433112 0
v 0.002318206460949193 0.01925 0.001843587631144984 0
v -0.002251162181581006 0.02281869184145315 -0.009089197945657535 0
v 0.002234614844118412 0.01925 0.004176422375904617 0
v 0.00236139410443487 0.01925 0.005641520661802828 0
v 0.002580028295231754 0.01925 0.008261922654662052 0
v 0.004640782735480683 0.01925 0.005828274281361982 0
v 0.004621243423909988 0.01925 0.008528155572902762 0
v 0.009872837900512993 0.02048872943980717 0.001521297659027999 0
v 0.005280952891988013 0.01925 0.004162895249060605 0
v 0.004570001470215745 0.02247183616672686 -0.01004626811254911 0
v 0.007113765905112118 0.01925 0.006400417972981662 0
v 0.002532447648692661 0.02298734516145378 0.007023643124770442 0
v 0.006816322731619046 0.01925 0.008333122316474522 0
v -0.008429337337519213 0.02193940913993427 -0.005331052591081002 0
v 0.008553690719693677 0.02164606209167438 0.001982932940864333 0
v 0.008968679927858932 0.01925 0.006709950540052221 0
v 0.01064439845405907 0.02167368277053879 0.001679847326275981 0
v 0.009455925354469617 0.01925 0.008619579287789808 0
v 0.002732485572286277 0.02084501615854147 -0.008336336284881715 0
v 0.007536514962900138 0.02302337068701787 -0.005267495734280583 0
v -0.01118719406343096 0.02004998557717194 0.007686168185167977 0
v 0.01104369813618887 0.01925 0.002633910538552288 0
v 0.01107359844695741 0.01925 -0.004480232749065134 0
v 0.01089801219970913 0.01925 -0.0002309267095142193 0
v 0.01108587510592971 0.01925 0.004833355504930355 0
v 0.005655356926528794 0.02008492221497408 0.00838015382305613 0
v 0.005653031118487179 0.02152183320008351 -0.009264032925602083 0
v -0.008296798273434656 0.02303849507002365 -0.002811668970815909 0
v -0.01065660298105075 0.02061527838219893 0.004350423059420867 0
v 0.004419130786753366 0.01999650868414487 -0.003025022290377573 0
v -0.007751171899368338 0.02309093567525018 -0.0005885357395258241 0
v -0.005768201762966713 0.02312743472845538 -0.002777323700646502 0
v 0.012375 0.02046859219227142 -0.007316027085417656 0
v 0.012375 0.02003456576426505 -0.005308520932881939 0
v -0.001575751605638267 0.02028103205703062 -0.006391912920786997 0
v -0.004495701342825938 0.02312149999760667 0.003231827709435707 0
v 0.002999577218640148 0.0201536187135395 0.008989775030009873 0
v 0.001055472662533348 0.0216863197300791 0.006358781067817015 0
v -0.005500676018146843 0.01925 0.008969164807076362 0
v 0.002726254317155618 0.02238028753704403 0.003114377984544013 0
v 0.01070009884353244 0.01925 -0.009804470297480156 0
v 0.006077204168543209 0.02283796962724665 0.007963063123362209 0
v -0.007447330797000771 0.02191009774117823 -0.00810145575760148 0
v 0.01225519213597035 0.02066360717277175 -0.009956959332822736 0
v -0.007414315067471546 0.01925 -0.009700488049725557 0
v 0.003560725909108984 0.01925 -0.009824569863957846 0
v -0.002616944220193889 0.02314842419329796 -0.003917414707734449 0
v -0.003884623178129177 0.02004799586044718 0.005066435362758925 0
v -0.012875 0.022 0.005595291266942286 0
v 0.003239921339303663 0.02250981398063992 0.008972143872841157 0
v -0.006422766232077068 0.0220000004648651 -0.010875 0
v 0.001762880455122829 0.02139007419057221 -0.009709752441316055 0
v -0.00862671924693733 0.01926821958280252 -0.010875 0
v -0.005893291460330645 0.02029425621650394 -0.010875 0
v -0.00660620869182404 0.02033058076577682 -0.003941514784575712 0
v -0.005118973262067378 0.02206531956993545 -0.008690984722370251 0
v 0.01117679992960733 0.01925 0.006219152151034873 0
v -0.009808214123813984 0.01925 -0.005889020966862293 0
v 0.003565094526624161 0.02191136162499128 0.007986148392040697 0
v 0.01016425129324207 0.0217484529650293 -0.00495266790849957 0
v -0.007934245903936609 0.02302821320617705 -0.005224907250790233 0
v -0.009846132765947795 0.02298883164755593 -0.003037876456151068 0
v 0.006657974711409185 0.02163751410854059 0.007134396598426471 0
v -0.0006537981761501366 0.02230224489895701 0.00475685509458207 0
v -0.007272964942939545 0.02171981960572589 0.00727337442686197 0
v 0.003140179976734934 0.02224353160804524 0.001308396254061548 0
v 0.003363748950479748 0.02204901271189009 -0.006149946671966871 0
v 0.004326013495956222 0.02298181683238836 -0.007948310513124083 0
v 0.008604223336018662 0.02023298993094593 0.001922676595518762 0
v -0.008429310275128152 0.02285503524432277 0.00780338378836048 0
v 0.008424466738758168 0.02065639953795219 -0.005842987868073866 0
v -0.007934547611571838 0.02293833613873658 0.007180507622128187 0
v -0.007021829558858243 0.02185162013731441 0.004001700970141134 0
v -0.01138238107864964 0.02027661688531321 -0.008833638400192313 0
v 0.006799818992591159 0.02196852171311449 -0.0006469632046597319 0
v 0.007027797966092399 0.02184396064534456 0.001955551691325227 0
v -0.012875 0.0200716766464529 0.0001595456332102009 0
v -0.01048610385347212 0.02174905121860963 -0.009233686459655312 0
v -0.009280975297548403 0.02148246062774181 -0.009794023943098432 0
v 0.008363425673024096 0.02146850624134437 0.0086716208940683 0
v 0.008728644517328129 0.02162392784906705 -0.009692818134193103 0
v 0.007929718212514139 0.01925 -0.009750081038419749 0
v 0.007945282428056127 0.02234136598275953 -0.01030101312304892 0
v 0.004302917472065479 0.02219600229476491 0.00209321805901781 0
v 0.006489000499117411 0.02111124629890509 0.008502244048697153 0
v -0.007377354499677677 0.02120321663722107 0.008875083971116736 0
v -0.007456247792203804 0.02143395872214315 -0.009571149457183027 0
v -0.004248350163954363 0.02033964435559407 -0.007131172164897393 0
v 0.005202193147885866 0.0204748771076384 -0.006081002212684287 0
v 0.004436170100868619 0.02312499373077254 -0.003629055931892718 0
v -0.012875 0.0206131202929626 -0.004017204735391231 0
v -0.01275734569438407 0.02043697550129147 -0.009948668113725986 0
v 0.009228330206205356 0.02040444223425376 0.004345841093899947 0
v 0.005532206260796149 0.02230179717500807 0.000448432745439015 0
v -0.007825894259365208 0.02302845570915236 0.004305790159650423 0
v -0.001561015459087875 0.02299382293216193 -0.008035375218502578 0
v 0.01122508732063739 0.02259251538830114 -0.006272285133483548 0
v -0.01030156534808676 0.02185834900751859 0.003008824188167256 0
v -0.007973214417547071 0.02201865182149644 0.003151662697776521 0
v 0.01142098875971594 0.02252553953992526 -0.004582933897325908 0
v 0.005131958132454673 0.02156062079890777 0.002809064025204123 0
v -0.005748946876601818 0.01925 -0.004572375442981897 0
v 0.001146285103086283 0.02299686795652019 0.006946523458118666 0
v 0.004005658471341769 0.02298016673719202 0.007029756553480856 0
v -0.01004642938914277 0.01925 -0.008649882723430032 0
v 0.004483992225568484 0.0228330685851153 0.008022629059831645 0
v 0.005116914994661821 0.02127408328243932 -0.0041380517295485 0
v 0.01152516088479919 0.02066076301263748 -0.01072561462277469 0
v -0.001391516799276001 0.02164754279348736 -0.006648080752216477 0
v 0.01056518596405983 0.02029273192209771 0.007952918698045692 0
v -0.01189116949945403 0.02014471951840988 -0.006317952241599679 0
v -0.003269612835621859 0.02008745218637221 -0.001416336481337444 0
v -0.008157816472986827 0.02177152939997992 0.005747849904777618 0
v -0.002444507348024018 0.0229906637741363 0.00700950541449998 0
v -0.0009103878601137887 0.02300267237165968 0.006886276898759611 0
v -0.005567899588109563 0.02099356075936289 0.005652028601897985 0
v -0.005874727963490898 0.02152442154858904 0.008308282155547866 0
v -0.00800710735827294 0.02272162695452666 0.008359686172496173 0
v 0.002576209167815551 0.02188370135781231 -1.918525856370597e-06 0
v 0.004894529279382354 0.02124121656356651 0.008179720853555974 0
v -0.012875 0.02039616926268437 -0.005272901209860071 0
v 0.00952108043549867 0.02199983518668052 -0.0108712576010043 0
v 0.012375 0.01925 0.002330413098631206 0
v -0.009440058422858439 0.0214537741863856 0.006200375549757218 0
v 0.01096419563917076 0.02052296753221622 0.001945596360194043 0
v 0.002941562132165677 0.02307702998179084 0.004865555038308391 0
v 0.008251611502861458 0.02296803642147974 -0.006305712952677721 0
v -0.008607668700022202 0.0229678805164428 -0.006428752093915501 0
v -0.003688142474107609 0.02081783238310723 -0.008048770809641193 0
v 0.002950302924126141 0.02133881214423371 -0.005175762724385742 0
v 0.002650238246242042 0.02078822663291225 -0.003000578516947261 0
v 0.00823653772332786 0.02275123279371045 0.008277693796000588 0
v 0.008231550872584852 0.02302061233615181 -0.003546382706762192 0
v -0.01187344045749826 0.02147662007223333 0.001322053657817675 0
v 0.002303546252870142 0.02241484919823123 -0.001317381555877498 0
v 0.012375 0.02200863083171125 -0.00521001303667369 0
v 0.011750464379228 0.02236792483333051 -0.005772412648369864 0
v -0.012875 0.02078498225564175 -0.006575584340049427 0
v 0.008601103994610948 0.02019824264133589 -0.00879190519232745 0
v 0.0001902638566524696 0.0230653661964642 0.005703447678604076 0
v 0.006827783024041896 0.02280055172184972 -0.009120700498799993 0
v 0.006562818247608253 0.02249824140430842 -0.009994817046886121 0
v -0.008117106213847055 0.02176343546621087 0.008483862691546079 0
v 0.003404576965384196 0.02047222924353664 0.007839667853791589 0
v 0.002741861494344657 0.02318084974402603 0.0005927743731200493 0
v -0.00248098148633074 0.02233218915405938 -0.004954909240623875 0
v 0.012375 0.01925 0.007012903396348772 0
v 0.001634640725593093 0.02312908288395133 -0.005177139027561094 0
v 0.007532470496210987 0.02189495748202546 -0.00910110248132882 0
v 0.009617120643673815 0.01925 -0.009609155931305135 0
v 0.009382291644987228 0.01925 -0.006113300429068889 0
v -0.007170304466184659 0.02017231891686256 0.0009487679795567509 0
v 0.0110276311650455 0.01925 -0.00606857207239998 0
v 0.009228598715346075 0.01925 -0.003316665878302 0
v 0.012375 0.022 -0.001087250342601272 0
v 0.009672708772098932 0.01925 -0.001182231879281822 0
v 0.009622135549719392 0.01925 0.001010033137434068 0
v 0.00960102872560219 0.01925 0.003253275178590885 0
v 0.012375 0.02069837931476762 0.003091330661283612 0
v 0.008765057012909479 0.02029538601850767 0.008716013413823177 0
v -0.01148032893202266 0.02142314352311749 -0.002967231751560738 0
v -0.001896688773908251 0.02200000104774649 -0.010875 0
v -6.88159747360325e-05 0.02091606268678915 -0.0005129389906239263 0
v 0.002419534866821563 0.02110095531672084 0.001708943512782908 0
v -0.006383638254407284 0.02105972005873295 0.009875 0
v 0.012375 0.01925 -0.007312401075559142 0
v 0.012375 0.01925 -0.006019585761632797 0
v -0.01191089635649696 0.01925 0.001991919116224102 0
v -0.002462318544731962 0.02318575005224378 0.0007021305456240509 0
v 0.008641982736087066 0.02183594575087069 -0.0005566404131081117 0
v 0.01049234418822156 0.02284156823591955 0.002254509841432572 0
v 0.009353554237921238 0.02011456812318831 0.005638406655244013 0
v 0.007397466334127883 0.02003385972851748 -0.006178207770072145 0
v -0.0107782601713511 0.02152722632516606 -0.005155108985830192 0
v 0.0008843233249448612 0.0207247856551075 -0.010875 0
v 0.003630896968524287 0.02049097890286299 -0.010875 0
v 0.005161189462339837 0.02068487621972129 -0.010875 0
v -0.004684051272208069 0.02195197747982367 0.004478685569821268 0
v -0.002607718126880973 0.02148727516747865 -0.005542005303246824 0
v -0.002944208424264616 0.02194360826903043 0.0002789361477678578 0
v 0.001650594870734124 0.02297780122101511 -0.008027305005526121 0
v -0.000138758072471346 0.02107950388875891 -0.007777736838591351 0
v 0.003120441376479277 0.02310752233623383 -0.005250181423908143 0
v 0.001997400744710938 0.02157026956472493 0.007362195871799325 0
v 0.004063694880986036 0.021001766898501 0.004196232659055955 0
v 0.003980216508199657 0.02161821467872254 0.006931279775640586 0
v 0.009884232486597257 0.02118823329610665 -0.007800985223618743 0
v -0.003574126954854054 0.02284428951232547 0.007965781848581217 0
v -0.01231169445897693 0.02007480128108916 -0.01054491327099556 0
v -0.005700399217794999 0.02045831200828399 0.001227529543969525 0
v 0.01048316946868576 0.02027272767593954 0.009281053820042424 0
v -0.000838641846713041 0.02032698725122788 -0.010875 0
v 0.009749035507446192 0.02066962183346468 -0.010875 0
v -0.009016691579459496 0.02295729082587593 0.005783258662420082 0
v 0.005450026951721493 0.01925 0.002751165484771324 0
v 0.009673692650945379 0.01925 0.005075992620118236 0
v -0.001527237515825294 0.02174041084978521 -0.004195779601495937 0
v 0.009629690163079007 0.02061021482411498 0.009875000347002944 0
v 0.003589137602818013 0.0206637431551878 0.009875 0
v 0.005247120066007417 0.02048079201517078 0.009875 0
v 0.00646434991151152 0.01998981721989083 -0.005633671289950579 0
v 0.01147339244742964 0.02250930380785122 0.002580920365229633 0
v -0.009885768811330039 0.01925 0.00227039615080859 0
v 0.01179967338671152 0.02233925719863888 0.006043359761120717 0
v -0.009523620903852619 0.0203596779904023 0.00349688244547672 0
v -0.007622108434493309 0.02055543775969211 0.003383396102443021 0
v 0.011417918645204 0.02253059977117386 0.0004865402111848458 0
v 0.001697884631342158 0.02022994217313161 0.003115302096028093 0
v -0.003077638394674509 0.01925244142911679 0.009875 0
v -0.006223499001266611 0.02115372999253924 -0.003405434454936008 0
v -0.01199659305273359 0.01925 -0.00697749570252784 0
v 0.008582725000506592 0.02019737589157152 -0.004204028854150428 0
v 0.004687702303041385 0.01925 -0.004960732395271429 0
v -0.009740967874655873 0.01925 -0.0048823686756917 0
v -0.009943891409958777 0.01925 -0.002340369437078071 0
v 0.006285846319067815 0.02046926787285216 -0.008712078155842316 0
v -0.009890411569073337 0.01925 -0.0002333576315459371 0
v -0.009777370985146527 0.01925 0.004860580709660937 0
v -0.01038702894806043 0.01925 0.007374401653693264 0
v -0.005764709797831262 0.01925 0.002122589071109666 0
v -0.003307911003453873 0.01925 0.002307315470500288 0
v -0.0009881148675907024 0.01925 0.002204678189313347 0
v -0.002365234791025194 0.02013075402307526 0.002325879062543985 0
v 0.0009996012600115064 0.021692982619466 0.005430940935126497 0
v 0.00901908728667819 0.02050481022640168 -0.001196929489644986 0
v -0.007465657290150348 0.01925 0.00107431660706803 0
v -0.008374038130019605 0.02283424123165109 -0.008940446655536546 0
v 0.01204724978076105 0.02074504112473298 0.009310859730332119 0
v -0.004548375755220082 0.02061756718458324 -0.00429474124374089 0
v -0.0002890442662120454 0.02225318235940369 -0.003941882953206679 0
v 0.0001729411514426121 0.02179604903477371 -0.002030502227619825 0
v 0.002084115888393896 0.02004330486443524 -0.00143027884189603 0
v 0.002083964469348702 0.02158927428387601 -0.00421897657945017 0
v -0.007380875014006683 0.01925 0.002241321089862844 0
v -0.005284416002424039 0.01925 -0.002488273381242011 0
v 0.007220094939654306 0.01925 -0.002901889637713854 0
v -0.001211652847696282 0.01925 -0.009913351149550352 0
v 0.005606277212378535 0.01925 -0.002505656326590213 0
v 0.001498886442006245 0.02319242058816056 -0.002005430257932776 0
v -0.0007222630794076479 0.01925 -0.00478870707631484 0
v 0.001036461028842545 0.01925 -0.004920563707255088 0
v 0.005880495103932846 0.01925 -0.005070670154571117 0
v 0.003017166605115305 0.02315855240541171 -0.002498180567254282 0
v 0.00299945294865323 0.02319485262546848 -0.0006788405347771161 0
v 0.005527936861039509 0.02313118690649117 -0.002305156709104925 0
v -0.009466800263827442 0.02042196099127526 -0.009113624962837026 0
v -0.007180020566716043 0.020249030355195 -0.006542821629382095 0
v -0.007021029616984578 0.02171059561156478 -0.00637642094866691 0
v -0.01197232819030054 0.01925 -0.008610033611759214 0
v 0.01047153199820144 0.02284940369983582 0.0007021303707204834 0
v -0.009894838934498816 0.02299452655532611 -0.001810944021742618 0
v -0.00815057062305956 0.01925 -0.002581442735013229 0
v -0.005143941544304684 0.01925 -0.006732096318696287 0
v -0.00568402942714683 0.01925 -0.0001557568001234319 0
v -0.005819114406474177 0.01925 0.007410690896902042 0
v 0.00751244034026736 0.0230237553784714 0.004276939422196816 0
v -0.003293293498247325 0.01925 -0.0001992556802135363 0
v -0.003248618875990376 0.01925 0.004730614057094552 0
v -0.003127605516330912 0.01925 0.007028060079992867 0
v -0.001048358300456669 0.01925 0.00466819675402702 0
v -0.0007247890098896863 0.01925 0.007093615508271848 0
v 0.001118316981462281 0.01925 0.007020602455315707 0
v 0.005828548712670786 0.01925 0.007160587472653338 0
v -0.00323529443395497 0.01925 -0.007265034000536422 0
v -0.001087606426650014 0.01925 -0.007330855334355453 0
v 0.0008591102039874825 0.01925 -0.007491850348818687 0
v 0.003405118182728697 0.01925 -0.002379980544044121 0
v 0.005218942481731039 0.01925 -0.007414059281297049 0
v 0.005682086899411259 0.01925 -4.552858162483117e-05 0
v -0.007746046186499165 0.01925 -0.004639040236187546 0
v 0.00344292261149508 0.01925 -0.005020836248580897 0
v 0.01208545399873439 0.02048081507680659 -0.01025459047246651 0
v 0.004669826472738909 0.01998142209080389 -0.002154387944887617 0
v -0.01275533308792811 0.02053337769550601 0.008955332178658659 0
v -0.006698071826329095 0.02038381286505991 0.007942468107959164 0
v -0.006831730314733866 0.02201632260723525 0.00550375338407093 0
v -0.01196911327421447 0.02251152173847192 -0.002977708658992613 0
v -0.01102430029690819 0.02087095717553522 0.008184611259989231 0
v -0.00335220681724343 0.022 0.009875 0
v -0.0007128114701066982 0.02019876041751387 0.0007460635417107098 0
v -0.005856539221350801 0.02006101495907956 0.009875 0
v -0.004767594051455359 0.0208251828419478 0.009875 0
v -0.001066471057801701 0.02076922036355284 0.009875 0
v -0.009928176991779907 0.01925 0.009874999999999998 0
v -0.005781624515062047 0.022 0.009875 0
v 0.01093803124210363 0.02038542604405608 -0.001547433838221922 0
v 0.01044471109456128 0.02284834423445167 -0.003136004710191247 0
v -0.012875 0.0204690998584607 -0.00785702034875599 0
v -0.007477407965918432 0.01925 -0.0001114098832885446 0
v -0.007615170759755143 0.01925 0.004672489076675557 0
v -0.007489487606351375 0.01925 0.007302070167362384 0
v 0.001180091931360674 0.01925 0.0006215469899110253 0
v 0.001009125864911918 0.02291749775913228 -0.008518795895502215 0
v 0.003403857295514151 0.01925 0.00705581677422099 0
v 0.003618611706751144 0.01925 -0.007107794886301994 0
v 0.00391626141571309 0.02016965795559798 -0.008662154378622963 0
v -0.000666455396476651 0.0228436015707681 -0.009014890969021723 0
v 0.0100608853432516 0.02038580479621055 -0.008577762911895227 0
v -0.004582488558606631 0.02295274473984568 -0.008204842152271012 0
v -0.002170090914932229 0.02219296921615004 0.00187467587236104 0
v -0.005864174759476549 0.02310783717694174 -0.004050471792028828 0
v -0.003719468160861934 0.02284003685675464 -0.008993253915192203 0
v 0.01177595016583011 0.02039462126975809 0.009572132734914701 0
v -0.00293132030290859 0.01925 -0.009790839596504201 0
v 0.001251634939969416 0.01925 -0.009809865161131628 0
v -0.003517781832269016 0.0204136777201243 0.008478323815089861 0
v -0.002163196547955886 0.01996355906610648 -0.007129148765334356 0
v 0.003469954083889807 0.01925 -0.003692667660518186 0
v 0.012375 0.02036174494996669 0.006977840915965701 0
v -0.008845887826447577 0.01925 0.007198094313361355 0
v 0.005277603004214877 0.02303175812484736 -0.006545338412476082 0
v -0.004661237422332547 0.02315554238740807 -0.001747404902252557 0
v 0.012375 0.01994979034216837 -0.008539857848088316 0
v -0.012875 0.02040536200883146 0.006604680788598229 0
v -0.012875 0.02073002504561861 0.001867057203075741 0
v 0.012375 0.02074126819510651 -0.004096320274229892 0
v 0.006856881610189091 0.02078522827111823 0.009875 0
v 0.00538503644434624 0.02057256203243309 0.00442084445027975 0
v 0.008716289680978494 0.01925 -0.0003764167918170105 0
v 0.007656360460419539 0.02194861563121925 0.007814397889614964 0
v -0.005852777406146329 0.01925 -0.0092388877765002 0
v 0.006832872366854215 0.02299524250741973 -0.006558443178426116 0
v -0.012875 0.02083304953454479 -0.000612138176338465 0
v -0.007329188522350945 0.0229853656513072 -0.006816012715941905 0
v -0.012875 0.01925 -0.007712781524322907 0
v -0.012875 0.01925 -0.006084498971412185 0
v -0.012875 0.022 0.002836753936236749 0
v -0.012875 0.01925 -0.003129231467515059 0
v 0.008318490956558303 0.02042495369643139 -0.010875 0
v -0.012875 0.01925 -0.001275977788530247 0
v -0.004470621948301333 0.02308920566066145 0.004404775567674903 0
v -0.012875 0.01925 0.001146682248975688 0
v 2.101658673401265e-05 0.02041708839011696 -0.002599162762626219 0
v -0.012875 0.01925 0.004415384415908104 0
v -0.0003469729849276994 0.01925 -0.00210450835457986 0
v -0.012875 0.01925 0.006484558375711395 0
v 0.001305072705939582 0.0232033647279976 0.0006081102644620189 0
v -0.01183378118327582 0.01925 0.007389724441467688 0
v 0.01079433049484453 0.02011743400079086 0.003937462079731456 0
v 0.001221821947962783 0.02316182043262741 0.002773325326142763 0
v 0.01036523327657447 0.02000213445153977 -0.009817430919258317 0
v 0.0107418660642534 0.02182912485324433 -0.00829649099847833 0
v 0.006626565520158615 0.02307060576171516 -0.00378476277930725 0
v 0.005643716736303922 0.02312093937749537 0.001917010982358626 0
v -0.008642052749403367 0.02002884237114656 -0.00684764917181642 0
v 0.001062851986815994 0.02314367707815633 0.004030245593563665 0
v -0.008592635045191277 0.02233886378685301 -0.01030717080397196 0
v 0.005862734935696699 0.0201432492366939 0.001002842603696794 0
v 0.001017894515206372 0.02025080175864806 0.008204238799725119 0
v 0.005154356541020757 0.02185050065729951 -0.0008758519677381342 0
v 0.003796418002102876 0.02303705718626304 -0.006588640005430271 0
v -0.01180601139156352 0.01925 -0.004634185943900232 0
v -0.01196231455370664 0.01925 -3.069172108068405e-05 0
v -0.006800038286433736 0.01925 -0.004419620764591449 0
v -0.008696554096072151 0.0230305258018036 0.001046091763394755 0
v 0.008287828624416077 0.02303118732641072 0.0007333199038084282 0
v -0.008700249373396916 0.0230342530928554 -0.001773331764299736 0
v -0.002690566965260262 0.02037653905715825 0.004740775079688252 0
v 0.004151377508685902 0.02140435882241188 -0.01004073599479583 0
v -0.002706981028306971 0.02305389848792656 -0.00646687077515641 0
v 0.012375 0.02042077525005289 -0.0006463716829655992 0
v -0.001641403037085122 0.02246816028472149 0.009056135141781036 0
v 0.003550558739535004 0.02212045177282742 -0.004284912007193194 0
v -0.012875 0.01925 0.002690243666598922 0
v -0.012875 0.01925876878820709 -0.004642448943847964 0
v -0.00159195428228777 0.02284719097366625 0.007975731569849626 0
v 0.012375 0.02053915258656752 0.001733083389372563 0
v -0.003266149615376015 0.01925 0.003637230671656931 0
v 0.012375 0.02047986479422782 0.004591292643227209 0
v -0.002531587003496045 0.02152678047613423 0.008712923322284384 0
v 0.012375 0.01925 -0.003680238379971216 0
v 0.012375 0.01925 -0.002302772433839162 0
v -0.005927246995678963 0.02170825587075768 0.004591958507852842 0
v 0.012375 0.01925 -0.0004999997500000006 0
v 0.005613728366266943 0.0217724007243851 -0.005432372890769904 0
v 0.012375 0.01925 0.001128282802910721 0
v 0.012375 0.01925 0.003738989737615629 0
v -0.01189178103678936 0.02140024338253603 0.007606188789862563 0
v 0.012375 0.01925 0.005791199454960786 0
v 0.006083232843137559 0.02069785453504632 -0.0006946910104074551 0
v 0.012375 0.0219806175090732 0.0005565062208036291 0
v 0.003463236124306677 0.0192560049457265 -0.010875 0
v 0.003818128997753449 0.02022943614141762 -0.005582998960872241 0
v -0.001927133289848819 0.022 0.009875 0
v -0.01088545668570542 0.02163189390317921 0.001888839299787433 0
v -0.01046422335859965 0.02289974576456254 -0.006706669976907057 0
v -0.01059890024471402 0.0228823738922894 0.0055367633127487 0
v 0.01006789809983507 0.02288528222672105 -0.006841416700005967 0
v -0.007029375059306895 0.02087027973645725 -0.010875 0
v -0.0007630112684597814 0.01925 -0.003538658165411351 0
v 0.01111474739704305 0.02050434360484271 -0.005806100726713369 0
v 0.009267398551180656 0.02294672920824605 -0.00686752850052549 0
v -0.009625552659678571 0.02295021579422332 -0.006756449233464046 0
v -0.009927442943595275 0.02294351360567981 0.005947016247812062 0
v -0.01082849607592551 0.02088806927769302 0.009874997508436432 0
v -0.01218711 0.02239863 -0.006517689 0
v 0.01097753224079639 0.01925 -0.002787603276284476 0
v 0.012375 0.02066094335509722 0.0006250763101729095 0
v -0.007265848956092766 0.02247775191822746 0.009036246415483873 0
v 0.01077141941644376 0.02274509215225652 0.005706735942318753 0
v -0.007423461536897467 0.02298932591633688 0.005638111976468533 0
v 0.002229808554782505 0.02304799476344377 -0.006573111062619141 0
v 0.01079256838606449 0.0227388029683845 -0.007211607345927108 0
v -0.01125853903381675 0.02274915209754293 0.005546035496226162 0
v -0.01119049782300575 0.02276747481520972 -0.007035702576585313 0
v -0.002073208324641621 0.01925 0.004767836441371651 0
v -0.009122677232804906 0.02127490987889369 0.008838896606001834 0
v 0.004525981130359172 0.01925 -0.002531322284221637 0
v 0.0101326032720863 0.02287756986716688 0.005605467343580483 0
v -0.005769750451132795 0.02107223395101226 -0.004278955020052637 0
v -0.01096509248383147 0.02284905315145297 -0.002075999878939178 0
v -0.012875 0.020583501188796 0.00532774126110649 0
v -1.208202466567755e-07 0.02308405771477406 -0.006393609777942283 0
v -0.005748536643710719 0.02302929848209493 -0.006612273787336791 0
v -0.006154022523230811 0.02302746799669669 0.005610210857933921 0
v 0.005646117260708733 0.02303788366314454 0.005342674416667791 0
v 0.005940454395329975 0.01925 0.005479689316371002 0
v 0.001034443032311314 0.02044429134401381 0.00581586990969562 0
v -0.01160706278401044 0.022632290298954 -0.006416297897986182 0
v 0.009393679060880844 0.01925 -0.004814016652247365 0
v 0.009466479999999999 0.02294976 0.005517688499999999 0
v -0.012875 0.022 -0.006461818364231653 0
v -0.01142662975724502 0.02164474375461596 -0.008004369789518588 0
v -0.0006329000545021485 0.0219203567955771 0.008401041843207363 0
v -0.001945674178370837 0.02193306778190884 0.006486838398682492 0
v 0.01110225667594705 0.02169060932479677 0.00612455492722704 0
v -0.007465276543432645 0.01988541772124873 -0.003916292910614303 0
v 0.002644405073923903 0.02024292221072111 -0.00487814972112586 0
v 0.01131663648274111 0.02029494656397823 0.007606874657356081 0
v 0.004159452850382141 0.02308855909012364 0.004374565901705554 0
v 0.0101714727989127 0.01925 0.007216719603302085 0
v 0.01027370657506794 0.02012955685878011 0.005349119698321097 0
v -0.002880423784019722 0.01999456823791764 0.001469172886126435 0
v -0.005461257285312019 0.01925 -0.001229933869492781 0
v -0.008094173584292786 0.02189535932852738 0.001675941170666877 0
v 0.004658839084356683 0.02212460399817887 -0.004496908719189592 0
v -0.01210237888502542 0.02001814239512482 0.00595802917241361 0
v 0.009878315652035093 0.02143108156794366 0.008470895406441123 0
v -0.01170750408256776 0.02156130518422265 -0.009564552602068989 0
v 0.01134559084802856 0.02120016287013876 -0.008954020825739517 0
v -0.008626826651485453 0.01925 -0.0001137230943226292 0
v 0.002271011721223843 0.02206434384760892 0.002191484759123655 0
v -0.01013353705663314 0.02295545093389254 0.002936619142865953 0
v 0.0082894521514153 0.0228946032051023 -0.008526734519405148 0
v -0.00845744755946874 0.02128669190386948 -0.003634043956642928 0
v 0.00525401234241491 0.02180519460795029 -0.007427678509935022 0
v 0.007816946202775191 0.01925680344697967 -0.010875 0
v 0.007588728892784765 0.02295626528165141 -0.007577766017479566 0
v 0.006492821172954393 0.0200962241445096 0.0001306201690626584 0
v -0.004601447816465802 0.02051492044701228 -0.00137571448857219 0
v 0.009251551382789318 0.02200000942168768 0.009875000942168767 0
v 0.01123307104351442 0.02035773878669587 0.006643302003919781 0
v 0.002302448842965588 0.02063878863446762 0.009875 0
v 0.012375 0.02111636202453869 -0.001807384495314493 0
v 0.00304763566595444 0.02299009495663889 -0.007890184853025853 0
v -0.012875 0.022 -0.001922554394058253 0
v 0.01119217860035022 0.02147218836833905 0.007498802923461937 0
v 0.001768313298986637 0.02185854253214238 -0.008541892754223087 0
v -0.007994383642422821 0.02190092836247441 0.0001943346872249381 0
v -0.00984944716206187 0.02086344828486929 0.009875 0
v -0.007424386645213258 0.02111274337775537 0.001230418580488713 0
v 0.005586348018024451 0.02314028821707404 0.0006314269747951777 0
v 0.009301760559864137 0.02299080427887664 -0.002937810385846098 0
v -0.01131494981906433 0.02026218386019403 -0.002263563741985949 0
v 0.006431761418092891 0.02034107695576118 0.007657854334840733 0
v 0.007434547611571843 0.02304973436019647 0.001904260841440967 0
v -0.0117827876426449 0.02151014241056925 -0.004291668199552198 0
v -0.01182913771248408 0.02141028362419607 0.008987468958201938 0
v -0.0009864510803951785 0.01925 -0.005880709706370871 0
v -0.003505930639951762 0.02310732497824975 -0.00527962044563856 0
v 0.006592273805785922 0.02310222218009823 0.0007021304207204834 0
v -0.006809472775016544 0.02311693943167825 0.0004989800047039744 0
v -0.007164552723629336 0.02309532510264352 -0.001970367291855017 0
v 0.005804158931498988 0.01925 -0.009695424464338631 0
v -0.005239564670556896 0.02116664515178643 -0.003182321722463054 0
v -0.001536234800667888 0.02318772364885585 -0.002613812466978785 0
v -0.007124816343164754 0.02016651116348469 -0.008962007679475369 0
v -0.007589122064726877 0.01925 0.006143583170584362 0
v 0.01131818991460344 0.01925 -0.001355402567544703 0
v 0.007995474718700034 0.01925 -0.008334097758805925 0
v -0.009837840864202847 0.02165786209103212 0.00182166666657018 0
v 0.006720908639090958 0.02170002873391982 -0.007974625981665383 0
v -0.008588909151655034 0.02302240388295311 -0.003998480266958595 0
v -0.008814272056741681 0.02301625483244057 0.00284858001620935 0
v 0.008263606219830069 0.02301716694805136 0.002962264704274768 0
v 0.009184430718971634 0.0217414392062065 -0.006988369582755336 0
v 0.01185466428574082 0.02069126812586247 -0.01050919141044811 0
v -0.01083552602428203 0.02050479335325111 0.002995646505260558 0
v -0.003240181497062383 0.01925 0.001034461572560856 0
v 0.003243135684499668 0.02208317105046543 0.005674634840125456 0
v 0.009999132786154023 0.02160127885353339 -0.009458714380170747 0
v -0.007920458943244875 0.02295144893818312 -0.008017356848045125 0
v 0.008117358589497688 0.01925 0.00799926591842016 0
v 0.00798059674893498 0.01925 -0.003765087188218428 0
v 0.007832559957954011 0.01925 -0.001799950871851006 0
v 0.008006064810112311 0.01925 0.001152164221112988 0
v 0.008329676011639205 0.01925 0.003703841695833607 0
v -0.005046887123793656 0.01925 -0.003699764978248659 0
v 0.003841357044603259 0.01925 0.004469072797019345 0
v 0.012375 0.02038587990445984 -0.003008996317211333 0
v -0.0117332036493085 0.0213467358034515 -9.268764287713114e-05 0
v -0.003543377547816501 0.02299503187505045 0.006968773606014956 0
v -0.01227363053567488 0.02235133701252139 0.005702803632427604 0
v 0.007084675903353507 0.0205058637676581 -0.010875 0
v -0.004863942199284354 0.02281158317586218 -0.009093157891869305 0
v -0.004811539654953131 0.0228313258435522 0.00803742252946351 0
v -0.005748047925660181 0.02147944453751396 -0.009828933129157296 0
v 0.007448731039046359 0.02283291704144972 0.007960592561309909 0
v -0.012875 0.022 -0.003782427973560052 0
v -0.006319101765933922 0.02123880459442534 0.006401233084114609 0
v 0.001546941207410465 0.02322101148130637 -0.0004772652606284309 0
v 0.00395493580872913 0.02302883682670119 0.005781292419679226 0
v 0.001819884871122286 0.02303974269310865 0.00582083463785713 0
v 0.0008078248646818013 0.02196009888409675 -0.007830026831837858 0
v 0.007951163348512778 0.02059042503208033 0.003089316145984272 0
v 0.008502645416853914 0.02024686192805707 -0.002587575805877603 0
v 0.008617482551155809 0.0205100792215607 0.0004664149222758425 0
v -0.0113170836100532 0.01925 -0.00941980553371604 0
v -0.0002554741075579049 0.02314244481470146 0.004086044740745051 0
v 0.006019908389986805 0.02053508047927831 -0.00992799024524396 0
v 0.001427464172199064 0.02316233944111156 -0.003582144833895142 0
v -0.01178061445555351 0.02257234983307644 0.005625535043399232 0
v 0.004288864619179837 0.02315097443077939 -0.001957714480321191 0
v -9.962193715270422e-05 0.02320040463229803 -0.002884464735045684 0
v -0.012875 0.02110850496441623 0.003324560997066231 0
v -0.003019211538199257 0.01925 -0.002152537934651058 0
v 0.01177381730681231 0.02134388814290788 0.006567495082333044 0
v 0.012375 0.02200431541585562 -0.006622695518336844 0
v 0.004287854974095683 0.02160800205637525 0.003394403701995448 0
v 0.002260467434156186 0.02069309311847485 -0.010875 0
v -0.008575331278922084 0.02054729782707817 -0.0003551261768558157 0
v -0.003750056242864674 0.02018364725041052 0.0008163329776387742 0
v 0.007608369855829504 0.0219635332861735 0.003203041323231545 0
v -0.004316834287371049 0.02303944523535352 -0.006524600802401173 0
v 0.01144753699983362 0.02123557843302323 -0.009843909155132341 0
v 0.007540279226515665 0.0202015445978939 0.008970618134148275 0
v 0.008275860516393861 0.02082662554450997 0.009875000091246425 0
v -0.003985532830043048 0.02156069325633644 -0.006499022791544371 0
v 0.003120111915556259 0.02135177639680345 0.006315310088219786 0
v -0.01068477666778378 0.02196088748748028 -0.004249492967340299 0
v -0.008449071318941185 0.02056216566256155 0.0007971578347489982 0
v -0.01000299326664132 0.02200016450027414 -0.01087497679996012 0
v -0.002025571049847794 0.02319914466247591 -0.001644386263296349 0
v -0.01118684922398261 0.02171683049280309 0.004329776143994117 0
v -0.006208485376693552 0.02110848170778189 0.007302714372707995 0
v 0.003997271674568369 0.022 0.009875 0
v 0.005505732698000087 0.02200000366222761 0.009875 0
v -0.008409352305540822 0.02064298079340471 -0.010875 0
v 0.004246363660459125 0.02129702139357622 0.00901387755854524 0
v 0.01140802641614819 0.02080894451139677 0.009771305064489984 0
v -0.012875 0.0210835990835326 0.0005630719186021621 0
v -0.0117069817693134 0.02066455397689536 -0.01083590091894925 0
v -0.01125080035680965 0.02068937740550843 -0.01087498259310329 0
v -0.011591395 0.020624855 0.009852904249999999 0
v 0.0110340254455048 0.02065549546951024 0.009861759672322681 0
v 0.0004769349343089784 0.02213707358775689 0.0009172579431073877 0
v -0.012875 0.02048392001090456 0.004162673918638274 0
v 0.007920903850865059 0.02258511725150101 -0.009757330354789772 0
v 0.004709216757602943 0.02282256036722339 -0.009075030281572392 0
v -0.01179404044000578 0.02167898519324703 -0.005619950947655555 0
v 0.01110776169206735 0.02056540789538123 -0.0108531494075172 0
v -0.01200365201625186 0.02044106773656544 -0.01073581132844556 0
v -0.01287499480839248 0.02041812589065944 0.008153772258048496 0
v 0.01237499 0.02062521 -0.009375029 0
v -0.012875 0.02037873838295196 -0.008753584762003115 0
v 0.01237498977025824 0.02074898300267439 0.007918918657505098 0
v -0.01254723243103881 0.02081389433573256 0.009310879401794538 0
v -0.01007801912587817 0.01925 -0.01085795365572404 0
v 0.009627069456002502 0.01925 0.009875 0
v -0.01137583607798499 0.01925 0.008409209928975495 0
v 0.006977504713068306 0.02292285880445835 -0.008353793681110272 0
v -0.005318453022212207 0.01925 -0.008101803856334329 0
v -0.002992360377894079 0.01925 -0.004603967699873304 0
v -0.01284891180961978 0.02009303845741926 0.008606491380325871 0
v -0.012875 0.02017710152397759 0.003189253003896346 0
v 0.008454856824331594 0.02302409852357118 -0.001768747828873037 0
v -0.004807087201822917 0.02300404062611223 -0.007377721003114229 0
v -0.004745905904218637 0.02295725364779993 0.00717151412399634 0
v 0.004429479264329282 0.02308556464714435 -0.00537041168511673 0
v -0.005013225964612767 0.0230870702505821 -0.005323202959921948 0
v -0.003689195194125673 0.02300621800171413 -0.007457369081121445 0
v 0.0040149180936336 0.01925 -3.585994411271602e-05 0
v 0.002849191744488018 0.02145050309199406 0.008857698973874699 0
v 0.00443110007723843 0.0225095552901813 0.008970816812877052 0
v -0.004896688773908251 0.02248294211786748 -0.01002589875773768 0
v -0.003196992553602679 0.01925 0.005806084095288429 0
v -0.002872621106981872 0.02298938014174095 -0.007990597292919887 0
v -0.007208949355614865 0.02306810051123411 -0.003721003048449834 0
v 0.00684806226022253 0.02306131415342649 0.00296436751768165 0
v -0.007090657162553066 0.02306990874054488 0.002935968926458231 0
v 0.0001669927118193362 0.02111042325661463 -0.003636456791841527 0
v 0.00441119212931578 0.02180565943917206 -0.003309090562799478 0
v -0.001823715982172743 0.02047476442178039 -0.005145844756683462 0
v 0.002098040012202273 0.0218567675323888 -0.005804378500577161 0
v 0.007091281080166512 0.02307225546502173 -0.002336392673582091 0
v -0.003751020699278861 0.02024663208090322 -0.009477891614877148 0
v -0.00862778084752058 0.02090116327761946 0.009875 0
v -0.0009368556242103782 0.01925 0.009035236701981704 0
v 0.001359875145500282 0.01925 0.009075332738107724 0
v 0.00775655598955493 0.02294561758848924 0.007057480263121101 0
v 0.01178298151323175 0.02007162181692152 -0.009303526743862065 0
v 0.007486980824340628 0.02296669014789698 0.005992368138872082 0
v 0.01001553134683052 0.01925 0.00644810091649753 0
v 0.005608160417715123 0.02138346040340405 0.00920100936864714 0
v -0.01207981530168209 0.02059374194258147 0.009155563593262341 0
v 0.01223296633878068 0.02002262142293139 -0.01000953384452657 0
v -0.01196239696315274 0.02251665455285284 -0.0002372936604885348 0
v -0.007294540533117627 0.01925910979140126 -0.010875 0
v 0.002192219555288869 0.02207119762929773 0.004162995259095427 0
v -0.012875 0.022 0.0009535049812412731 0
v -0.01214775298597569 0.0212702614524133 -0.007391649934851153 0
v 0.012374995 0.019937605 -0.009375014500000001 0
v -0.01288068665402939 0.02199679954652126 -0.0005094836287572911 0
v 0.01109610842077517 0.01976643454074424 -0.009406594672135952 0
v 0.006484370319824196 0.022 -0.010875 0
v -0.01095172310687922 0.0210312532716706 0.007317021333083803 0
v -0.0008375797128213538 0.02321830193858588 0.0006297384764975013 0
v -0.01152340724534721 0.01925 0.005101299770798958 0
v -0.01152645304125676 0.01925 -0.0102097711355331 0
v 0.008764345889552085 0.02199162064299505 0.007605764933878827 0
v -0.008931823035287027 0.02125902703814312 0.001760080130883937 0
v -0.012875 0.01981436919147598 -0.009064292381001558 0
v -0.002439142519843833 0.02037483496944655 -0.008426351429528228 0
v 0.01112075361873134 0.02031113683825268 -0.009851117396476724 0
v 0.007687302299718857 0.02252611395681406 0.008924357790161859 0
v 0.0007807589277803418 0.02038750759484004 -0.001470011518829993 0
v -0.01150324532349837 0.02032023777915589 0.009224973473334286 0
v 0.003436415553791779 0.0204314405370279 0.0008336516901434728 0
v -0.01129580688684096 0.0205753362900712 0.006527255558199981 0
v -0.009978283854098241 0.02298473706912647 0.001803219741562513 0
v -0.01099240710218507 0.02284269525025361 0.001904987814145304 0
v -0.008296510497839563 0.02261506909879998 -0.009672291706241879 0
v -0.01279848077674187 0.01976867488472175 -0.009824842807056481 0
v -0.01187859077678852 0.01984821921185745 0.006728787589197665 0
v -0.00720499823183225 0.0224386917251218 -0.01011509635135872 0
v 0.01079589224002827 0.01925 0.008739314510233773 0
v -0.01199131925067398 0.01925 -0.01024160698015994 0
v 0.008330335637891186 0.02286096230546159 0.007753870652933584 0
v 0.006041955830438944 0.02024774783971221 0.003378230164775212 0
v 0.01135434735521117 0.01925 -0.009889892657879798 0
v 0.01132190217443428 0.01925 0.009116283946207511 0
v -0.01215964721417269 0.01925 -0.009687931567107065 0
v -0.01184978279636196 0.01925 0.009045988304544301 0
v 0.009850731424794158 0.02028759737394453 0.008577938088329235 0
v -0.01287497953864169 0.02054972737111874 -0.009290160174864882 0
v -0.01137691099642181 0.01925 0.00944215680703416 0
v -0.007302417990944583 0.02029229427651779 0.009875 0
v -0.01044507567054807 0.02073345693130894 -0.008452061303326347 0
v -0.012875 0.01980007201093483 0.007485749969561556 0
v 0.01210496267777412 0.01973948919334025 -0.01022188211643256 0
v 0.01112516466467555 0.02018363587302267 -0.008808006210527486 0
v -0.01196089553881618 0.02051774938407345 0.008465523893414553 0
v 0.0008091969330016446 0.02054680729904595 0.009875 0
v -0.01226663921448113 0.01992342662593393 -0.008462432089055328 0
v -0.01230817491939497 0.02127894865842672 -0.0105451733287615 0
v 0.01141259390132021 0.02031697305925265 -0.01034217716547938 0
v 0.01046034241024617 0.01987307206197127 0.008713282416088569 0
v -0.002647772343598011 0.01997896784866491 0.0004076220055890034 0
v -0.01139207302399241 0.01963229156821102 -0.01055849525140242 0
v -0.008155931711342481 0.01925 0.009874999999999998 0
v -0.00644759032683937 0.01925 0.009875 0
v -0.01092311593035688 0.01925 0.00912510200663166 0
v -0.004252005294961701 0.01925 0.009875 0
v 0.01190140622019569 0.01965983802992167 -0.009771647239001001 0
v -0.001903271494387317 0.01925488285823357 0.009875 0
v 0.01112288222671315 0.01966223270297885 -0.009926079966331604 0
v 0.0001828024487009229 0.01925 0.009874999999999998 0
v -0.01244042299665161 0.01925 -0.009020653417651592 0
v -0.01180484858374152 0.01969506930150982 0.008709655565487737 0
v 0.002200660359757233 0.01925 0.009875 0
v 0.003834403537095328 0.01925 0.009874999999999998 0
v 0.005931133758456701 0.01925 0.009875 0
v 0.00208442813439272 0.02309567942853904 0.004706245118092077 0
v 0.008126718790334371 0.01925 0.009875 0
v -0.00319412923290053 0.02319754298953221 -0.0007878772640410297 0
v -0.01167424041423448 0.02030185007294109 0.0005960216086212002 0
v -0.01233194344810691 0.02067373874906889 -0.01052788304049908 0
v 0.01048458570573395 0.02083331655078605 -0.009775960502631553 0
v -0.004916127238305763 0.02313684276302307 0.001828091846926798 0
v 0.01236256179143845 0.01925 -0.008415008326236135 0
v -0.01193551043474988 0.02021125709886165 -0.003702746717003097 0
v 0.01139570139439887 0.01925 -0.007944696997910452 0
v -0.004807690406890373 0.02200000289994332 -0.010875 0
v -0.002980622624923423 0.02315182687035254 0.002383991430856806 0
v 0.01156936268277768 0.01925 -0.00928042599440369 0
v -0.00350339340666593 0.02312321628849008 0.003928395206560564 0
v -0.001632537500553507 0.02314649108931935 0.003859252562083449 0
v -0.01287497279409483 0.02112616437089208 -0.009190091068917668 0
v 0.0113575742060221 0.02004613311439394 0.009400167625527815 0
v -0.01253132386007644 0.01961179785135886 -0.009522947934972711 0
v -0.01284147963733438 0.02105390314821188 -0.009666659751797023 0
v 0.0115571539792675 0.0195824889160338 -0.01027849785945695 0
v 0.00989990034402179 0.01925 -0.010875 0
v 0.012375 0.02085556755985084 -0.008524550820362683 0
v -0.00409815624045853 0.01925 -0.002432505894153981 0
v -0.01107929216000303 0.02281012645341839 -0.003725413201955252 0
v -0.01085545169215486 0.0199260627600102 -0.010875 0
v 0.01174428505510549 0.01925 0.009304242753596315 0
v -0.01162147803559945 0.02080337679604282 -0.009640313466556435 0
v -0.01216002055325273 0.01925 0.008427650398587838 0
v -0.01256156351804714 0.02097592510676099 -0.01028975218392322 0
v 0.01106548473539068 0.02148492368328114 0.00914339214147596 0
v -0.01268612465382657 0.02002369176179524 -0.0100942769593983 0
v -0.01083084950420446 0.02131600297730962 -0.01017081428606716 0
v -0.01087501140543401 0.01925 -0.01025922763380517 0
v 0.012375 0.02068866355402001 0.00582902786251143 0
v 0.012375 0.02200017396866569 0.006927359768014193 0
v -0.005069377081015489 0.02174032370449694 -0.007410552223310028 0
v 0.01234914104374913 0.02115898620341255 0.008600340772041323 0
v 0.004550104087646088 0.02021262217814109 0.003487661152511455 0
v 0.01226320624920292 0.02076563896314417 0.008935001380295781 0
v -0.01240692902499531 0.01960528195639696 0.008851075086138176 0
v 0.0005257472305951196 0.02011444270444574 0.0002135583131971146 0
v 0.01076749704161486 0.02091210326588654 0.008550702155847042 0
v -0.01066270922393913 0.02125387808363714 -0.01087499108205774 0
v -0.01230532965244071 0.02028540722371138 0.009549443406308216 0
v 0.01181852536754031 0.01993640456735088 0.008041035088955697 0
v 0.01235057024030536 0.02028469877525358 0.008591406837849657 0
v 0.01175727533993888 0.01925 0.008931166617898454 0
v -0.012875 0.01925 0.007503418822762417 0
v 0.01119002614449576 0.01960658667561689 0.009447810841189707 0
v -0.01239236313608329 0.01958749752217244 -0.00994258420241537 0
v 0.011369640184196 0.02080449557545109 0.008146451001706526 0
v 0.001543890911840038 0.022 -0.010875 0
v 0.002907623649329527 0.022 -0.010875 0
v -0.01191619892322324 0.01982775845706507 -0.01076628491828419 0
v -0.01241028409063841 0.0197282299045937 0.009442600430107558 0
v 0.005137647471011503 0.022 -0.010875 0
v -0.01227373042300297 0.02084553187503598 -0.01001361195301887 0
v -0.01148324493398481 0.02007602159131769 -0.0102032265117304 0
v -0.01284830836898673 0.02004950309218862 -0.009611771303202159 0
v 0.009673475766782553 0.01985291113341563 0.009258935448901079 0
v 0.012375 0.022 -0.004111865711849383 0
v -0.0001795424176876479 0.02318050913884474 0.002953511949297335 0
v 0.000339658589128358 0.02319678960210074 0.001714674166376574 0
v 0.002588645537738359 0.02313200341540484 0.003662827414766636 0
v -0.01251971204105957 0.02050860554258459 -0.009602492978284629 0
v -0.01101844684693308 0.02069804559848959 0.008935948878457953 0
v 0.01034103920415633 0.01983669192607876 0.009875000150523292 0
v -0.0121085060486736 0.0203134755854577 0.007381310509040485 0
v -0.01284351111443876 0.0205622999558151 -0.009651072452893627 0
v -0.0124888618939804 0.02025833712131792 -0.009118551331581431 0
v 0.002585699047537243 0.02315797977765087 0.001873225186963797 0
v 0.004045499107428046 0.022 -0.010875 0
v 0.01026919223779351 0.01925 0.0093058982127068 0
v 0.001236750588326389 0.02280614565134538 -0.009106176153308145 0
v -0.01191838648488044 0.02009559687170871 0.009399180599004216 0
v -0.01207795791579645 0.01994202784973277 -0.009376847311519452 0
v 0.01177994842606944 0.01970409932662488 0.007295330665527212 0
v -0.01244047989627701 0.02004016987040444 -0.009786018810089517 0
v -0.01196539684380948 0.01961175983761511 0.009371531404880128 0
v 0.0109755905920585 0.01979817101237293 -0.01086548948435396 0
v -0.01258640393418431 0.01992192190124776 0.009252420715623504 0
v -0.01079338538210701 0.01994563031339004 0.009322158425555088 0
v -0.01222864453540824 0.0197930817834651 0.00809312827767354 0
v -0.01218772302117777 0.02083038216691925 -0.008493598711099512 0
v -0.01221666353798136 0.01976205922309476 0.009608528921279235 0
v -0.01275628148898664 0.01986000163726581 0.008946300275138068 0
v -0.01287498709032249 0.02200026322054878 0.006963255204835571 0
v -0.008523758069917431 0.02233450686897163 0.009314006694137624 0
v 0.01232659680947881 0.01969583956295869 0.008743808894989824 0
v -0.0125640490437985 0.02048741820597414 -0.01028612835023894 0
v 0.004772949086319695 0.01925 -0.009681879781426577 0
v 0.01184610959193908 0.02025007327158963 -0.009831712685757735 0
v -0.01183061215567525 0.01956695760773423 -0.01045985082859018 0
v 0.009936099663916356 0.02162273622065718 0.005175914189618686 0
v 0.012375 0.0197386309439456 0.007648391271554695 0
v -0.01045475837587963 0.02008774320020749 0.009875 0
v -0.01224483784756259 0.02159815994644133 -0.008903814153813723 0
v -0.01287499233370532 0.02127447082885544 -0.008594242625546009 0
v -0.01239968982710306 0.02026105258494464 0.009025522471509789 0
v 0.008460690674155799 0.02275620642026909 -0.009256988438119743 0
v -0.0122382524442269 0.01925 0.009049477957432875 0
v -0.007930600704130644 0.02145535647069843 0.004428967526432485 0
v 0.0117996671826652 0.0196557439427239 0.009555157744135439 0
v 0.01039276335477826 0.01925 0.008083585605171115 0
v -0.01274680593233972 0.02086077428900178 -0.009973489198718981 0
v -0.01240769168486915 0.01960287860040045 -0.01045173318270815 0
v -0.001107567902141022 0.02144785192254304 0.007515698541552473 0
v -0.012875 0.01925 -0.008543890762161454 0
v 0.01187809119697453 0.01955462210617734 0.009187864262742809 0
v 0.01180884359192443 0.01925 -0.01002724093118585 0
v -0.01286165418449337 0.01964975154609431 -0.009493385651601079 0
v -0.01108602913342763 0.02111506964078756 -0.00914484612900901 0
v -0.01220328917170901 0.0195745244898675 -0.01061620561649573 0
v 0.01120181944324069 0.01925 -0.01040346946201754 0
v -0.01153882378633239 0.02192330609619604 -0.009019479360392589 0
v -0.01070861766077061 0.02056178447405704 -0.010866285 0
v -0.01260911011352843 0.01964228288213252 -0.01021364105788194 0
v 0.01044479952274094 0.01998967048249315 -0.010875 0
v -0.01179946543709801 0.01925 0.009433938806506196 0
v -0.01269846011352843 0.01964228288213252 -0.01007143605788194 0
v 0.01161167893788463 0.02131793459798557 0.008706332637740039 0
v -0.01108407510251189 0.01997317831966176 0.008673249571929461 0
v -0.01197370861422373 0.01964918397282084 0.009745380917484846 0
v -0.01213579354564906 0.02034928769050189 -0.01003463358049231 0
v 0.01130910042736745 0.01990640936312262 -0.01026487156896114 0
v -0.01252967963320242 0.01996784378608732 -0.01032958932268278 0
v -0.01227324964682672 0.02091254245947803 -0.009397837990427618 0
v -0.01212772575907722 0.02118635444023135 0.009668264727004064 0
v 0.01153634059293195 0.01950929063789921 0.009442097638881283 0
v 0.01237499317757729 0.01979226257310612 0.008293665242164938 0
v -0.01237725506456781 0.02125371710190139 0.009488886096900698 0
v 0.01114225389223613 0.01972865993426075 0.008447542081589231 0
v 0.01202955291883656 0.01987566714185936 0.009329715941686927 0
v 0.01150110167796035 0.01991604245661941 0.009736214024923322 0
v 0.01222476842762581 0.02001748175397244 0.009026738350048373 0
v -0.01269766267860021 0.02130064509931222 0.009079216991037328 0
v 0.009502206450521921 0.02298742952896837 0.0007525002196311801 0
v 0.009503380617636493 0.02298865292597001 -0.001515341975205685 0
v 0.01170844299888795 0.01925 0.00840790070890016 0
v -0.01190189977048455 0.02253577814687885 -0.001627443930968855 0
v -0.0117746970812138 0.01996431134517272 0.009816149968768133 0
v -0.001085762983133388 0.02321363257895201 -0.001666499950889818 0
v 0.002623580734563436 0.02313962673261484 -0.004108228530239695 0
v 0.01087397196404927 0.01980681159590821 -0.01037975355645134 0
v -0.01273626617029538 0.0212845730767121 -0.009998310283711974 0
v 0.01084336758763096 0.01972965691910257 0.009211775436211104 0
v -0.01207748947120796 0.01981107670566342 -0.01016007582239927 0
v 0.01110171803749116 0.01987048548550075 0.009851520465676248 0
v -0.0117013143023552 0.02092504128236028 -0.01027993875395457 0
v -0.0120263889876686 0.01998561900383386 0.009725513459444857 0
v 0.009337478202090868 0.02299017528186968 0.001855283471594523 0
v -0.01198671733841803 0.02121120317147206 -0.01074281707466513 0
v -0.01128294592366295 0.02000465817790532 0.009874997491598887 0
v -0.01158899789666139 0.01997476989791961 -0.01085329816299373 0
v 0.0007146332082565909 0.02233185725440609 0.003360700930210399 0
v -0.01161000724632141 0.02123967592001585 -0.01085513906120316 0
v 0.002607069116853274 0.01925 0.003095527947796501 0
v 0.01165222171146304 0.01990416931311836 -0.01064599516683531 0
v 0.01134010855148189 0.01982739275252944 -0.01079291048522521 0
v -0.01168280600747562 0.02163281275294922 -0.01030851953930989 0
v -0.01182010721776532 0.02130923316709883 0.009803691047530969 0
v -0.005535677600220383 0.02210518432649335 -0.004060059280943207 0
v 0.0115334289117154 0.0224745711689901 0.004904925105506613 0
v -0.001044878646488077 0.02067440327473895 -0.001616057934697119 0
v 0.01159844026652926 0.0197365061954224 0.009164522641691902 0
v 0.01191407226825333 0.01990330715269061 -0.01044657657169947 0
v -0.01148894617489621 0.0196951458088567 0.009300227986185423 0
v -0.01246180413940846 0.02155547079611761 -0.009496244999477472 0
v -0.012875 0.02067876324341794 -0.002345395002004604 0
v -0.01083876039059471 0.01925 -0.0048823686756917 0
v -0.002098576685003435 0.01925331157594623 -0.010875 0
v -0.004077843959042729 0.02063832824608754 -0.010875 0
v -0.009913884617818496 0.02017957167021797 -0.006496113236517493 0
v -0.009753885809863796 0.02176170223683807 -0.006127992872454507 0
v 0.01184559109770711 0.01969766545098069 0.008690639945748526 0
v 0.005198604711804204 0.02017966074225929 -0.008916188470418978 0
v -0.01218096604032632 0.02149491332519208 -0.009961227237900702 0
v 0.01234055200074725 0.02036389510678735 -0.009677321247501747 0
v -6.503715056171294e-05 0.02250412316513344 0.008994552972223537 0
v 0.009358770280165192 0.02185053015889409 -0.005851268105844386 0
v 0.01143288985846025 0.02019590848164221 -0.006734293024019485 0
v -0.009328431599859154 0.01925 -0.007363338825355502 0
v -0.006020774102766449 0.01925 0.004835478233086031 0
v 0.002320536417762193 0.01925 0.007073849211260913 0
v 0.004583926194831861 0.01925 0.007205353164226598 0
v 0.006712068103331399 0.01925 0.004654599425962492 0
v 0.001533112153706009 0.02250133788916319 0.008994981419688089 0
v -0.01285819232031611 0.01925 -8.46843818534896e-05 0
v 0.002334749800671305 0.01925 -0.007286629267132669 0
v -0.01000270907677141 0.02199983676960432 0.009871293825722839 0
v 0.012375 0.01925 -0.0048823686756917 0
v -0.009282204273030193 0.02002679824391225 0.009875 0
v -0.001527563909223459 0.02313665390676155 -0.005170654152421632 0
v 0.003400525008667686 0.0201006033696058 0.005366746071843937 0
v 0.00735636258477511 0.02050782172372854 0.0009530289127765985 0
v 0.007557910427556986 0.02068327148803095 0.007881113203577417 0
v 0.006981411820898711 0.02185989005009657 0.004869854476397657 0
v 0.012375 0.02198588295594372 0.001904260841440967 0
v 0.012375 0.02199362768001357 0.003886616357960445 0
v -0.01195176518500285 0.02059279474973359 0.009755022908611688 0
v -0.008737560257628894 0.02257063775370744 0.008798704385725243 0
v 0.01048215641730517 0.0228480176231432 -0.001689995461444096 0
v -0.005746516219935741 0.02311223078906444 0.002844002537855486 0
v -0.001141401428379688 0.02317278352564475 -0.003685181725854304 0
v -5.925404600132722e-05 0.02254454916004783 -0.00987888955954332 0
v -0.001423156201965611 0.02252770446215054 -0.009923915502161075 0
v 0.001058531347772895 0.0224996975138952 -0.009998900616541169 0
v -0.004079722810623852 0.01925 -0.008537390486869415 0
v -0.004252005294961701 0.01925 -0.01086670351967314 0
v -0.001983642792553425 0.01925 -0.008604997814218458 0
v -0.002339582018353287 0.01925 -0.005963254050966526 0
v 0.000139164768793636 0.01925 -0.01089302015429412 0
v 0.000101297013922517 0.01925 -0.008813652681317121 0
v 0.0001391647687936362 0.01925 -0.006084498971412185 0
v 0.000454145623416371 0.01925 -0.003709815602711098 0
v 0.002310290302173531 0.01925 -0.008560957373358314 0
v 0.002069674203049412 0.01925 -0.005775419689073482 0
v 0.002313213412430083 0.01925 -0.003656286718444813 0
v 0.00439162622308178 0.01925 -0.00843829681719308 0
v 0.004719663795187852 0.01925 -0.006129594307329612 0
v 0.00465080877005522 0.01925 -0.00376742706538057 0
v 0.004444945700824776 0.01925 -0.001290082876492661 0
v 0.004336724021328184 0.01925 0.001554287925561683 0
v 0.006528674088935432 0.01925 -0.008308587678544834 0
v 0.006533817833148351 0.01925 -0.006595675009901917 0
v 0.006643680419447655 0.01925 -0.003897026895222975 0
v 0.00644239995502206 0.01925 -0.001420560408412425 0
v 0.006413883902377082 0.01925 0.001484104431463518 0
v 0.007001078056206957 0.01925 0.003297027020945557 0
v 0.001647365025289439 0.01925 -0.0005418819907012339 0
v -0.005962361819297925 0.01925 -0.010875 0
v 0.002351205912451014 0.01925 -0.010875 0
v 0.00457526633616234 0.019262009891453 -0.010875 0
v 0.006570655699074395 0.01925 -0.01087004627908757 0
v 0.002010373727432301 0.02025698360630601 0.007513041038832088 0
v 0.00886634729557368 0.01925 -0.010875 0
v 0.004246271529631497 0.02011024879181117 0.004675322722344603 0
v 0.001185842246278955 0.01925 0.00373758200424607 0
v -0.01100844464345899 0.02284133086210541 0.0006641902538298163 0
v -0.006618811985272476 0.0203570799205807 0.009021072048571915 0
v 2.329401966232558e-05 0.02011213773353364 0.008977224874119815 0
v -0.01201995664415204 0.02248367008738595 0.004343244947481413 0
v 0.01122405672478118 0.02259151170263397 0.006032578576402386 0
v -0.007588010229531447 0.02306563069717437 0.001802806299951535 0
v -0.003114193981630411 0.02316419518041316 -0.002536422319474158 0
v 0.004147157372606626 0.02312158246156087 0.003101750075467161 0
v -0.006923474720184862 0.02008513579519809 -0.01005798205166631 0
v 0.005733618329050494 0.0221926501495992 -0.004073673571865818 0
v 0.001245185340622325 0.01925 -0.01088401007714706 0
v -0.00206498287881747 0.02186909258408531 -0.008004409607147553 0
v 0.008788861655928274 0.02048606643640335 -0.00757069205921894 0
v -0.01150127024094895 0.02039334378137514 -0.00747421615783953 0
v -0.008819960011829808 0.02219263804001976 0.004323978092788737 0
v -0.006827276803405563 0.02051657780355796 0.004247847119818269 0
v 0.001797266707917523 0.02022835564627115 -0.009799325289530361 0
v 0.001836256734660801 0.02041815162640236 0.006513140263494329 0
v -0.002807312522199639 0.02051392846642017 0.009875 0

# 5527 tetrahedra
t 1378 434 757 316
t 301 974 475 300
t 944 923 921 245
t 581 418 938 11
t 1210 1058 1294 1209
t 1204 1066 1247 1
t 476 296 354 289
t 779 402 149 1366
t 870 1144 960 10
t 916 607 96 293
t 687 1202 1131 291
t 564 686 605 473
t 783 345 747 432
t 764 1116 322 1256
t 386 618 283 1101
t 1174 342 1345 323
t 978 318 121 884
t 235 431 751 250
t 1093 932 1027 1116
t 104 974 633 1063
t 440 998 379 609
t 798 474 251 423
t 689 671 252 1085
t 1085 671 601 33
t 1323 1278 1244 143
t 1343 916 95 854
t 387 1416 1140 566
t 1210 1209 1339 326
t 318 884 978 880
t 1086 894 675 559
t 156 145 153 1194
t 778 853 971 864
t 575 112 573 109
t 1264 118 573 116
t 1056 1186 932 1093
t 662 1068 111 1302
t 1084 296 1412 582
t 599 296 1412 1084
t 1093 1106 1116 322
t 599 289 296 1084
t 1228 532 283 1101
t 913 203 124 1258
t 1405 251 1090 775
t 1270 1129 1281 17
t 562 473 75 76
t 65 590 1036 479
t 1406 479 4 819
t 418 1071 559 47
t 288 47 867 581
t 590 40 1123 877
t 47 855 1071 675
t 288 46 599 47
t 1247 1062 513 1161
t 167 153 1285 156
t 507 509 491 500
t 127 318 125 133
t 561 650 500 491
t 557 562 473 610
t 578 899 83 635
t 635 891 557 610
t 636 1041 499 612
t 84 579 839 571
t 1014 490 896 44
t 274 1115 757 225
t 225 757 799 1115
t 1361 203 748 913
t 1094 1361 748 913
t 272 938 279 11
t 1094 309 1361 913
t 287 11 938 272
t 284 215 596 504
t 1202 1131 810 501
t 621 1372 756 580
t 674 274 225 454
t 454 1115 274 225
t 493 260 656 165
t 362 1409 238 804
t 156 153 1285 1194
t 1026 1030 236 852
t 621 1088 1115 1372
t 737 296 282 842
t 842 282 354 296
t 842 108 567 282
t 1053 1308 1116 833
t 737 282 108 842
t 842 282 567 354
t 493 656 150 1120
t 1053 685 1282 833
t 599 188 296 289
t 302 188 308 867
t 599 1412 296 188
t 867 308 1412 188
t 254 384 1109 297
t 567 489 356 1087
t 1386 275 285 1074
t 493 192 165 1120
t 861 330 478 831
t 820 1173 1333 956
t 661 254 1109 297
t 245 299 413 508
t 278 674 34 1006
t 1370 333 654 218
t 1370 218 454 789
t 245 923 299 508
t 66 57 915 61
t 601 320 905 97
t 945 257 331 1145
t 1009 662 174 281
t 508 985 299 413
t 542 1075 1038 257
t 174 281 662 456
t 611 360 627 736
t 974 1063 940 641
t 1414 1079 320 588
t 297 384 255 380
t 253 689 246 361
t 297 384 1109 255
t 855 280 1307 725
t 1271 385 250 917
t 917 385 250 382
t 239 875 622 920
t 737 296 1087 282
t 282 1087 354 296
t 1091 487 1405 841
t 282 108 567 1087
t 737 1087 108 282
t 282 1087 567 354
t 551 596 284 215
t 1118 315 259 366
t 759 623 315 445
t 315 623 259 366
t 724 759 315 445
t 342 394 311 790
t 1091 1145 945 331
t 369 1258 321 245
t 202 196 357 937
t 202 937 975 216
t 165 325 267 656
t 611 325 165 656
t 1335 370 244 684
t 567 327 662 489
t 567 489 963 327
t 327 489 963 848
t 662 327 848 489
t 692 518 612 577
t 401 194 738 597
t 401 1346 194 597
t 517 831 330 861
t 400 401 738 597
t 678 363 328 596
t 678 363 292 328
t 272 519 287 1340
t 228 1367 1171 273
t 273 228 1082 1408
t 1354 329 71 899
t 199 200 899 329
t 899 75 473 329
t 952 200 329 899
t 117 930 119 140
t 307 309 1360 413
t 388 372 187 195
t 527 601 225 33
t 316 674 225 601
t 625 335 355 356
t 1088 796 1115 1372
t 1042 1194 145 156
t 308 335 1412 188
t 527 316 225 601
t 605 375 768 557
t 412 214 336 899
t 412 783 336 214
t 199 213 473 336
t 473 199 336 899
t 312 883 311 390
t 629 1020 338 390
t 338 552 390 312
t 697 590 980 521
t 21 204 697 521
t 436 1405 841 399
t 270 220 103 227
t 682 377 396 448
t 328 105 341 908
t 328 292 341 363
t 341 555 363 292
t 341 309 1094 555
t 643 342 311 645
t 591 1266 1417 349
t 406 873 853 364
t 406 699 873 364
t 478 509 491 663
t 478 491 129 663
t 368 344 308 563
t 123 1344 355 344
t 368 1344 344 563
t 294 567 327 304
t 294 567 963 327
t 294 963 567 586
t 1084 296 20 289
t 783 336 345 213
t 861 478 651 831
t 350 240 377 1171
t 725 1382 623 259
t 350 1171 377 228
t 662 174 111 848
t 327 848 507 174
t 905 483 316 674
t 316 674 601 905
t 493 700 656 260
t 366 280 360 20
t 674 905 483 1006
t 674 905 1006 97
t 1379 1083 258 30
t 905 674 601 97
t 612 577 292 363
t 555 363 292 577
t 678 292 363 612
t 530 676 595 293
t 530 262 676 293
t 1271 385 293 262
t 150 353 365 656
t 656 365 150 186
t 759 46 1385 800
t 150 283 365 353
t 1021 283 1410 365
t 306 203 1361 369
t 398 422 547 594
t 759 1385 46 522
t 759 46 623 20
t 1198 330 185 861
t 594 398 422 990
t 330 1327 918 185
t 861 185 1363 330
t 430 222 396 712
t 1091 1145 331 841
t 676 284 551 678
t 277 1348 636 1399
t 621 1372 580 332
t 370 1336 166 317
t 621 332 376 1088
t 220 422 547 398
t 548 1200 376 236
t 373 249 382 351
t 321 913 901 1258
t 398 220 422 727
t 80 506 975 357
t 80 506 357 1338
t 892 126 321 135
t 321 135 126 136
t 321 126 119 136
t 930 136 119 140
t 321 126 122 119
t 81 590 349 204
t 81 349 590 976
t 81 590 204 65
t 133 118 834 318
t 263 433 416 736
t 275 1120 416 611
t 364 402 778 456
t 275 416 360 611
t 125 133 318 118
t 456 364 402 149
t 186 416 611 263
t 456 319 1366 402
t 403 1167 442 371
t 736 360 433 416
t 361 246 253 419
t 231 362 604 419
t 1060 400 545 337
t 302 335 308 188
t 434 674 483 34
t 523 965 92 103
t 672 403 1167 442
t 707 407 196 197
t 392 956 420 822
t 798 455 423 1155
t 358 196 197 449
t 451 597 400 738
t 1088 166 244 370
t 134 834 127 133
t 1045 1189 1280 451
t 451 1010 400 597
t 368 367 563 308
t 451 1222 1045 1189
t 842 108 1015 433
t 805 1174 323 1143
t 363 105 596 598
t 534 598 363 102
t 721 398 902 219
t 379 314 224 609
t 219 721 398 594
t 349 1113 437 927
t 702 398 902 967
t 231 220 398 727
t 358 449 82 743
t 849 358 82 743
t 449 82 743 903
t 121 318 125 884
t 445 623 315 366
t 724 445 315 366
t 275 445 724 366
t 445 20 623 366
t 275 20 445 366
t 203 491 585 1007
t 483 434 316 674
t 483 1006 34 674
t 229 87 557 609
t 963 108 567 586
t 576 1410 836 447
t 1176 1171 403 240
t 1171 377 403 240
t 1022 1396 271 1419
t 1419 1413 256 667
t 483 894 1086 34
t 1027 170 164 154
t 539 238 361 1409
t 459 1065 1085 488
t 459 1085 732 488
t 949 147 135 136
t 355 335 308 302
t 109 300 634 1107
t 996 1107 300 109
t 707 196 744 405
t 867 106 803 1071
t 867 814 106 308
t 56 457 76 75
t 56 31 457 960
t 60 457 56 31
t 355 552 460 312
t 355 313 460 319
t 905 640 264 483
t 875 920 239 1381
t 302 308 367 867
t 1353 787 239 1381
t 276 353 283 150
t 226 161 219 740
t 1386 476 730 765
t 1011 268 352 1319
t 838 1011 1319 268
t 838 632 1011 268
t 556 632 385 268
t 123 128 1344 880
t 260 1048 267 165
t 384 165 1048 260
t 1082 346 1408 228
t 737 296 1015 582
t 1082 1408 346 591
t 482 346 228 222
t 482 430 223 1418
t 565 591 1082 346
t 374 207 194 492
t 506 740 374 492
t 387 817 1146 741
t 387 566 1010 741
t 636 612 551 1041
t 501 1393 1131 1350
t 1414 218 494 789
t 218 494 789 1370
t 475 118 983 573
t 539 1409 361 253
t 356 625 1068 319
t 759 522 46 20
t 900 522 759 765
t 522 289 46 20
t 730 289 522 765
t 318 125 118 120
t 318 121 125 120
t 661 240 672 792
t 339 210 644 953
t 349 212 21 697
t 339 644 222 953
t 319 460 955 779
t 349 590 697 204
t 311 1345 883 645
t 349 698 212 697
t 448 233 450 713
t 157 600 1027 146
t 350 240 1171 528
t 712 450 448 396
t 350 240 233 377
t 1345 526 645 659
t 450 233 448 396
t 482 222 228 396
t 509 406 500 174
t 174 500 509 507
t 961 527 316 757
t 284 215 504 676
t 527 225 757 799
t 1375 527 961 757
t 1375 527 757 799
t 527 316 757 225
t 676 1005 504 284
t 290 275 1074 1120
t 558 934 1235 325
t 276 700 353 150
t 480 655 772 1205
t 506 374 740 208
t 506 208 359 937
t 304 1391 354 303
t 493 260 165 784
t 304 717 356 662
t 304 717 662 1009
t 987 304 466 811
t 466 304 1009 811
t 52 1034 70 1196
t 507 327 958 848
t 824 856 660 190
t 451 571 570 738
t 511 101 279 272
t 788 272 287 1340
t 367 814 867 308
t 1056 1027 180 175
t 713 468 715 860
t 692 499 612 518
t 692 1164 499 518
t 499 292 612 518
t 355 625 356 319
t 674 453 256 454
t 750 234 540 850
t 311 679 790 1415
t 378 234 850 540
t 450 234 540 750
t 1369 256 454 94
t 1371 256 1369 94
t 340 1011 556 1179
t 290 842 20 416
t 358 449 743 202
t 347 1025 1361 306
t 175 1027 160 170
t 1400 310 685 821
t 810 347 298 306
t 1056 932 1027 1093
t 764 170 164 1027
t 533 642 415 833
t 636 497 529 331
t 529 1162 497 1163
t 497 1091 529 331
t 1162 497 1091 529
t 632 530 595 293
t 385 262 530 293
t 716 1005 530 386
t 716 530 910 386
t 595 530 632 1005
t 86 579 443 535
t 777 379 771 774
t 443 579 207 535
t 440 379 771 777
t 88 443 740 535
t 88 86 443 535
t 1328 1118 655 480
t 1328 480 655 247
t 645 1345 883 526
t 435 531 747 224
t 487 841 436 1405
t 1228 470 532 1101
t 1228 283 532 1410
t 365 283 532 353
t 1415 631 475 790
t 353 470 1101 532
t 365 283 1410 532
t 275 366 724 334
t 581 938 867 367
t 848 1301 1315 174
t 242 235 382 917
t 431 917 235 242
t 917 235 382 250
t 431 235 917 250
t 1394 1205 334 1118
t 501 1131 810 1350
t 1118 1205 334 655
t 247 772 480 655
t 370 317 166 654
t 333 166 317 654
t 347 107 298 1361
t 107 298 1361 908
t 690 652 1029 572
t 1361 107 908 748
t 396 377 233 448
t 107 748 1361 347
t 350 377 233 396
t 716 632 530 1005
t 1018 419 461 459
t 716 1005 268 632
t 20 296 476 289
t 695 395 409 697
t 1296 1133 1339 1329
t 740 161 219 739
t 678 328 389 1004
t 409 395 710 697
t 553 620 740 506
t 927 976 847 437
t 865 1418 223 375
t 565 768 587 1266
t 1200 332 443 376
t 217 813 332 443
t 999 1336 376 217
t 293 607 96 595
t 607 595 293 632
t 228 377 682 339
t 378 608 314 229
t 378 235 314 452
t 153 1285 171 167
t 241 670 234 378
t 530 1005 676 386
t 907 608 438 229
t 1201 1285 1203 171
t 379 314 609 229
t 73 329 899 71
t 75 329 899 73
t 297 247 380 672
t 541 490 904 4
t 541 490 4 995
t 380 247 772 464
t 276 386 283 1101
t 905 601 252 320
t 1378 316 258 434
t 918 892 321 135
t 918 949 135 321
t 328 363 341 105
t 341 555 105 363
t 985 652 510 299
t 130 456 699 174
t 406 281 348 500
t 1198 944 1019 918
t 388 1337 550 1346
t 388 195 550 1337
t 388 195 706 550
t 277 496 386 1358
t 1420 496 386 277
t 555 1092 105 534
t 797 1413 256 1419
t 501 687 1131 1393
t 612 363 102 577
t 902 547 359 219
t 702 547 359 902
t 678 328 1004 596
t 547 208 359 219
t 712 682 396 448
t 350 377 396 228
t 209 547 359 702
t 551 598 215 542
t 1288 1242 1311 1240
t 810 498 501 909
t 1321 700 150 493
t 676 551 1075 636
t 301 300 631 972
t 759 623 1382 315
t 338 128 390 552
t 355 123 460 552
t 698 409 212 697
t 477 592 338 552
t 552 123 1344 355
t 460 592 477 552
t 390 1344 552 128
t 690 930 652 572
t 695 409 211 697
t 499 636 529 1041
t 1377 757 758 674
t 349 211 698 697
t 390 679 834 323
t 211 409 698 697
t 611 736 416 360
t 263 416 611 736
t 360 433 1015 736
t 340 632 385 556
t 556 632 268 1011
t 556 352 1011 268
t 678 328 292 389
t 385 382 556 373
t 841 399 1145 331
t 340 382 556 385
t 529 1075 691 1041
t 372 195 388 1337
t 1386 290 1074 761
t 1416 1337 388 387
t 611 186 263 558
t 656 186 611 558
t 656 558 365 186
t 576 558 365 447
t 263 186 576 558
t 576 1410 447 365
t 11 47 559 239
t 305 561 1359 507
t 11 418 559 47
t 305 561 507 1007
t 1007 491 561 507
t 174 1009 500 507
t 366 280 627 360
t 627 280 735 360
t 627 280 731 735
t 735 1015 360 280
t 366 280 731 627
t 949 136 135 321
t 1007 491 585 650
t 563 344 308 355
t 563 1344 344 355
t 797 1413 1419 1396
t 302 563 308 355
t 563 355 312 1344
t 574 1398 300 996
t 304 327 662 567
t 300 574 631 972
t 304 354 567 356
t 304 567 662 356
t 1405 1145 841 399
t 290 416 20 275
t 290 416 275 1120
t 275 416 20 360
t 1404 224 609 657
t 352 1319 268 353
t 293 676 595 96
t 568 327 958 507
t 676 215 96 1351
t 1077 548 86 999
t 999 548 86 443
t 336 345 213 557
t 80 553 975 506
t 343 917 242 382
t 710 697 395 521
t 416 842 20 360
t 275 20 366 360
t 254 1328 247 362
t 604 232 942 446
t 460 779 477 592
t 648 987 1008 646
t 646 1008 648 313
t 648 313 889 646
t 352 268 261 353
t 1198 517 330 861
t 871 1198 861 517
t 549 801 871 1198
t 963 108 489 567
t 567 108 489 1087
t 352 351 248 249
t 587 591 1266 1417
t 254 362 247 672
t 249 352 484 248
t 742 699 509 174
t 186 365 150 576
t 263 576 836 447
t 186 558 365 576
t 263 576 447 558
t 1167 804 442 371
t 186 576 150 593
t 203 124 491 507
t 203 124 507 977
t 165 1048 267 325
t 165 325 611 266
t 165 266 1048 325
t 320 601 252 852
t 1357 320 252 852
t 630 372 187 603
t 938 104 814 974
t 468 249 484 248
t 818 630 187 603
t 938 104 803 814
t 630 372 603 1416
t 249 351 248 468
t 666 187 1052 372
t 271 788 272 511
t 1141 1232 806 1055
t 1030 33 230 580
t 621 33 1030 580
t 287 1384 581 11
t 1389 367 287 581
t 481 493 784 260
t 256 684 454 94
t 621 1088 1372 332
t 333 166 218 794
t 236 376 794 166
t 413 652 930 572
t 227 524 238 1326
t 387 1140 597 566
t 676 215 1075 551
t 676 595 215 504
t 428 664 585 369
t 203 369 585 1258
t 203 369 306 585
t 783 214 412 435
t 533 1308 833 1158
t 294 842 567 872
t 872 842 567 354
t 1311 1195 1290 1281
t 435 767 1404 224
t 290 842 294 872
t 458 231 419 361
t 458 231 1018 419
t 244 274 729 454
t 1377 729 274 256
t 729 244 1374 274
t 493 425 260 481
t 426 222 644 726
t 1379 259 825 427
t 401 207 429 417
t 961 1085 316 527
t 1389 1388 301 972
t 862 431 251 798
t 1313 1045 1044 1320
t 339 953 951 210
t 1009 500 561 649
t 580 1372 756 745
t 1214 1281 1195 1311
t 379 771 774 798
t 774 771 1421 798
t 897 43 61 915
t 251 436 1090 474
t 22 42 931 1341
t 387 566 597 1010
t 443 207 417 739
t 1136 1268 510 299
t 457 473 76 75
t 56 457 329 960
t 329 75 473 457
t 245 923 602 299
t 1178 241 343 823
t 1268 510 1149 1136
t 921 1215 949 602
t 921 949 245 602
t 603 372 187 388
t 548 236 791 1200
t 1408 847 927 976
t 818 603 187 388
t 130 699 742 174
t 603 372 388 1416
t 818 703 603 388
t 703 603 388 1416
t 1168 189 993 197
t 403 442 377 371
t 672 403 442 377
t 304 662 327 1009
t 1359 1009 304 327
t 294 304 327 1359
t 723 731 266 366
t 238 361 231 721
t 406 281 500 174
t 1009 507 561 500
t 469 653 956 1333
t 472 719 535 579
t 312 515 477 313
t 63 449 903 82
t 281 1009 500 174
t 123 128 460 552
t 552 128 1344 123
t 674 97 1006 453
t 636 551 1075 1041
t 64 666 1052 372
t 1076 551 542 598
t 1076 551 1041 542
t 253 1328 254 362
t 253 419 1328 362
t 92 804 371 442
t 613 630 187 818
t 563 367 302 308
t 477 149 184 324
t 779 149 477 324
t 946 149 184 477
t 402 946 477 149
t 456 402 1366 149
t 460 319 402 779
t 362 232 942 604
t 604 419 461 1018
t 875 239 11 787
t 92 339 442 371
t 362 604 942 231
t 604 419 1018 231
t 787 875 239 1381
t 968 539 253 1409
t 988 561 649 1009
t 988 561 462 649
t 301 708 974 300
t 130 174 111 456
t 1313 1320 1044 1316
t 456 130 149 1366
t 188 354 296 289
t 77 68 201 79
t 77 570 57 74
t 86 719 579 535
t 798 474 423 455
t 751 798 455 474
t 546 1411 217 881
t 462 1007 650 561
t 462 305 1393 1007
t 463 302 986 704
t 364 873 853 647
t 406 859 868 890
t 252 905 264 316
t 1389 465 301 665
t 465 311 563 643
t 905 483 264 316
t 316 905 601 252
t 868 514 615 859
t 234 350 233 396
t 356 567 1087 354
t 472 1140 570 738
t 350 234 223 396
t 761 941 1392 466
t 1321 467 493 150
t 57 66 201 68
t 385 530 632 293
t 607 293 385 632
t 616 199 205 269
t 63 903 449 469
t 473 205 616 199
t 815 993 189 469
t 1105 815 469 993
t 500 509 491 617
t 509 406 617 500
t 1319 268 470 838
t 1228 832 1235 470
t 491 509 478 617
t 1228 832 470 838
t 478 859 617 509
t 946 477 778 402
t 859 509 406 617
t 443 217 969 579
t 579 969 1411 217
t 443 417 207 969
t 940 1063 936 641
t 1179 255 383 1226
t 985 1360 652 413
t 1179 1226 352 255
t 1179 352 351 255
t 852 236 1073 1079
t 1179 351 792 255
t 383 792 255 1179
t 1226 1319 1011 352
t 123 625 355 460
t 123 625 460 955
t 521 191 479 980
t 590 877 198 980
t 369 203 1361 913
t 369 1361 309 913
t 369 1258 913 321
t 773 224 1404 657
t 620 984 492 79
t 865 482 223 1418
t 1082 346 228 482
t 865 482 350 223
t 1367 482 228 350
t 369 913 309 321
t 203 1258 913 369
t 653 1333 1173 956
t 878 66 68 201
t 964 847 951 1408
t 1122 1403 877 1123
t 611 360 366 627
t 627 731 366 266
t 366 611 627 266
t 479 191 1067 980
t 959 485 653 1173
t 824 660 393 190
t 877 198 190 444
t 752 249 486 484
t 507 124 491 1315
t 507 124 1315 977
t 1110 191 521 395
t 403 240 377 672
t 69 60 205 76
t 523 358 82 849
t 1082 1408 591 976
t 1036 521 590 204
t 255 384 248 380
t 390 128 895 880
t 557 213 375 345
t 1002 375 608 345
t 896 1036 204 490
t 330 1258 924 245
t 688 1095 924 664
t 688 508 664 428
t 565 1266 587 591
t 664 1258 369 245
t 64 372 911 897
t 861 1363 478 330
t 124 1258 491 129
t 330 129 1258 1327
t 672 240 377 380
t 380 240 377 233
t 672 380 377 232
t 1024 380 377 233
t 232 380 377 1024
t 203 748 124 977
t 89 229 557 768
t 679 983 475 318
t 983 679 475 790
t 69 205 78 76
t 362 247 604 1328
t 564 562 473 557
t 564 605 557 473
t 232 247 604 362
t 362 1328 604 419
t 768 375 608 1002
t 907 229 768 608
t 528 350 241 670
t 823 670 528 241
t 67 205 60 62
t 219 161 230 745
t 416 360 433 842
t 952 329 1354 899
t 67 69 60 205
t 730 303 1390 289
t 1414 454 789 674
t 43 915 911 888
t 674 453 454 789
t 473 635 557 610
t 1365 635 899 473
t 473 635 610 1365
t 483 640 264 1086
t 894 1086 640 483
t 665 465 301 563
t 463 465 665 563
t 301 665 563 367
t 665 367 302 563
t 463 665 302 563
t 952 1356 200 899
t 962 638 539 237
t 639 1259 801 1241
t 960 766 1300 10
t 457 199 205 473
t 490 1036 204 521
t 896 204 1036 65
t 870 1232 1055 806
t 69 879 205 67
t 211 1033 644 408
t 781 644 1033 408
t 611 263 736 637
t 44 870 205 62
t 611 637 736 829
t 1373 370 796 1335
t 523 951 358 103
t 523 951 103 339
t 798 455 1155 224
t 1362 478 651 1363
t 459 246 419 827
t 1034 70 571 84
t 827 246 419 1328
t 468 248 714 464
t 468 715 464 713
t 253 1328 419 246
t 468 248 464 715
t 328 1004 596 105
t 188 335 296 354
t 271 511 544 1419
t 913 203 748 124
t 188 1412 296 335
t 161 580 230 745
t 1030 580 230 161
t 517 861 869 831
t 266 254 99 723
t 266 99 254 384
t 840 294 291 305
t 840 291 1387 1392
t 272 938 287 519
t 300 641 519 974
t 221 220 210 103
t 221 220 424 210
t 210 220 424 209
t 76 205 457 60
t 226 721 219 230
t 226 721 230 237
t 905 673 894 483
t 905 673 483 1006
t 905 673 1006 97
t 339 644 221 682
t 644 426 221 682
t 339 377 682 221
t 272 101 1051 100
t 947 279 673 101
t 430 396 450 712
t 430 223 450 396
t 65 40 590 479
t 464 480 247 772
t 65 1036 590 204
t 464 480 772 481
t 1123 1403 877 40
t 674 757 225 274
t 434 674 757 316
t 221 926 424 220
t 1372 217 1373 813
t 1088 1373 796 1372
t 942 926 221 220
t 316 674 757 225
t 942 446 221 926
t 1372 1088 1373 217
t 1379 258 732 30
t 1379 732 258 733
t 316 732 258 30
t 1378 258 316 732
t 859 509 478 1362
t 406 509 859 1362
t 732 1378 258 733
t 196 357 195 485
t 391 196 195 485
t 80 975 202 357
t 975 202 554 80
t 202 80 357 1032
t 1188 202 1032 80
t 554 1188 80 202
t 832 1319 838 1226
t 689 361 253 539
t 689 638 361 539
t 401 417 537 969
t 358 210 209 103
t 363 105 598 534
t 274 1115 454 244
t 343 606 242 917
t 1179 1011 352 1226
t 1179 352 556 373
t 1179 352 1011 556
t 1179 351 352 373
t 287 581 938 11
t 287 938 581 367
t 271 100 511 272
t 271 511 100 544
t 511 100 101 272
t 950 511 100 101
t 511 100 544 950
t 1176 1171 240 528
t 381 254 1035 1306
t 1368 722 253 689
t 964 228 273 1408
t 693 302 734 463
t 478 509 694 1362
t 694 1362 1363 478
t 693 367 302 665
t 463 693 302 665
t 1039 692 1038 1041
t 265 731 280 1013
t 581 288 875 705
t 1421 423 701 1155
t 581 705 734 288
t 1384 763 705 875
t 609 440 777 379
t 1348 497 1399 754
t 1348 497 636 1399
t 609 777 774 379
t 405 357 195 196
t 357 937 405 208
t 405 937 357 196
t 813 217 1373 1395
t 690 1224 683 1231
t 510 1149 1224 1237
t 690 1136 930 683
t 1136 1206 930 683
t 443 548 1200 376
t 389 341 243 298
t 389 292 243 341
t 363 598 678 612
t 174 509 1315 507
t 389 243 810 298
t 467 501 1202 991
t 389 292 498 243
t 498 389 243 810
t 392 707 956 197
t 189 449 197 956
t 385 530 262 910
t 385 632 530 716
t 385 716 268 632
t 385 261 268 716
t 956 707 196 197
t 385 716 530 910
t 449 196 197 956
t 189 197 392 956
t 129 694 1327 478
t 1008 313 356 717
t 692 499 691 1041
t 333 218 166 654
t 478 1363 694 1327
t 818 703 630 603
t 703 630 603 1416
t 1050 633 634 641
t 634 519 300 641
t 703 387 1416 388
t 432 375 1347 782
t 251 399 436 1271
t 854 775 251 916
t 413 1360 812 309
t 1360 577 505 1028
t 86 719 535 984
t 1404 767 609 224
t 89 87 557 229
t 499 786 636 1349
t 1349 636 499 292
t 455 314 747 224
t 726 644 718 408
t 781 718 644 408
t 306 298 1361 347
t 339 644 682 222
t 222 426 682 712
t 448 426 712 682
t 389 298 1004 328
t 700 495 261 1402
t 425 495 700 1402
t 1164 505 518 577
t 1028 505 1164 577
t 692 1164 518 577
t 809 1164 692 577
t 809 1164 577 1028
t 380 715 925 464
t 351 860 715 468
t 351 715 233 380
t 519 286 272 851
t 1396 271 1380 538
t 1419 1396 271 1380
t 1075 215 542 551
t 865 565 1418 375
t 797 1396 1419 1380
t 570 451 738 1140
t 676 215 551 284
t 1075 1351 542 215
t 1414 789 97 674
t 674 453 789 97
t 1083 722 265 264
t 1013 265 722 264
t 1353 1381 239 34
t 1353 1381 34 758
t 758 434 1381 34
t 1381 434 258 34
t 616 204 269 205
t 21 521 269 204
t 34 1381 239 258
t 951 210 358 103
t 951 210 103 339
t 951 358 210 1023
t 1162 1091 1145 945
t 500 348 514 649
t 456 281 406 174
t 737 296 582 835
t 1178 241 823 528
t 107 1410 593 298
t 1405 1145 1091 841
t 824 1168 569 807
t 189 993 815 569
t 807 824 1168 190
t 249 261 486 484
t 249 352 261 484
t 704 912 986 463
t 270 442 103 221
t 92 442 103 270
t 915 566 1140 1416
t 220 398 702 967
t 220 547 702 398
t 209 547 702 220
t 220 398 967 231
t 209 702 227 220
t 311 312 1344 563
t 311 312 390 1344
t 460 128 123 779
t 460 779 592 128
t 1418 482 430 698
t 839 571 70 84
t 572 115 117 1117
t 413 309 812 1112
t 722 723 253 1083
t 253 1016 723 722
t 475 936 1264 641
t 238 362 804 270
t 966 300 574 1398
t 555 534 812 1092
t 824 393 1168 190
t 278 950 34 511
t 578 1404 609 657
t 564 562 557 87
t 578 767 609 1404
t 987 728 303 986
t 1391 303 987 728
t 40 1102 1099 626
t 1099 1403 40 626
t 443 579 999 217
t 686 81 587 1417
t 792 351 380 255
t 711 411 199 513
t 1386 476 765 20
t 857 613 187 818
t 765 522 759 20
t 765 289 522 20
t 765 476 289 20
t 1386 765 759 20
t 842 1015 20 360
t 360 1015 20 280
t 20 1015 1084 280
t 20 296 1015 842
t 20 1015 296 1084
t 378 540 223 234
t 234 540 223 450
t 481 772 1205 480
t 950 673 34 279
t 483 673 894 34
t 483 673 34 1006
t 404 739 374 208
t 950 1006 34 673
t 34 673 894 279
t 930 602 1136 299
t 479 980 877 590
t 349 198 697 590
t 604 247 461 1328
t 602 1136 1206 930
t 602 1206 949 930
t 591 976 1408 927
t 346 1408 927 591
t 698 349 591 211
t 728 1390 303 986
t 351 792 240 1176
t 241 351 1176 1179
t 241 351 240 1176
t 730 303 728 1390
t 352 267 353 260
t 811 717 281 648
t 1007 1025 347 306
t 741 817 1146 1272
t 741 566 1010 1240
t 414 539 1409 238
t 1392 840 291 305
t 926 727 424 220
t 1409 804 414 238
t 1145 95 257 399
t 393 190 198 444
t 331 1145 257 399
t 707 196 407 744
t 391 195 1334 485
t 393 190 444 1168
t 197 393 444 1168
t 197 393 198 444
t 1032 80 357 666
t 1381 1382 920 258
t 920 1382 725 258
t 358 196 449 202
t 733 1381 258 1382
t 258 1382 725 259
t 1379 733 258 1382
t 294 872 567 304
t 1379 258 259 1382
t 304 872 567 354
t 941 872 294 304
t 706 195 405 404
t 405 208 762 404
t 1389 693 734 463
t 225 799 33 1115
t 527 225 799 33
t 1375 527 799 33
t 1375 33 799 756
t 756 33 799 1115
t 450 540 452 750
t 223 540 452 450
t 1347 223 452 450
t 361 458 231 721
t 213 269 616 21
t 723 1328 254 253
t 1379 259 258 1083
t 258 264 1083 725
t 258 725 1083 259
t 824 845 1352 569
t 311 323 390 1345
t 288 599 867 47
t 798 774 379 224
t 774 798 1155 224
t 708 301 1388 300
t 270 220 221 103
t 270 942 221 220
t 304 354 356 303
t 1406 40 479 819
t 335 356 1087 354
t 1406 65 479 40
t 1397 286 1255 966
t 1340 1383 287 788
t 329 457 199 770
t 770 513 199 200
t 457 870 1108 770
t 770 870 1108 513
t 329 770 199 200
t 514 491 500 650
t 500 617 491 514
t 491 617 478 514
t 478 491 514 831
t 831 491 514 650
t 214 435 1139 1152
t 1139 435 1153 1152
t 503 909 243 1350
t 563 1415 311 465
t 224 435 1153 1404
t 773 1404 1153 1139
t 773 224 1153 1404
t 408 709 197 933
t 933 781 1033 408
t 933 197 408 1033
t 761 941 466 1391
t 374 195 1338 1337
t 571 84 579 1040
t 374 739 740 208
t 999 376 443 217
t 383 1176 792 1179
t 1085 601 527 33
t 1179 351 1176 792
t 674 225 1414 454
t 454 1115 225 1414
t 2 915 1103 1248
t 256 453 278 544
t 1371 453 256 544
t 1103 915 1416 1248
t 47 46 928 855
t 1084 582 928 855
t 827 1328 480 1118
t 271 788 511 1380
t 358 210 407 209
t 407 358 196 197
t 407 210 358 1023
t 407 1023 358 197
t 472 492 535 984
t 240 351 380 792
t 645 312 515 883
t 196 358 407 209
t 311 679 978 390
t 209 210 407 424
t 1176 792 240 661
t 535 719 472 984
t 305 294 291 347
t 294 568 836 347
t 593 294 836 347
t 984 816 492 535
t 294 568 347 305
t 291 294 593 347
t 90 1072 793 1326
t 412 711 199 802
t 751 235 452 314
t 585 688 989 650
t 585 428 989 688
t 455 452 747 314
t 605 1266 1417 587
t 605 768 1266 587
t 452 314 455 751
t 899 635 1252 83
t 336 767 578 214
t 328 908 1004 105
t 339 442 371 377
t 670 223 378 608
t 730 303 1391 728
t 865 375 223 608
t 1391 730 354 303
t 137 932 834 983
t 834 932 323 790
t 429 739 421 417
t 983 932 834 790
t 808 515 477 338
t 883 312 515 338
t 241 378 234 850
t 297 247 384 380
t 338 883 526 515
t 384 247 772 380
t 459 827 419 461
t 862 251 431 1271
t 461 827 419 1328
t 716 261 268 386
t 312 477 515 338
t 526 515 808 338
t 493 165 656 1120
t 399 95 257 1351
t 277 386 389 1358
t 276 283 386 389
t 816 553 620 740
t 331 399 257 1351
t 739 745 417 161
t 739 219 745 161
t 739 421 417 745
t 739 219 421 745
t 577 572 1117 110
t 1360 577 1028 572
t 1360 577 572 812
t 351 249 850 468
t 511 1353 239 34
t 382 249 850 351
t 473 686 616 205
t 430 222 712 726
t 80 620 553 506
t 520 1080 216 975
t 385 716 910 261
t 716 386 910 261
t 910 261 386 496
t 500 281 348 649
t 617 406 348 500
t 859 617 406 348
t 406 348 868 859
t 651 478 861 1363
t 1338 195 372 1337
t 1338 201 194 372
t 1338 1337 372 194
t 339 927 1408 951
t 964 951 339 1408
t 228 1408 964 339
t 787 763 875 1381
t 228 927 1408 339
t 649 1009 281 811
t 988 1009 649 811
t 555 1092 812 309
t 228 377 339 371
t 228 1171 377 371
t 228 273 1171 371
t 228 964 371 339
t 371 228 273 964
t 690 683 1047 1231
t 704 312 313 646
t 1271 293 916 399
t 313 646 312 515
t 1343 96 399 916
t 838 1226 1319 1011
t 340 917 343 382
t 607 917 606 340
t 563 704 312 355
t 302 704 563 355
t 410 213 802 783
t 859 478 651 1362
t 530 676 262 1420
t 262 910 530 1420
t 1063 974 940 104
t 519 974 104 938
t 456 778 406 281
t 1052 187 630 372
t 364 853 406 778
t 2 915 888 1103
t 609 767 314 224
t 544 1022 271 1419
t 544 1419 256 667
t 763 1385 46 800
t 271 544 100 1217
t 100 544 1216 1217
t 486 250 753 262
t 249 486 250 471
t 592 128 589 338
t 486 250 471 753
t 249 486 385 250
t 486 262 385 250
t 213 199 616 269
t 987 717 304 811
t 321 309 122 913
t 295 82 449 444
t 358 82 449 295
t 517 831 869 514
t 517 831 514 650
t 358 449 197 295
t 295 449 197 444
t 398 594 547 219
t 721 398 594 990
t 421 208 846 219
t 594 219 421 846
t 1020 526 338 883
t 1020 883 1345 526
t 344 368 308 512
t 628 526 338 1020
t 525 1345 526 1020
t 516 406 281 348
t 1262 1248 780 1057
t 1342 1093 1027 1256
t 441 230 745 219
t 219 230 721 441
t 205 204 269 490
t 697 590 521 204
t 34 1086 239 279
t 314 608 1002 229
t 1037 557 609 229
t 34 894 1086 279
t 229 768 608 1002
t 236 621 1030 1200
t 236 621 166 1414
t 236 621 1200 376
t 1200 332 376 621
t 236 33 621 1414
t 236 621 376 166
t 671 252 601 852
t 1041 1075 636 529
t 1085 601 671 252
t 1085 316 601 252
t 689 30 1085 252
t 1085 252 30 316
t 689 671 361 638
t 325 1227 267 1235
t 829 325 1235 1227
t 267 832 1235 1227
t 453 1006 674 278
t 931 1276 1196 570
t 511 239 11 279
t 1196 1191 1276 931
t 511 272 279 11
t 546 217 999 881
t 46 20 280 623
t 46 623 280 725
t 623 366 20 280
t 725 623 280 265
t 265 280 366 623
t 389 292 341 328
t 808 515 863 477
t 123 619 344 512
t 344 512 625 123
t 123 625 344 355
t 217 999 1336 546
t 1238 101 950 100
t 889 477 863 515
t 429 207 837 739
t 837 207 374 739
t 389 328 341 298
t 429 1346 837 207
t 1343 96 1351 399
t 606 917 343 340
t 378 540 452 223
t 365 353 934 656
t 365 532 934 353
t 353 470 532 934
t 656 267 353 934
t 353 267 470 934
t 329 457 770 960
t 60 31 870 457
t 744 209 407 424
t 81 935 590 65
t 65 590 1123 935
t 196 209 407 744
t 195 405 208 357
t 374 195 208 357
t 195 208 404 374
t 405 208 404 195
t 228 682 222 339
t 396 682 222 228
t 460 625 355 319
t 460 625 319 955
t 941 304 294 1359
t 216 937 359 209
t 1403 993 63 444
t 1374 1115 274 244
t 840 941 294 1359
t 840 1359 294 305
t 592 128 338 552
t 472 207 535 492
t 460 128 592 552
t 628 526 808 338
t 535 579 207 472
t 231 238 362 361
t 563 912 463 643
t 1409 362 238 361
t 713 860 715 233
t 351 233 715 860
t 234 860 450 233
t 713 233 450 860
t 563 312 912 643
t 351 860 234 233
t 563 312 704 912
t 270 942 220 231
t 275 759 724 445
t 270 442 221 942
t 285 1386 759 275
t 724 275 285 759
t 520 554 202 849
t 361 1085 689 246
t 459 361 246 1085
t 520 554 975 202
t 1375 756 230 33
t 378 223 452 608
t 452 1347 432 608
t 314 452 432 608
t 435 224 747 767
t 452 223 1347 608
t 378 452 314 608
t 314 767 747 224
t 399 676 293 96
t 1388 300 301 972
t 676 96 399 1351
t 1388 574 300 972
t 421 594 745 219
t 594 441 745 219
t 254 672 1167 362
t 76 60 457 56
t 968 1409 253 1035
t 254 1167 1035 362
t 891 610 87 557
t 254 1167 672 661
t 381 254 1167 1035
t 661 254 1167 381
t 1326 1080 793 90
t 562 78 564 473
t 730 476 289 765
t 722 265 723 1083
t 723 1016 265 722
t 900 1385 759 522
t 311 1344 978 563
t 827 1118 480 427
t 1118 1394 480 427
t 311 1344 390 978
t 1392 1359 466 941
t 1359 304 466 941
t 721 230 1065 441
t 361 230 1065 721
t 951 927 1408 847
t 927 211 1113 1033
t 951 1033 927 295
t 412 802 336 783
t 412 199 336 802
t 620 492 740 506
t 557 610 87 562
t 762 846 421 208
t 846 208 547 219
t 846 594 219 547
t 941 1359 840 1392
t 574 642 310 631
t 953 1033 644 211
t 263 186 836 576
t 707 196 391 956
t 953 211 927 1033
t 953 1033 927 951
t 346 211 927 953
t 450 234 750 860
t 576 836 593 186
t 186 586 263 836
t 186 294 586 836
t 186 836 593 294
t 707 956 391 420
t 442 232 221 942
t 622 46 47 855
t 622 855 725 46
t 277 678 676 636
t 331 676 636 1399
t 1399 497 636 331
t 1380 758 278 1377
t 797 1377 1380 278
t 672 232 442 362
t 271 1396 1022 668
t 825 259 723 1118
t 1400 685 310 1185
t 634 641 300 109
t 362 232 442 942
t 827 825 1118 427
t 906 226 1026 1072
t 827 246 825 1379
t 1069 236 1073 1026
t 280 731 735 1013
t 122 309 1094 913
t 309 1094 1092 122
t 860 234 750 850
t 351 850 234 860
t 641 634 575 109
t 583 3 187 613
t 216 975 359 937
t 1080 975 359 216
t 499 292 518 755
t 555 577 292 957
t 553 506 359 975
t 518 292 577 957
t 518 292 957 755
t 292 755 243 307
t 307 555 292 957
t 307 292 755 957
t 975 506 359 937
t 1050 114 573 575
t 553 975 359 1080
t 1335 684 729 1376
t 98 640 264 905
t 640 264 1013 98
t 662 111 174 456
t 681 1311 1290 1270
t 662 456 1302 111
t 301 300 475 631
t 808 477 863 992
t 889 992 863 477
t 491 509 1315 663
t 491 1315 124 663
t 942 727 926 220
t 507 1315 491 509
t 942 727 220 231
t 302 367 693 288
t 288 367 693 581
t 693 367 1389 581
t 961 1085 1375 732
t 1195 584 1288 1254
t 1375 1085 961 527
t 455 798 314 224
t 853 364 647 946
t 751 235 314 798
t 798 379 314 224
t 597 566 451 1010
t 798 235 314 379
t 1174 790 323 1143
t 642 310 790 833
t 525 1174 323 805
t 711 1062 513 830
t 411 1286 513 1062
t 1013 265 1016 722
t 847 82 295 1122
t 331 1075 529 636
t 1075 257 331 945
t 529 945 1075 331
t 1122 82 444 1403
t 1122 82 295 444
t 1004 283 618 922
t 1381 763 920 1382
t 1032 485 202 653
t 485 196 202 653
t 920 763 46 1382
t 920 46 725 1382
t 591 976 349 1417
t 81 1417 976 587
t 327 963 958 848
t 1340 287 1383 1388
t 760 1383 287 1388
t 966 1340 1383 1388
t 290 842 872 476
t 761 476 872 1391
t 941 1391 872 304
t 222 682 396 712
t 426 644 222 682
t 369 245 321 413
t 1015 1084 280 582
t 307 369 309 413
t 1200 161 443 332
t 1118 266 334 366
t 655 266 384 165
t 655 165 334 266
t 723 366 266 1118
t 347 1081 568 836
t 107 1081 347 836
t 197 933 1023 1033
t 778 516 406 281
t 778 853 406 516
t 593 836 107 347
t 934 1235 365 558
t 1016 1306 723 99
t 705 288 875 46
t 705 1385 734 288
t 916 293 96 399
t 705 763 46 875
t 1130 1000 1092 812
t 1112 119 1092 1130
t 883 645 526 515
t 649 811 281 648
t 398 902 967 721
t 648 516 281 649
t 617 348 514 500
t 209 359 227 702
t 859 617 348 514
t 498 909 243 755
t 391 405 195 196
t 405 195 706 391
t 391 196 707 405
t 749 1150 464 461
t 1150 247 464 461
t 1003 731 627 266
t 627 611 1003 266
t 611 829 1003 266
t 979 600 1027 157
t 749 1024 446 448
t 882 827 246 459
t 459 246 882 732
t 1415 679 475 978
t 475 679 318 978
t 978 563 1344 368
t 368 619 1344 978
t 551 598 596 215
t 953 644 222 211
t 346 211 953 222
t 102 577 363 534
t 346 222 698 211
t 222 426 712 726
t 729 274 1374 1377
t 690 683 930 1047
t 978 475 1415 368
t 327 662 174 1009
t 205 1108 870 1121
t 1359 1009 327 507
t 568 327 507 1359
t 558 934 325 656
t 656 558 611 325
t 1008 355 356 313
t 656 934 365 558
t 269 1121 205 490
t 311 1345 390 883
t 1020 883 338 390
t 1020 390 1345 883
t 656 267 934 325
t 870 1108 513 1121
t 269 199 205 1121
t 521 191 980 395
t 777 578 657 83
t 944 245 918 330
t 341 1094 105 555
t 1094 105 555 1092
t 442 339 103 221
t 92 339 103 442
t 1396 668 538 874
t 489 1068 356 1087
t 840 291 290 1387
t 662 1068 356 489
t 448 713 1024 233
t 311 679 1415 978
t 311 563 978 1415
t 448 713 981 1024
t 761 840 290 1387
t 661 297 383 792
t 852 33 1030 236
t 1030 33 852 671
t 671 852 601 33
t 414 524 1326 238
t 1326 721 238 967
t 238 270 804 227
t 804 524 414 238
t 236 852 33 1414
t 1414 601 852 33
t 581 47 418 11
t 581 875 47 11
t 11 1384 581 875
t 666 195 187 372
t 490 1036 521 191
t 269 1110 490 521
t 490 1110 929 904
t 1121 929 490 1110
t 269 1121 490 1110
t 490 191 1110 904
t 490 191 521 1110
t 302 693 734 288
t 1384 581 705 734
t 750 540 452 1078
t 540 235 452 1078
t 288 693 734 581
t 378 540 235 452
t 202 196 937 358
t 406 890 868 853
t 890 873 853 406
t 590 40 877 479
t 1038 692 691 1041
t 891 609 440 777
t 609 891 440 87
t 660 695 393 190
t 346 927 1408 228
t 1316 1054 1044 1313
t 721 1065 458 441
t 226 230 161 1030
t 967 220 270 227
t 238 967 270 227
t 238 967 231 270
t 361 1065 458 721
t 967 220 231 270
t 905 894 640 483
t 396 377 682 228
t 625 335 835 308
t 625 335 308 355
t 865 608 223 670
t 308 512 625 344
t 865 350 670 223
t 344 625 308 355
t 308 512 835 625
t 752 249 468 898
t 1085 33 230 671
t 750 850 898 468
t 361 230 671 1085
t 850 249 898 468
t 464 461 247 480
t 448 426 682 221
t 682 377 448 221
t 746 448 446 221
t 241 234 351 850
t 802 213 336 783
t 802 199 336 213
t 379 235 242 431
t 746 426 448 221
t 852 237 638 962
t 237 852 638 671
t 672 442 1167 362
t 362 270 238 231
t 253 689 1083 246
t 1026 237 1030 852
t 962 237 1026 852
t 254 247 1328 655
t 247 772 655 384
t 254 655 384 247
t 237 1030 852 671
t 1007 1131 1393 306
t 486 249 752 471
t 565 375 768 1266
t 605 375 1266 768
t 865 375 768 565
t 305 1131 1393 1007
t 362 942 270 231
t 258 264 725 1086
t 34 258 239 1086
t 622 725 1086 258
t 362 442 270 942
t 725 623 265 259
t 259 265 366 623
t 165 656 267 260
t 700 353 656 260
t 260 267 353 656
t 464 772 248 481
t 506 208 937 357
t 202 357 975 937
t 1101 261 386 268
t 157 1027 164 154
t 1399 676 636 277
t 357 506 975 937
t 1420 386 676 277
t 1375 799 757 756
t 699 406 509 174
t 276 283 677 150
t 281 1009 649 500
t 276 677 283 389
t 578 635 83 891
t 635 891 1252 83
t 635 1365 1252 891
t 756 757 1374 1115
t 578 557 635 891
t 756 799 757 1115
t 726 644 426 718
t 781 426 644 718
t 263 433 842 416
t 263 108 842 433
t 586 108 842 263
t 869 651 514 831
t 978 679 318 390
t 186 842 416 263
t 186 842 263 586
t 980 191 1067 395
t 980 1067 190 395
t 1067 395 826 856
t 1067 826 395 191
t 250 249 850 382
t 190 395 1067 856
t 382 235 850 250
t 918 147 135 949
t 245 321 949 918
t 238 721 231 967
t 481 425 260 484
t 721 398 231 967
t 831 585 491 650
t 336 899 578 635
t 425 700 260 484
t 635 578 336 557
t 248 352 484 260
t 473 336 557 635
t 281 778 717 456
t 481 260 248 484
t 899 1365 1252 635
t 658 1174 525 805
t 717 313 456 778
t 281 648 717 778
t 717 313 778 648
t 700 484 352 260
t 209 210 220 103
t 339 210 103 221
t 1252 71 73 899
t 205 616 204 686
t 686 21 204 1417
t 202 937 216 358
t 358 937 216 209
t 792 240 672 380
t 297 792 672 380
t 466 1009 988 811
t 306 428 585 369
t 1225 592 477 184
t 585 306 989 428
t 343 241 378 670
t 343 241 670 823
t 987 1391 304 303
t 523 965 103 358
t 523 849 965 358
t 849 216 965 358
t 965 216 103 358
t 641 573 300 109
t 573 641 575 109
t 641 1050 573 575
t 64 372 1052 911
t 750 850 540 1078
t 850 235 540 1078
t 378 850 235 540
t 268 1005 838 632
t 339 644 210 221
t 456 364 406 778
t 290 291 186 1120
t 689 30 246 1085
t 364 402 149 946
t 290 186 291 294
t 364 946 778 402
t 382 850 241 351
t 834 323 679 790
t 133 137 834 118
t 689 30 1083 246
t 689 1083 30 722
t 74 55 570 57
t 454 244 654 684
t 218 244 654 454
t 249 385 486 261
t 457 870 770 960
t 205 1108 457 870
t 1370 654 94 454
t 684 654 454 94
t 385 910 486 261
t 1370 654 454 218
t 385 262 486 910
t 725 46 623 1382
t 1006 97 785 453
t 453 785 1006 950
t 759 46 1382 623
t 759 46 800 1382
t 763 800 46 1382
t 983 614 112 142
t 685 1170 310 833
t 69 78 205 886
t 397 929 1110 828
t 339 221 442 377
t 467 687 1202 501
t 467 291 1202 687
t 295 1033 1023 951
t 1033 197 295 1023
t 669 1012 519 286
t 286 1012 519 1340
t 1126 1232 1141 830
t 828 1126 1141 830
t 1398 966 1012 669
t 198 197 295 1033
t 286 1340 966 1012
t 274 729 454 256
t 440 998 609 87
t 1113 211 198 1033
t 87 609 229 1070
t 1070 609 998 87
t 274 674 256 454
t 856 395 660 190
t 395 695 660 190
t 758 34 674 434
t 757 674 434 758
t 758 674 34 278
t 692 499 1163 691
t 561 491 500 507
t 1377 674 256 274
t 704 312 646 912
t 1007 203 491 507
t 646 912 312 515
t 499 529 1163 691
t 239 1086 559 279
t 279 559 894 1086
t 514 500 649 650
t 462 561 650 649
t 561 650 649 500
t 294 963 586 836
t 294 963 836 568
t 1117 110 572 113
t 209 208 359 547
t 937 209 405 208
t 276 1101 283 353
t 353 261 1101 268
t 937 208 359 209
t 276 261 1101 353
t 431 474 251 798
t 431 474 250 251
t 209 919 547 422
t 431 751 474 798
t 405 209 422 919
t 687 501 1131 1202
t 1381 763 875 920
t 628 1020 338 629
t 751 431 474 250
t 1381 920 239 258
t 875 763 46 920
t 622 46 725 920
t 622 920 725 258
t 935 590 1123 1122
t 959 187 3 1052
t 3 187 630 1052
t 629 390 589 162
t 41 1052 3 888
t 338 592 629 589
t 3 1052 630 888
t 41 959 3 1052
t 259 1118 427 315
t 299 1268 510 923
t 439 921 923 602
t 299 1136 930 652
t 923 921 245 602
t 408 409 211 695
t 409 211 726 408
t 1379 827 246 882
t 882 246 1379 732
t 82 358 951 295
t 924 245 1258 664
t 517 924 330 831
t 831 585 924 330
t 523 82 951 847
t 951 847 82 295
t 924 664 1258 585
t 523 82 358 951
t 730 522 900 765
t 730 1385 900 522
t 713 715 925 233
t 464 715 925 713
t 380 715 233 925
t 380 925 233 1024
t 713 925 1024 233
t 981 713 925 1024
t 1386 730 900 765
t 231 362 419 361
t 1409 362 361 253
t 253 419 362 361
t 353 268 470 1319
t 1001 1333 583 653
t 948 1333 1001 653
t 915 1276 570 1140
t 915 1140 570 201
t 387 194 1346 597
t 677 283 1021 150
t 576 365 1021 1410
t 677 1202 150 1021
t 150 593 1021 1202
t 576 1410 1021 593
t 476 730 354 1391
t 476 289 354 730
t 730 289 354 303
t 499 755 518 505
t 1164 505 499 518
t 80 885 1338 878
t 1387 291 467 687
t 1387 291 150 467
t 1181 326 1297 1329
t 933 709 197 407
t 625 1087 835 335
t 407 781 210 1023
t 407 1023 933 781
t 68 201 57 77
t 706 195 1334 391
t 752 249 898 471
t 750 850 471 898
t 850 249 471 898
t 1340 519 287 708
t 1403 444 63 82
t 1012 300 519 708
t 966 708 1388 300
t 1388 1340 287 708
t 444 449 63 82
t 166 1336 1175 317
t 1200 740 161 226
t 978 563 368 1415
t 237 671 638 361
t 237 361 638 539
t 333 1175 317 166
t 1200 443 161 740
t 392 393 709 197
t 88 1200 740 443
t 88 1200 906 740
t 1094 1092 555 309
t 908 341 1094 105
t 966 286 1012 669
t 1200 740 226 906
t 1397 286 966 669
t 406 1362 859 873
t 491 1258 585 330
t 744 209 424 422
t 209 220 424 422
t 491 129 1258 330
t 902 398 547 219
t 702 398 547 902
t 702 359 227 1326
t 902 359 226 219
t 836 954 586 263
t 586 963 954 836
t 699 406 873 1362
t 330 129 478 491
t 831 491 585 330
t 702 359 1326 902
t 226 359 902 1326
t 330 491 478 831
t 448 981 749 1024
t 380 464 925 1150
t 981 464 1150 925
t 568 1025 507 958
t 568 958 1081 1025
t 709 393 408 197
t 408 393 198 197
t 408 695 198 393
t 1389 972 301 465
t 391 485 1334 844
t 241 234 670 350
t 1198 918 185 330
t 670 234 223 350
t 1019 944 949 918
t 938 418 279 11
t 290 872 294 941
t 290 941 294 840
t 290 941 840 761
t 849 358 743 202
t 761 1391 872 941
t 938 418 560 279
t 1415 394 311 465
t 1024 221 446 448
t 221 377 448 1024
t 985 652 1028 1166
t 1009 717 281 811
t 241 343 1179 1178
t 641 1050 633 1264
t 1176 241 1179 1178
t 304 717 1009 811
t 21 204 269 616
t 345 375 608 432
t 314 608 432 345
t 608 375 1347 432
t 757 674 1377 274
t 1380 788 511 787
t 379 862 771 798
t 771 862 1421 798
t 787 239 11 511
t 374 740 207 492
t 535 740 207 443
t 492 740 207 535
t 616 21 204 686
t 443 207 739 740
t 374 207 740 739
t 476 842 354 296
t 20 842 476 296
t 350 396 482 228
t 842 1015 737 296
t 550 1337 404 1346
t 912 645 312 515
t 459 1065 361 1085
t 550 195 404 1337
t 430 482 396 222
t 373 351 352 249
t 482 396 223 430
t 482 396 350 223
t 352 248 351 255
t 550 195 706 404
t 430 482 222 698
t 787 788 511 11
t 1380 787 511 1353
t 511 787 239 1353
t 1026 1030 237 226
t 781 426 746 221
t 781 426 221 644
t 302 867 367 288
t 424 781 746 221
t 864 992 863 889
t 210 781 424 221
t 210 644 781 221
t 486 261 910 496
t 517 688 831 650
t 650 585 688 831
t 517 688 549 924
t 486 910 754 496
t 868 516 348 406
t 971 866 864 853
t 1225 808 477 338
t 724 366 315 1118
t 97 1414 601 320
t 1382 623 259 315
t 1414 588 320 97
t 789 1414 97 588
t 640 725 1307 1013
t 1414 601 674 97
t 516 406 868 853
t 516 853 868 866
t 860 850 750 468
t 1088 217 1372 332
t 951 1033 1023 210
t 953 210 644 1033
t 953 1033 951 210
t 869 861 651 831
t 217 332 813 1372
t 242 314 378 235
t 242 378 314 229
t 1107 300 634 519
t 1398 1012 300 996
t 996 1012 300 1107
t 1012 1107 519 300
t 203 585 306 1007
t 209 208 547 919
t 405 209 919 208
t 762 919 846 208
t 405 208 919 762
t 150 283 1021 365
t 150 365 1021 576
t 150 576 1021 593
t 919 208 547 846
t 1174 525 1345 658
t 699 456 130 149
t 1328 247 461 480
t 827 1328 461 480
t 699 647 364 149
t 81 590 935 976
t 290 842 416 186
t 307 413 985 508
t 290 294 842 186
t 186 294 842 586
t 643 645 312 912
t 954 108 586 263
t 586 963 108 954
t 458 721 990 231
t 757 434 1378 758
t 239 622 258 920
t 330 1258 585 924
t 424 746 926 221
t 796 244 1374 729
t 688 664 924 585
t 688 664 585 428
t 927 437 847 295
t 951 927 847 295
t 653 196 202 449
t 732 316 961 1085
t 653 196 449 956
t 91 482 1367 350
t 91 350 1367 528
t 585 1258 369 664
t 91 482 350 865
t 91 350 670 865
t 362 442 804 270
t 91 350 528 670
t 1007 347 1131 306
t 778 402 313 456
t 313 319 456 402
t 305 347 1131 1007
t 305 291 1131 347
t 1416 372 388 1337
t 559 47 675 622
t 622 855 47 675
t 1086 559 675 622
t 622 675 725 855
t 622 725 675 1086
t 1368 689 253 539
t 1357 638 689 539
t 404 1346 1337 837
t 195 374 404 1337
t 1357 689 1368 539
t 352 353 261 700
t 778 648 516 281
t 700 261 352 484
t 439 1296 921 602
t 549 439 944 923
t 1209 921 326 1058
t 801 1241 921 944
t 801 921 1209 1058
t 352 353 700 260
t 1069 1026 1200 236
t 384 1048 255 260
t 255 267 352 260
t 248 255 352 260
t 248 384 255 260
t 834 390 323 162
t 183 932 323 162
t 749 232 1150 604
t 1048 260 267 255
t 232 247 1150 604
t 350 1367 1171 228
t 228 953 927 339
t 228 953 339 222
t 490 929 806 904
t 1126 806 929 828
t 405 209 744 422
t 1121 806 490 929
t 372 915 1416 1103
t 929 806 904 828
t 232 604 749 446
t 446 604 749 1018
t 382 241 850 378
t 472 206 579 207
t 410 783 970 213
t 571 206 579 472
t 410 970 212 213
t 1402 486 495 261
t 499 292 755 1349
t 292 498 243 755
t 709 392 197 707
t 756 621 1115 1372
t 1384 787 287 760
t 974 940 475 641
t 475 940 936 641
t 939 1398 574 996
t 939 996 574 821
t 626 444 190 1168
t 392 393 197 1168
t 254 247 297 672
t 254 247 384 297
t 710 397 269 1110
t 669 668 286 851
t 254 661 672 297
t 286 668 669 1397
t 684 454 729 256
t 1335 244 729 684
t 792 297 255 380
t 792 297 383 255
t 383 255 297 1109
t 1027 1170 932 983
t 932 1143 323 790
t 1093 805 1186 1143
t 1093 805 1056 1186
t 983 1170 932 790
t 1016 723 731 99
t 731 723 266 99
t 731 266 1003 99
t 767 1037 345 557
t 435 767 747 783
t 789 494 1414 588
t 519 669 286 851
t 486 910 262 754
t 502 1220 519 851
t 1420 754 262 910
t 347 1025 748 1361
t 91 768 565 865
t 107 748 347 1081
t 347 1025 1081 748
t 226 219 161 230
t 644 726 222 211
t 211 644 726 408
t 256 684 667 1376
t 615 859 514 651
t 363 105 328 596
t 380 248 715 464
t 240 351 233 380
t 91 482 865 565
t 351 715 248 468
t 307 369 503 243
t 667 684 256 94
t 503 243 369 428
t 307 369 243 309
t 428 369 306 243
t 243 1361 369 306
t 243 1361 309 369
t 859 873 890 406
t 312 338 883 390
t 379 431 798 235
t 385 382 373 249
t 385 249 250 382
t 1416 194 1337 387
t 1416 372 1337 194
t 1337 194 1346 387
t 380 384 248 772
t 802 711 199 410
t 410 199 802 213
t 410 397 199 269
t 464 380 248 772
t 269 410 213 199
t 711 397 199 410
t 383 297 661 1109
t 1109 384 1048 255
t 1176 383 792 661
t 819 479 626 40
t 479 40 877 626
t 1100 1411 546 881
t 867 367 938 814
t 982 1005 386 284
t 982 283 386 618
t 389 283 386 982
t 982 618 386 1005
t 678 982 1031 284
t 678 982 389 1031
t 325 1048 267 1227
t 1024 377 448 233
t 376 217 332 443
t 376 332 217 1088
t 855 582 1071 675
t 855 1307 280 582
t 1400 939 574 821
t 338 128 589 390
t 390 338 629 589
t 64 666 41 1052
t 64 1052 41 911
t 964 951 523 339
t 964 339 523 92
t 911 1052 41 888
t 549 923 245 1095
t 778 477 313 402
t 465 394 311 342
t 407 424 210 781
t 409 782 698 212
t 782 212 710 410
t 970 783 432 345
t 181 805 1093 1177
t 784 480 1205 1394
t 658 1174 805 1172
t 481 784 480 1205
t 1348 497 786 636
t 1074 290 1387 761
t 499 497 529 636
t 1163 499 497 529
t 786 497 499 636
t 430 698 222 726
t 859 478 514 651
t 478 859 514 617
t 651 478 514 831
t 190 980 395 695
t 415 642 790 833
t 983 790 475 310
t 983 1170 790 310
t 664 369 428 508
t 508 503 369 428
t 351 248 380 255
t 944 245 949 918
t 549 944 245 923
t 944 921 949 245
t 311 312 563 643
t 944 439 921 923
t 351 248 715 380
t 1358 498 389 277
t 498 389 810 1401
t 501 498 810 1401
t 691 1038 1075 257
t 386 1165 618 1101
t 268 1005 1165 838
t 1228 1101 618 1165
t 386 268 1005 1165
t 675 1071 559 843
t 1385 289 46 522
t 730 289 1385 522
t 675 559 894 843
t 758 1378 1381 434
t 676 1031 284 678
t 277 1031 678 389
t 676 1031 678 277
t 1381 1378 258 434
t 1378 1381 258 733
t 434 483 258 34
t 869 615 514 651
t 332 417 813 1064
t 351 468 850 860
t 941 304 466 1391
t 539 237 414 962
t 414 237 539 238
t 1377 1376 256 797
t 1120 186 416 611
t 91 893 587 768
t 351 240 233 241
t 90 553 816 740
t 351 241 233 234
t 290 416 1120 186
t 318 127 895 834
t 241 350 233 234
t 239 47 559 622
t 241 240 233 350
t 199 412 336 899
t 897 915 911 43
t 1406 995 490 1014
t 200 199 899 412
t 44 205 896 62
t 65 1036 1406 479
t 1335 796 244 370
t 62 870 60 44
t 44 31 870 60
t 367 938 814 974
t 867 803 106 814
t 90 740 906 226
t 90 740 816 906
t 91 893 768 907
t 893 564 557 89
t 749 604 461 1018
t 681 1311 1270 1277
t 790 631 475 310
t 394 642 790 415
t 642 394 790 631
t 468 248 484 714
t 468 249 752 484
t 345 767 336 783
t 563 912 704 463
t 463 302 704 563
t 559 1071 418 843
t 709 707 197 407
t 332 745 161 417
t 70 839 72 571
t 332 1064 745 417
t 1252 899 83 71
t 460 123 955 779
t 634 1050 641 575
t 524 92 227 804
t 749 604 1150 461
t 604 247 1150 461
t 307 957 505 1360
t 1360 957 505 577
t 574 996 300 821
t 1090 1159 775 1157
t 808 1225 477 184
t 356 319 1302 456
t 356 313 456 717
t 356 319 456 313
t 717 456 356 662
t 356 1302 662 456
t 288 1385 46 705
t 705 1385 46 763
t 809 1166 1028 1029
t 976 437 349 590
t 349 973 437 1113
t 349 437 973 590
t 1067 191 479 1017
t 1067 826 191 1049
t 1075 551 542 1041
t 1041 542 1075 1038
t 810 298 347 593
t 677 389 810 298
t 893 564 605 557
t 699 406 1362 509
t 930 136 321 119
t 413 1112 930 321
t 413 572 930 1112
t 810 498 909 243
t 909 810 243 1350
t 1343 399 1351 95
t 687 305 1392 291
t 607 858 1271 916
t 1131 291 305 687
t 1124 579 719 571
t 577 572 812 1117
t 572 117 1112 624
t 493 1387 150 467
t 778 889 313 477
t 778 992 889 477
t 1120 186 150 291
t 493 1387 1120 150
t 1387 291 1120 150
t 820 583 1333 1173
t 653 1333 583 1173
t 959 1173 653 583
t 491 124 129 663
t 724 759 427 315
t 315 759 427 1382
t 724 285 427 759
t 557 375 1002 345
t 768 375 1002 557
t 1037 1002 557 229
t 229 768 1002 557
t 537 417 813 969
t 1037 1002 345 557
t 604 1328 461 419
t 814 308 512 106
t 316 434 483 258
t 34 1086 483 258
t 422 220 424 727
t 465 342 311 643
t 196 209 744 405
t 405 209 937 196
t 358 196 937 209
t 1343 399 95 916
t 916 251 1271 399
t 696 147 918 163
t 46 280 855 725
t 1084 855 280 582
t 404 837 1337 374
t 278 453 256 674
t 837 207 194 374
t 1337 837 194 374
t 573 112 614 109
t 1377 278 256 674
t 389 498 292 277
t 277 678 292 389
t 897 372 915 201
t 61 897 915 66
t 277 292 678 636
t 498 277 1349 292
t 1349 277 636 292
t 589 390 128 895
t 44 896 205 490
t 62 896 67 205
t 506 359 208 740
t 226 740 219 359
t 553 359 506 740
t 1392 687 1393 305
t 305 687 1393 1131
t 90 359 740 226
t 740 208 219 359
t 985 413 652 299
t 90 359 553 740
t 299 652 930 413
t 694 663 478 129
t 290 291 840 294
t 220 702 227 967
t 702 1326 227 967
t 1326 967 238 227
t 702 902 1326 967
t 1247 1055 1232 1141
t 517 688 924 831
t 831 924 585 688
t 504 1004 596 284
t 503 243 428 1350
t 1350 428 306 243
t 309 321 122 1112
t 579 84 881 1040
t 692 577 1096 809
t 413 309 321 369
t 413 1112 321 309
t 809 572 577 110
t 1089 1139 578 83
t 46 1084 928 855
t 557 609 87 891
t 46 855 280 1084
t 1398 669 1012 996
t 137 133 834 160
t 118 137 983 116
t 983 834 137 118
t 42 32 931 1279
t 57 1279 55 570
t 511 239 279 34
t 1285 140 153 155
t 949 155 140 1285
t 949 321 930 136
t 511 950 34 279
t 335 1412 296 835
t 335 308 1412 835
t 935 590 1122 976
t 512 308 835 106
t 97 1006 785 673
t 101 785 950 673
t 721 902 226 219
t 967 902 1326 721
t 226 902 721 1326
t 858 916 854 1271
t 1343 858 916 854
t 370 654 244 684
t 858 854 93 862
t 370 166 244 654
t 854 775 862 251
t 1035 362 1409 253
t 218 654 244 166
t 1369 256 1371 453
t 699 456 406 174
t 1238 544 453 1371
t 1371 544 256 667
t 456 406 364 699
t 364 149 456 699
t 272 101 279 560
t 272 101 560 1051
t 369 245 413 508
t 688 1095 664 508
t 390 895 589 148
t 390 162 148 589
t 379 680 93 862
t 1070 229 242 379
t 542 1351 1075 257
t 707 956 420 392
t 475 573 983 310
t 834 983 679 318
t 509 699 663 694
t 77 472 201 570
t 77 472 570 74
t 571 472 570 738
t 199 329 473 457
t 76 457 205 473
t 253 1083 825 246
t 825 246 1328 253
t 436 841 262 399
t 497 841 331 1399
t 246 1083 825 1379
t 487 262 436 841
t 842 433 1015 360
t 843 803 418 560
t 486 262 753 754
t 843 418 279 560
t 1198 918 1019 185
t 1019 918 163 185
t 1019 1199 1198 185
t 672 442 232 377
t 163 185 1199 1019
t 391 820 1173 844
t 393 1168 845 824
t 845 393 392 1168
t 1179 373 382 351
t 343 241 1179 382
t 241 382 351 1179
t 343 382 1179 340
t 556 382 1179 373
t 340 382 1179 556
t 340 632 556 1011
t 1228 470 1101 838
t 386 1165 1101 268
t 1228 838 1101 1165
t 353 1101 470 268
t 921 949 1215 1058
t 1083 264 265 725
t 1013 265 264 725
t 312 460 355 313
t 704 313 312 355
t 363 555 105 534
t 312 477 460 313
t 1051 502 272 100
t 1220 669 851 1236
t 851 271 272 100
t 851 1217 271 100
t 1217 668 851 271
t 320 1414 601 852
t 429 837 404 739
t 404 837 374 739
t 1414 1079 852 320
t 77 570 201 57
t 253 1083 723 825
t 723 825 1328 253
t 825 1083 723 259
t 637 558 263 1235
t 325 558 637 1235
t 637 829 325 1235
t 205 457 60 870
t 983 834 118 318
t 218 333 794 494
t 824 856 190 807
t 844 857 187 818
t 272 1051 938 519
t 519 104 1051 938
t 690 930 1136 652
t 683 1206 930 1047
t 441 745 230 756
t 476 842 20 290
t 1386 476 20 290
t 234 396 233 450
t 396 234 223 450
t 762 422 846 919
t 405 919 422 762
t 422 919 547 846
t 422 594 846 547
t 441 1375 756 230
t 680 431 862 379
t 93 862 771 379
t 775 862 876 854
t 407 197 933 1023
t 1217 1022 271 544
t 1216 1022 544 667
t 358 197 1023 295
t 191 4 1406 479
t 441 230 1065 1375
t 307 503 985 505
t 307 755 503 505
t 103 209 216 227
t 103 220 209 227
t 227 209 216 359
t 449 444 993 197
t 197 993 449 189
t 749 232 446 1024
t 1024 232 446 221
t 232 377 221 1024
t 75 457 329 56
t 1082 482 565 346
t 1082 482 91 565
t 75 56 329 73
t 867 928 106 1071
t 867 1412 106 928
t 689 252 671 638
t 1357 252 689 638
t 474 436 250 251
t 290 476 872 761
t 21 710 697 212
t 290 761 872 941
t 409 697 710 212
t 1386 290 761 476
t 1414 225 33 1115
t 732 30 316 1085
t 674 225 601 1414
t 788 11 287 272
t 287 11 788 787
t 1383 787 287 788
t 288 875 47 581
t 581 1384 705 875
t 1384 875 11 787
t 288 46 47 875
t 520 202 216 849
t 559 1071 675 47
t 938 104 560 803
t 867 47 418 581
t 775 854 876 95
t 64 372 1338 666
t 64 666 1032 41
t 186 593 291 294
t 1326 524 414 793
t 1326 1080 524 793
t 1113 295 437 927
t 203 491 124 1258
t 1113 973 437 295
t 1113 295 927 1033
t 1113 198 973 295
t 1113 198 295 1033
t 294 327 568 1359
t 294 1359 568 305
t 186 593 150 291
t 983 112 614 573
t 40 626 1403 877
t 807 479 190 626
t 479 626 877 190
t 64 372 897 878
t 475 318 121 978
t 974 475 940 368
t 475 368 121 940
t 1052 372 630 888
t 914 888 3 630
t 897 66 878 201
t 80 878 1338 64
t 879 896 205 67
t 81 204 879 65
t 127 125 318 880
t 1031 982 386 284
t 1031 982 389 386
t 676 386 284 1031
t 277 386 1031 389
t 676 386 1031 277
t 355 303 335 302
t 188 354 303 335
t 510 1149 1128 1268
t 303 356 335 354
t 303 335 356 355
t 751 314 455 798
t 781 644 210 1033
t 1023 781 210 1033
t 933 1023 1033 781
t 543 579 85 1127
t 809 577 102 110
t 1039 110 809 102
t 311 883 312 645
t 658 1174 645 1345
t 1139 578 83 657
t 525 323 1174 1345
t 44 205 870 490
t 66 915 201 897
t 217 969 813 443
t 123 880 1344 884
t 1030 33 671 230
t 79 68 201 885
t 813 443 969 417
t 1119 1161 193 1144
t 43 915 888 24
t 21 410 213 269
t 21 213 410 212
t 410 710 21 212
t 410 269 21 710
t 340 385 917 382
t 731 1016 265 723
t 970 783 345 213
t 375 213 970 345
t 736 627 735 360
t 970 375 212 213
t 314 1037 609 229
t 767 314 345 1037
t 314 1002 1037 229
t 314 1002 345 1037
t 609 1037 314 767
t 358 1023 951 295
t 1258 901 321 892
t 918 1258 321 892
t 1051 502 519 272
t 819 626 1102 40
t 347 1025 568 1081
t 1228 470 1235 532
t 1228 532 1235 1410
t 1007 568 347 1025
t 305 568 347 1007
t 490 1406 1036 191
t 1036 1406 479 191
t 894 279 673 947
t 1088 370 796 1373
t 370 1088 796 244
t 270 103 92 227
t 804 270 92 227
t 442 270 92 804
t 607 340 385 917
t 1371 544 1216 100
t 357 374 1338 506
t 506 374 208 357
t 607 632 385 340
t 374 1338 195 357
t 607 917 385 1271
t 1271 607 293 385
t 988 305 561 1359
t 988 305 462 561
t 462 561 305 1007
t 605 213 557 473
t 437 847 295 1122
t 321 913 126 901
t 901 126 321 892
t 838 470 1101 268
t 838 268 1101 1165
t 437 973 1122 295
t 1122 295 973 444
t 543 579 1127 84
t 628 629 338 592
t 202 903 1188 653
t 692 612 1096 577
t 773 224 1155 1153
t 224 531 1155 1153
t 759 20 623 445
t 241 240 350 528
t 1176 240 241 528
t 490 191 904 4
t 826 904 191 1049
t 25 44 490 995
t 1251 25 490 995
t 611 558 263 637
t 325 558 611 637
t 611 829 325 637
t 574 300 310 821
t 631 300 475 310
t 574 300 631 310
t 475 300 573 310
t 821 300 310 573
t 906 740 816 88
t 438 907 229 89
t 89 229 768 907
t 907 893 768 89
t 590 980 198 697
t 393 695 198 190
t 697 198 695 980
t 190 980 695 198
t 583 1001 653 959
t 1122 444 973 877
t 1122 1403 444 877
t 202 1032 653 1188
t 1007 507 1025 203
t 616 605 21 686
t 1360 572 652 413
t 203 977 507 1025
t 1105 815 948 469
t 652 1028 572 1360
t 485 956 653 1173
t 390 679 318 834
t 911 372 1052 888
t 1374 1115 757 274
t 885 620 492 79
t 619 884 1344 978
t 720 795 326 1297
t 1385 288 46 289
t 288 289 599 46
t 288 188 599 289
t 791 88 86 548
t 794 791 997 548
t 794 333 376 1077
t 88 548 1200 443
t 867 308 106 1412
t 998 680 440 379
t 87 1070 229 89
t 1412 308 106 835
t 133 318 834 127
t 148 162 834 160
t 133 148 834 160
t 133 134 834 148
t 32 1279 1261 931
t 61 915 43 57
t 1279 43 915 57
t 66 915 57 201
t 777 609 774 657
t 774 609 224 657
t 494 794 1414 1079
t 236 794 1079 1414
t 1258 330 918 245
t 1258 1327 918 330
t 1327 892 918 1407
t 949 147 163 918
t 185 1327 918 696
t 549 639 801 1241
t 634 633 519 641
t 634 519 633 1051
t 1048 325 829 1227
t 608 375 223 1347
t 278 1006 34 950
t 453 950 1006 278
t 202 196 485 357
t 357 485 202 1032
t 485 666 357 195
t 666 357 1032 485
t 524 965 227 92
t 349 1113 927 211
t 339 953 927 951
t 591 349 927 211
t 346 927 211 591
t 346 953 927 228
t 1007 507 568 1025
t 1084 1412 928 582
t 599 1412 928 1084
t 47 855 928 1071
t 625 356 1068 1087
t 855 582 928 1071
t 955 319 1366 1302
t 599 46 928 47
t 779 955 319 1366
t 867 599 928 47
t 213 616 605 21
t 473 605 213 616
t 454 256 1369 453
t 785 453 1238 950
t 94 1370 454 1369
t 153 1194 139 140
t 916 775 251 399
t 1279 55 570 54
t 1279 570 931 54
t 399 95 916 775
t 399 775 1405 1145
t 399 775 251 1405
t 285 275 1394 192
t 275 165 334 1394
t 275 334 724 1394
t 399 95 775 1145
t 724 275 1394 285
t 192 1394 165 275
t 944 801 549 1198
t 549 1241 801 944
t 568 958 836 1081
t 568 958 963 836
t 905 98 1357 252
t 1112 119 930 321
t 791 1069 1200 236
t 1112 572 930 117
t 646 313 889 515
t 697 980 395 521
t 321 1258 918 245
t 697 695 395 980
t 380 1150 1024 232
t 981 1150 749 1024
t 572 624 1117 117
t 1150 232 749 1024
t 380 247 1150 232
t 877 444 626 1403
t 794 791 548 236
t 304 717 1008 356
t 987 304 717 1008
t 1194 145 1047 1042
t 1297 1329 326 1339
t 272 560 938 1051
t 1075 1351 331 257
t 390 895 148 834
t 62 870 205 60
t 57 201 915 570
t 1095 923 245 508
t 999 881 217 579
t 134 834 895 127
t 492 201 194 1338
t 543 84 881 579
t 895 134 148 834
t 1025 203 1361 306
t 1025 203 748 1361
t 1095 245 924 664
t 1007 203 1025 306
t 508 245 664 369
t 1095 245 664 508
t 1095 245 549 924
t 545 206 1100 1040
t 691 257 1075 945
t 946 149 647 184
t 523 339 103 92
t 2 1103 630 780
t 630 1103 1416 780
t 560 279 947 101
t 294 586 567 842
t 586 108 567 842
t 843 279 947 560
t 2 1103 888 630
t 477 552 338 312
t 313 515 477 889
t 460 552 477 312
t 372 1103 1416 630
t 630 372 1103 888
t 822 820 1333 956
t 826 1110 395 191
t 458 419 459 361
t 949 136 930 140
t 949 155 136 140
t 949 136 155 147
t 507 977 958 1025
t 822 845 392 189
t 680 862 431 858
t 457 1108 199 770
t 770 1108 199 513
t 205 199 1108 1121
t 1108 199 513 1121
t 818 187 844 388
t 205 199 457 1108
t 844 820 1173 857
t 864 992 889 778
t 613 3 187 630
t 820 391 956 420
t 822 956 189 392
t 420 956 820 822
t 249 385 261 352
t 556 352 385 373
t 373 352 385 249
t 556 352 268 385
t 385 268 261 352
t 820 583 1173 857
t 342 311 1345 323
t 790 311 342 323
t 342 311 645 1345
t 415 833 790 1143
t 558 1235 365 447
t 337 400 545 206
t 206 401 400 545
t 206 401 738 400
t 64 80 1032 666
t 666 1052 187 959
t 959 1001 769 41
t 1001 959 3 41
t 63 449 993 469
t 444 993 63 449
t 56 960 53 35
t 189 569 815 822
t 1188 1032 41 64
t 452 235 751 1078
t 508 510 299 985
t 299 923 510 508
t 1104 805 1056 1093
t 1093 1186 932 1143
t 1056 1093 1027 1342
t 525 323 1020 183
t 525 323 1345 1020
t 1020 390 323 1345
t 162 1020 323 183
t 162 1020 390 323
t 493 700 260 425
t 549 245 944 330
t 517 924 549 330
t 924 245 549 330
t 549 944 1198 330
t 1198 549 330 517
t 401 969 537 206
t 537 969 1411 206
t 1228 618 283 922
t 429 207 739 417
t 429 1346 404 837
t 269 397 199 1121
t 513 199 397 1121
t 397 711 199 513
t 516 853 971 778
t 337 1034 571 1040
t 1040 1034 571 84
t 1345 526 659 525
t 972 574 631 394
t 972 1415 301 465
t 972 631 301 1415
t 973 295 198 444
t 973 444 198 877
t 349 198 973 1113
t 349 973 198 590
t 590 877 973 198
t 44 31 25 870
t 23 870 25 31
t 1119 1144 193 1097
t 1059 1263 766 1097
t 766 1144 1097 1263
t 1364 1119 1239 1097
t 1208 1097 1263 1059
t 1097 1239 1364 1208
t 764 1256 322 1142
t 337 738 400 206
t 337 400 738 451
t 571 337 206 738
t 245 602 930 299
t 602 949 245 930
t 245 930 321 413
t 245 930 413 299
t 949 321 245 930
t 708 974 287 301
t 301 367 974 287
t 300 974 475 641
t 301 368 974 367
t 301 475 974 368
t 633 641 936 1063
t 1224 690 652 1166
t 348 514 868 859
t 652 690 1029 1166
t 1224 1061 690 1166
t 690 113 572 1029
t 337 571 206 1040
t 337 206 545 1040
t 821 573 614 109
t 821 300 573 109
t 952 899 1354 1089
t 1354 899 71 83
t 952 1356 899 1089
t 214 1089 899 1356
t 1421 423 1157 701
t 181 805 1104 1093
t 1156 1093 1256 322
t 533 833 1106 1158
t 415 533 1106 1177
t 648 313 778 889
t 1177 533 1106 1158
t 794 1077 548 997
t 533 833 415 1106
t 998 680 379 1070
t 201 1416 1140 194
t 372 201 194 1416
t 915 1416 1140 201
t 201 372 915 1416
t 979 1027 600 1148
t 764 1027 1256 536
t 1027 536 1342 1256
t 1148 600 1053 1027
t 1104 1056 1342 1093
t 932 834 323 162
t 932 180 160 162
t 932 1116 1143 1170
t 1053 1170 1116 1027
t 979 1148 764 1027
t 943 690 113 141
t 690 930 141 1047
t 690 141 930 113
t 1342 175 536 1027
t 663 509 694 478
t 115 140 930 117
t 115 930 140 139
t 72 570 55 54
t 74 570 55 72
t 72 570 54 70
t 1342 175 1027 1056
t 56 73 53 329
t 983 137 138 114
t 983 116 137 114
t 1196 571 570 451
t 118 318 475 983
t 337 571 1196 451
t 200 1260 952 887
t 1363 185 1327 330
t 818 817 630 703
t 817 630 703 1416
t 630 780 1416 817
t 505 1360 1028 985
t 1166 1028 985 505
t 463 465 563 643
t 987 986 1008 646
t 1097 1295 960 1059
t 717 1008 648 987
t 462 1007 989 650
t 1007 585 989 650
t 1295 1292 1097 960
t 1007 306 989 585
t 1097 1292 1364 960
t 990 398 422 727
t 467 991 276 495
t 992 477 946 184
t 141 139 930 113
t 808 477 992 184
t 141 930 139 1194
t 1099 993 469 63
t 1111 1257 1222 1151
t 1134 1111 1129 1311
t 1197 1111 1222 1151
t 741 1146 1240 1160
t 1160 1114 1146 1240
t 1114 1240 1234 1146
t 1106 833 1143 1116
t 1170 1116 1143 833
t 750 850 1078 471
t 850 235 1078 471
t 1007 650 561 491
t 1078 235 751 471
t 1114 1182 1223 1240
t 469 653 769 903
t 390 880 895 318
t 821 996 300 109
t 996 669 1012 1107
t 997 791 86 548
t 997 1077 548 86
t 635 891 610 1365
t 379 680 242 1070
t 1093 1116 1027 1256
t 1053 1116 1148 1027
t 333 1175 376 1077
t 376 1175 999 1077
t 1175 85 543 999
t 438 608 378 229
t 801 1199 949 1058
t 438 670 378 608
t 438 608 865 670
t 896 879 204 65
t 1258 913 901 129
t 770 1286 1144 513
t 1258 124 913 129
t 129 901 1258 892
t 64 878 1338 372
t 870 513 770 1144
t 880 390 128 1344
t 181 1093 1104 177
t 1093 177 1177 1156
t 181 1177 1093 177
t 1406 4 191 490
t 1406 1036 896 490
t 832 1319 470 838
t 754 487 497 841
t 364 149 647 946
t 497 487 1091 841
t 513 1286 1144 1161
t 1161 513 1286 1062
t 2 1248 1103 780
t 1103 1248 1416 780
t 776 1246 1154 59
t 578 557 891 609
t 1286 1062 1331 1161
t 1286 1062 1154 1331
t 648 778 516 971
t 887 1119 1317 1046
t 1246 887 200 1230
t 816 740 492 535
t 798 423 1421 1155
t 620 740 492 816
t 88 535 740 816
t 1126 806 1121 929
t 1232 1126 806 1121
t 397 929 1121 1110
t 269 397 1121 1110
t 1384 287 581 1389
t 1384 760 287 1389
t 1384 581 734 1389
t 1093 1143 932 1116
t 801 921 949 944
t 1386 476 1391 730
t 1386 761 1391 476
t 801 949 921 1058
t 801 944 949 1019
t 1199 1019 801 949
t 463 1390 986 302
t 704 313 355 1008
t 1008 986 704 646
t 646 704 1008 313
t 465 1415 301 563
t 463 465 1389 665
t 1060 400 337 451
t 451 1010 1222 1197
t 561 1009 1359 507
t 1359 304 1009 466
t 988 561 1009 1359
t 594 219 721 441
t 692 1163 499 1164
t 1372 1115 1374 796
t 756 1115 1374 1372
t 896 1036 1406 65
t 819 1017 807 479
t 995 490 4 1406
t 1129 1111 1257 1311
t 1279 24 915 43
t 76 78 562 473
t 1261 24 915 1279
t 1313 1147 1316 1054
t 163 147 949 155
t 451 1010 1197 400
t 451 400 1197 1060
t 397 513 1126 830
t 1014 1406 896 490
t 85 1127 579 86
t 828 397 1126 830
t 397 1126 929 828
t 397 1126 1121 929
t 513 397 1126 1121
t 885 492 201 79
t 577 812 534 1117
t 885 201 492 1338
t 819 4 1017 479
t 51 329 71 1354
t 53 51 329 71
t 510 1149 1237 1128
t 1296 1339 1133 1303
t 1247 1055 1141 1
t 1066 1055 1144 1247
t 1066 1055 1247 1
t 140 1194 1206 1285
t 91 865 438 907
t 91 907 768 865
t 949 1285 140 1206
t 1072 906 226 90
t 1187 231 1018 458
t 458 419 1018 459
t 390 162 629 1020
t 53 71 329 73
t 140 1194 930 1206
t 949 1206 140 930
t 1132 1278 533 1158
t 1142 1256 322 1156
t 1296 1329 1310 1133
t 1125 1275 1182 1223
t 1135 1062 1192 1161
t 956 196 391 485
t 485 196 653 956
t 1053 1308 1148 1116
t 833 1308 1116 1158
t 833 1116 1106 1158
t 853 946 778 364
t 835 296 582 1412
t 502 851 272 100
t 1217 851 1236 100
t 809 1029 572 110
t 1107 519 634 1220
t 634 1220 519 502
t 1220 1107 519 669
t 272 938 560 279
t 867 418 938 581
t 56 31 960 35
t 122 126 321 913
t 457 31 870 960
t 1256 1142 1098 1156
t 1027 160 154 137
t 137 1027 932 983
t 137 932 1027 160
t 1027 137 138 983
t 690 1224 1136 683
t 138 137 1027 154
t 510 1149 1136 1224
t 1136 602 1268 299
t 602 1268 1149 1136
t 299 510 1136 652
t 690 1136 1224 652
t 1137 1057 1291 1180
t 1137 1291 1183 1180
t 107 298 922 1410
t 793 1072 414 1326
t 90 1072 1326 226
t 928 582 106 1071
t 472 194 1140 738
t 932 162 160 834
t 183 162 180 932
t 472 194 201 1140
t 1056 180 1027 932
t 59 1154 1138 1331
t 59 1138 49 1331
t 830 1247 1141 1212
t 1029 113 572 110
t 1029 572 1028 809
t 943 113 1029 110
t 115 930 572 117
t 887 200 329 952
t 887 329 1354 952
t 983 114 573 116
t 1142 322 1184 1156
t 118 573 116 983
t 74 571 570 72
t 72 570 70 571
t 74 472 570 571
t 415 1106 1143 1177
t 41 1032 959 666
t 1188 41 959 769
t 1032 959 1188 41
t 309 122 1092 1112
t 1119 960 1230 1144
t 519 974 938 287
t 32 43 1279 57
t 32 24 1279 43
t 1261 24 1279 32
t 477 324 184 592
t 53 960 329 51
t 1354 329 887 51
t 51 329 887 960
t 588 494 1414 1079
t 1036 590 521 479
t 943 113 690 1029
t 653 1001 948 769
t 387 1146 1416 566
t 387 1146 566 741
t 741 1146 566 1240
t 678 292 612 636
t 870 205 1121 490
t 870 1121 806 490
t 1099 469 1105 948
t 780 1057 1146 1272
t 1272 1114 1057 1146
t 1040 206 1411 579
t 1040 571 206 579
t 439 1268 1296 602
t 1149 326 683 1310
t 1268 1296 1128 439
t 1149 326 1310 1296
t 23 25 870 5
t 692 612 1041 1096
t 1039 1041 1038 102
t 1039 692 1041 1096
t 692 499 1041 612
t 542 1038 1041 1076
t 318 125 884 880
t 878 885 201 68
t 1198 944 801 1019
t 69 205 879 886
t 1148 1116 764 1027
t 1148 1308 1289 1116
t 1308 1148 1289 1323
t 791 88 1200 1069
t 88 791 1200 548
t 938 803 560 418
t 1051 104 560 938
t 1288 1240 1311 1222
t 1240 566 1222 1191
t 1222 1288 1240 1191
t 1240 1010 1222 566
t 1291 566 1240 1191
t 1311 1134 1010 1240
t 415 342 1174 790
t 402 779 477 460
t 1111 48 1151 58
t 1197 1111 1151 58
t 1189 1197 1151 58
t 155 949 179 1285
t 1288 1195 1290 1311
t 155 949 163 179
t 1318 1151 48 58
t 1189 1151 1318 58
t 776 200 1356 412
t 776 411 200 412
t 1152 412 776 1356
t 686 204 886 81
t 619 123 1344 884
t 337 1034 1207 1196
t 337 571 1034 1196
t 80 885 620 1338
t 1053 833 1116 1170
t 1027 1116 932 1170
t 1248 1057 1262 1180
t 24 2 1261 915
t 1342 1156 172 177
t 163 949 1199 179
t 1274 1132 1177 1156
t 908 298 922 107
t 993 449 189 469
t 469 449 189 956
t 1326 359 227 1080
t 90 553 359 1080
t 1132 1278 1158 1184
t 227 1080 524 1326
t 1053 146 1027 600
t 1158 1308 1116 1289
t 1158 1116 1106 322
t 1160 1114 1240 1182
t 1174 1177 1143 805
t 1174 1177 805 1172
t 343 242 994 438
t 1160 1272 1114 0
t 1160 1240 1134 1182
t 254 384 99 1109
t 1227 1048 1109 829
t 19 960 1059 1300
t 1295 19 960 1059
t 1119 1144 1286 1161
t 1135 1161 1192 1265
t 1204 1247 1161 1192
t 1306 254 723 99
t 821 310 685 573
t 310 983 685 573
t 1186 932 323 183
t 932 180 1027 160
t 1186 180 932 183
t 1196 1276 451 570
t 1017 191 479 4
t 1049 904 191 4
t 1017 1049 191 4
t 1196 451 1276 1191
t 1055 870 806 5
t 1191 1222 451 566
t 1104 1093 1342 177
t 1313 451 1196 1191
t 1191 451 1222 1313
t 59 1331 1246 1154
t 1138 1154 1135 1331
t 1172 1177 805 181
t 1054 1169 681 1288
t 1169 1193 1254 1221
t 1247 1161 1144 193
t 1212 1192 1247 1
t 764 536 1256 1098
t 1221 1269 1291 1309
t 227 965 524 1080
t 1342 1256 536 1098
t 1199 179 949 1058
t 1285 949 179 1058
t 1291 1240 566 1248
t 179 1201 1285 1058
t 1248 566 1146 1240
t 1119 1144 1097 960
t 1059 1097 766 960
t 766 1144 960 1097
t 1364 1119 1097 960
t 1364 1119 960 1046
t 962 237 1072 1026
t 962 1357 539 638
t 1111 1311 1222 1257
t 960 51 1325 1046
t 1257 1311 1222 1218
t 1218 1151 48 1318
t 683 1181 1047 1312
t 1206 1047 326 1194
t 1042 1047 1181 1312
t 683 326 1206 1047
t 960 45 1325 51
t 979 1148 600 1322
t 1183 1269 1309 1291
t 764 164 979 1027
t 979 157 1027 164
t 1185 685 833 1282
t 1185 833 642 533
t 525 1186 323 183
t 525 323 1186 805
t 1177 1158 1106 322
t 984 719 472 77
t 1156 1177 1093 322
t 780 1248 1146 1057
t 1285 1058 1210 326
t 326 1210 1285 1203
t 1177 805 1093 1143
t 1256 1093 1116 322
t 1106 1116 1143 1093
t 1177 1106 1093 322
t 1177 1106 1143 1093
t 1158 1278 533 1308
t 1185 1308 533 131
t 1311 1010 1222 1240
t 720 1285 326 795
t 1010 1311 1222 1111
t 683 326 1047 1181
t 96 858 607 916
t 1194 326 1206 1285
t 683 1310 326 1181
t 1119 1364 1305 1046
t 948 815 1333 469
t 1182 1214 1242 1240
t 1322 600 1323 1148
t 1148 600 1323 1053
t 1312 1181 1042 1298
t 1245 1263 1250 766
t 1144 1066 10 1055
t 766 1066 1144 1263
t 764 536 170 1027
t 870 5 1055 10
t 1045 451 1196 1313
t 1158 1184 1278 1308
t 1151 1257 1222 1218
t 1218 1222 1151 1318
t 1323 1278 1184 1308
t 387 1416 194 1140
t 158 1322 151 1184
t 167 1285 171 720
t 1203 1285 720 171
t 1059 1263 1245 766
t 387 194 597 1140
t 1189 451 1060 337
t 1322 1323 151 1184
t 597 194 738 1140
t 1224 1231 690 1061
t 685 142 983 1170
t 1170 983 1027 142
t 1170 685 310 983
t 348 516 649 281
t 1045 1196 1320 1313
t 1045 1196 1280 1207
t 58 1197 1060 1189
t 1218 1311 681 1277
t 1247 1192 1204 1
t 193 1066 1144 1247
t 519 633 974 641
t 131 1244 1308 1278
t 1244 1282 131 1308
t 1042 795 1285 156
t 720 1285 795 156
t 431 606 680 858
t 2 888 914 630
t 578 777 891 83
t 899 578 214 336
t 1208 1245 193 1219
t 1124 719 579 86
t 1124 1127 579 839
t 1127 84 579 839
t 579 86 1127 1124
t 200 1260 1356 952
t 1308 1244 1323 1278
t 1149 326 1206 683
t 602 1149 326 1206
t 602 1215 949 1206
t 949 1215 1285 1206
t 337 571 451 738
t 1257 1277 1311 1218
t 1132 533 1177 1158
t 1112 624 1130 812
t 1117 534 577 102
t 387 817 1416 1146
t 388 1337 1346 387
t 780 1146 1416 817
t 817 387 1416 703
t 495 991 276 496
t 1207 1034 52 1196
t 1045 1196 1207 1320
t 609 224 379 774
t 439 921 1296 1209
t 801 921 1241 1209
t 801 1209 1241 1259
t 1245 193 1204 1250
t 1210 1058 1209 326
t 807 1067 190 479
t 807 1067 479 1017
t 856 1067 190 807
t 469 449 956 653
t 955 319 1302 1068
t 1070 438 229 89
t 1071 867 418 803
t 1243 1331 1283 1135
t 1134 1311 1010 1111
t 1200 906 1069 88
t 451 1197 1222 1189
t 1189 1197 1222 1151
t 1114 1275 1223 1182
t 1160 1114 1182 0
t 921 326 1215 602
t 921 1215 326 1058
t 602 326 1215 1206
t 720 156 167 1285
t 1223 1182 1242 1240
t 1355 526 659 645
t 515 645 526 1355
t 1074 275 285 192
t 570 1276 451 1140
t 597 1140 451 566
t 931 1191 1341 1313
t 1191 1341 1291 931
t 1076 102 612 598
t 1076 102 1041 612
t 1076 1038 1041 102
t 1077 999 86 85
t 1077 1175 999 85
t 1016 968 253 1306
t 1016 253 1368 722
t 1161 1192 1265 1204
t 1250 8 1204 14
t 1204 1250 1066 8
t 411 1286 1062 1154
t 776 200 411 1246
t 795 1298 1042 1181
t 1194 1047 326 1042
t 1042 326 1285 795
t 1042 1047 326 1181
t 1042 1285 326 1194
t 1265 1192 8 1204
t 8 14 1265 1204
t 1296 1329 1339 326
t 1313 451 1222 1045
t 1222 1010 451 566
t 1296 326 1310 1329
t 1229 1234 1291 1137
t 1229 1291 1183 1137
t 379 431 862 798
t 858 854 862 1271
t 1224 1149 683 1237
t 1224 1149 1136 683
t 1224 1136 510 652
t 510 1224 652 1166
t 510 1061 1224 1166
t 510 1237 1224 1061
t 1181 1310 326 1329
t 1013 265 731 1016
t 1251 490 904 541
t 518 292 612 577
t 555 534 363 577
t 876 862 771 854
t 771 862 93 854
t 1324 1341 1313 931
t 1191 1221 1341 1313
t 1217 1022 544 1216
t 764 1148 979 1330
t 25 44 870 490
t 812 1117 1000 534
t 1092 812 1000 534
t 1303 1211 178 1339
t 676 1075 331 636
t 626 877 190 444
t 1174 415 790 1143
t 1174 415 1143 1177
t 1213 1310 1329 1133
t 1367 482 1082 228
t 91 1082 565 587
t 1286 513 770 200
t 253 1083 689 722
t 887 1230 1246 1119
t 1230 200 1286 770
t 1119 1230 1246 1286
t 329 1230 770 200
t 887 1230 329 200
t 1221 1341 1291 1191
t 605 1417 686 587
t 21 521 710 269
t 1231 683 1047 1312
t 16 26 1341 1147
t 741 1240 1010 1134
t 46 1084 280 20
t 599 1084 928 46
t 477 1225 338 592
t 364 699 873 647
t 1085 1375 230 33
t 1414 166 1115 621
t 756 33 1115 621
t 1247 1144 1232 1055
t 239 622 1086 258
t 870 1144 1055 1232
t 1126 513 1232 830
t 1380 511 278 1353
t 513 1126 1232 1121
t 870 513 1232 1121
t 875 46 47 622
t 875 920 46 622
t 621 166 1115 1088
t 621 1088 376 166
t 376 1088 1336 166
t 1182 1134 1214 1240
t 1214 1134 1311 1240
t 214 578 899 1089
t 214 578 1089 1139
t 1299 173 1339 1253
t 1156 177 1342 1093
t 1156 1093 1342 1256
t 1219 1245 193 1204
t 1219 193 1243 1204
t 12 1309 16 1341
t 805 323 1186 1143
t 1186 323 932 1143
t 224 435 531 1153
t 1274 1184 1278 1132
t 474 1090 251 1157
t 1405 1159 487 1091
t 1274 1184 158 151
t 214 435 1152 412
t 736 627 731 735
t 1237 132 1231 1061
t 678 596 284 551
t 678 612 551 636
t 1191 1288 1221 1313
t 543 999 85 579
t 1288 1221 1291 1191
t 1096 577 102 809
t 1039 1096 1041 102
t 1039 809 1096 102
t 1221 1169 1288 1254
t 1221 1288 1169 1313
t 1322 1148 1323 1289
t 545 206 537 1100
t 538 271 668 1396
t 874 668 538 1397
t 1088 1336 1373 217
t 1088 1336 370 1373
t 376 217 1336 1088
t 202 903 653 449
t 449 653 469 903
t 469 1304 948 1099
t 469 948 1304 769
t 1241 439 921 944
t 549 639 1241 439
t 549 439 1241 944
t 1241 921 439 1209
t 699 509 1362 694
t 1142 1274 168 172
t 1142 1098 1156 172
t 1342 1156 1098 172
t 33 580 756 230
t 1200 580 161 332
t 230 580 756 745
t 172 1156 1142 1274
t 1137 1057 1234 1291
t 1057 1248 1234 1291
t 11 47 239 875
t 1229 1234 1223 1240
t 239 47 622 875
t 1223 1229 1233 1137
t 1288 1229 1242 1240
t 1242 584 1229 1288
t 1223 584 1233 1229
t 480 655 1205 1118
t 724 366 1118 334
t 81 204 886 879
t 1249 1239 1314 1243
t 1317 887 1246 1119
t 381 1109 254 99
t 776 1246 411 1154
t 887 1246 1260 1317
t 830 1232 1141 1247
t 828 830 1141 1212
t 1306 381 254 99
t 830 513 1232 1247
t 830 1062 513 1247
t 628 592 338 1225
t 628 338 808 1225
t 1233 1229 1183 1137
t 1114 1234 1057 1146
t 1137 1057 1223 1234
t 1248 1234 1146 1057
t 1057 1114 1223 1234
t 1099 993 1105 469
t 63 1304 469 1099
t 903 469 1304 769
t 177 1274 1177 1156
t 172 1156 1274 177
t 681 1288 1254 1290
t 1169 1254 681 1288
t 931 1291 1191 1276
t 931 1291 1276 1261
t 780 1416 1146 1248
t 251 423 1157 1421
t 1416 566 1146 1248
t 1248 915 1261 2
t 77 719 472 74
t 1208 1295 1097 1059
t 77 472 984 79
t 1199 1198 801 1019
t 930 1112 117 119
t 572 624 1112 812
t 1295 1292 1208 1097
t 114 1264 1050 573
t 475 118 120 318
t 1300 960 1059 766
t 1278 131 533 1308
t 131 143 1244 1278
t 1148 1116 322 764
t 54 931 42 1324
t 764 1256 1142 1098
t 1239 1119 193 1097
t 42 1341 1324 931
t 379 242 680 431
t 1097 193 1239 1208
t 114 116 1264 573
t 1056 180 932 1186
t 949 1285 1215 1058
t 1414 1115 218 454
t 1414 1115 33 621
t 244 796 1115 1088
t 1126 1232 806 1141
t 828 1126 806 1141
t 168 158 1274 1184
t 1330 168 1184 158
t 1330 1184 1322 158
t 1185 685 310 833
t 1185 310 642 833
t 639 182 1241 439
t 1259 1294 1209 182
t 1259 1058 1209 1294
t 1288 1195 1311 1242
t 1125 1214 1195 1242
t 584 1125 1195 1242
t 1195 1214 1311 1242
t 276 700 150 1321
t 276 467 1321 150
t 1321 467 276 495
t 1321 495 276 700
t 1328 825 723 1118
t 723 259 366 1118
t 827 1328 1118 825
t 28 1243 37 1265
t 315 724 1118 427
t 825 259 1118 427
t 597 1140 738 451
t 1249 1243 1314 1287
t 1249 1243 37 28
t 1314 1243 1305 1287
t 1283 1243 1135 1265
t 475 573 1264 118
t 772 260 1205 384
t 1205 165 384 260
t 481 772 260 1205
t 784 260 165 1205
t 481 784 1205 260
t 1120 192 165 275
t 1120 165 611 275
t 711 411 513 1062
t 440 93 771 379
t 867 47 928 1071
t 418 867 1071 47
t 1142 1274 1184 168
t 1330 168 1142 1184
t 200 776 1356 1260
t 1260 1246 776 59
t 1260 200 776 1246
t 1236 1220 502 851
t 1236 668 669 851
t 24 2 6 1261
t 22 1261 24 6
t 22 931 1261 1332
t 1249 193 1243 1219
t 1249 193 1239 1243
t 1253 1294 178 1339
t 1106 833 415 1143
t 1170 1143 932 790
t 1170 1143 790 833
t 519 104 974 633
t 2 1248 780 1262
t 1262 1261 6 2
t 358 216 103 209
t 1213 132 1133 144
t 578 557 609 767
t 1076 612 551 598
t 1076 612 1041 551
t 8 1204 1192 1
t 8 1066 1204 1
t 70 1196 570 54
t 1196 54 931 570
t 115 139 113 930
t 983 138 112 114
t 983 112 138 142
t 764 1027 1116 1256
t 764 322 1148 1330
t 1148 322 1322 1330
t 571 70 1196 570
t 91 670 528 823
t 1129 1111 48 1257
t 1129 1257 48 36
t 1111 1257 1151 48
t 48 1257 1151 1218
t 691 1162 529 1163
t 529 945 691 1075
t 1162 529 945 691
t 1089 899 1354 83
t 48 36 1257 1218
t 820 391 1173 956
t 1173 956 391 485
t 1173 485 391 844
t 1203 326 1299 720
t 456 111 130 1366
t 1135 1161 1265 1243
t 193 1247 1161 1204
t 1131 810 347 593
t 1131 347 810 306
t 1131 593 347 291
t 276 389 1401 677
t 795 1181 1042 326
t 13 1182 1125 7
t 780 1272 1146 817
t 1009 327 507 174
t 1009 662 281 717
t 806 870 1251 5
t 1057 1248 1291 1180
t 1263 1144 1097 193
t 1245 193 1250 1263
t 894 279 947 843
t 602 923 1268 299
t 1296 1268 1149 602
t 602 439 1268 923
t 1268 1149 1128 1296
t 1254 584 1221 1193
t 983 834 679 790
t 1242 1229 1223 1240
t 1223 584 1229 1242
t 1125 584 1223 1242
t 1213 1310 1181 1329
t 960 1230 1144 770
t 870 5 10 23
t 1208 1097 193 1263
t 1208 1263 193 1245
t 28 1265 18 1243
t 1219 1243 28 18
t 1249 1243 28 1219
t 193 1250 1066 1204
t 1263 1066 1144 193
t 193 1263 1066 1250
t 193 1066 1247 1204
t 1247 513 1232 1144
t 870 513 1144 1232
t 870 770 960 1144
t 1193 1269 1221 1309
t 70 52 1196 54
t 1324 54 931 1196
t 1288 584 1221 1254
t 1193 1309 1221 1341
t 994 1070 438 242
t 1274 1156 1184 1132
t 1136 1149 1206 683
t 602 1136 1149 1206
t 741 1272 1146 1160
t 1293 1273 1211 1329
t 1329 1273 1211 1339
t 607 858 606 917
t 1221 1147 1169 1193
t 1221 1169 1147 1313
t 1313 1147 1054 1169
t 607 858 917 1271
t 1411 969 813 217
t 1322 1148 1289 322
t 766 1066 10 1144
t 1322 1289 1184 322
t 915 566 1276 1140
t 1276 566 451 1140
t 1258 129 892 1327
t 1363 1327 478 330
t 1054 681 1218 1311
t 1054 681 1311 1288
t 130 742 111 174
t 22 24 1261 32
t 32 931 1261 22
t 1284 1281 1195 1214
t 371 964 92 339
t 13 1214 1134 1129
t 1221 1229 1291 1269
t 1183 1229 1269 1291
t 1193 584 1221 1269
t 1270 1311 1290 1281
t 108 1015 737 842
t 42 32 1279 57
t 318 880 895 127
t 390 162 834 148
t 57 915 1279 570
t 911 915 372 888
t 1280 1189 337 451
t 372 897 915 911
t 1280 1196 337 1207
t 949 918 163 1019
t 1280 451 337 1196
t 163 185 918 696
t 829 1048 1109 99
t 1079 791 794 236
t 1219 1245 1204 18
t 1219 1204 1243 18
t 297 661 672 792
t 672 661 1167 403
t 1035 1167 1409 362
t 1185 1308 833 533
t 1190 173 1211 1273
t 1190 1273 169 173
t 1297 1273 1339 173
t 1242 1214 1311 1240
t 1189 1222 1045 1318
t 959 3 187 583
t 583 959 1173 187
t 469 189 1333 956
t 7 0 1182 1275
t 815 469 189 1333
t 822 1333 189 956
t 1114 0 1275 1182
t 189 815 1333 822
t 824 845 569 1168
t 189 1168 993 569
t 1257 1311 1277 1129
t 871 549 1198 517
t 788 272 511 11
t 844 1173 187 857
t 1173 583 187 857
t 1110 904 826 828
t 1221 584 1229 1269
t 1183 1233 1269 1229
t 1144 1230 1286 770
t 1288 584 1229 1221
t 411 200 513 1286
t 1246 1230 200 1286
t 1119 1144 1230 1286
t 411 200 1286 1246
t 724 285 1394 427
t 1229 1223 1234 1137
t 394 790 342 415
t 766 1144 10 960
t 631 642 310 790
t 631 574 642 394
t 790 394 1415 631
t 909 503 243 755
t 1214 1129 1281 1311
t 7 0 1134 1182
t 1160 1182 1134 0
t 1313 1222 1044 1045
t 1288 1229 1291 1221
t 1341 1147 1221 1193
t 1313 1054 1044 1222
t 174 509 742 1315
t 1016 1306 253 723
t 625 1087 335 356
t 968 1035 253 1306
t 1284 1214 1195 1125
t 1096 612 102 577
t 1096 612 1041 102
t 86 579 85 999
t 1288 1290 681 1311
t 543 881 999 579
t 1238 950 453 544
t 7 1275 1182 1125
t 858 917 431 606
t 862 1271 431 858
t 571 719 472 579
t 74 719 472 571
t 37 1243 49 1283
t 1243 1331 49 1283
t 1138 1283 49 1331
t 413 812 572 1112
t 1237 1310 132 1133
t 1231 1237 1310 132
t 1213 1310 1133 132
t 309 1112 1092 812
t 1231 1310 1312 132
t 1312 1310 1213 132
t 41 1052 666 959
t 1032 666 485 959
t 931 1291 1261 1332
t 1180 1261 6 1262
t 1130 624 1112 117
t 54 50 52 1324
t 52 54 1324 1196
t 1323 151 1278 143
t 1323 151 1184 1278
t 1094 341 1361 309
t 908 1361 1094 341
t 144 1133 1213 152
t 661 240 403 672
t 115 930 113 572
t 1305 1119 1331 1239
t 59 1317 1246 1331
t 1317 1246 1260 59
t 1197 1010 1222 1111
t 13 1281 1284 1214
t 1197 451 1060 1189
t 1364 1119 1305 1239
t 983 114 112 573
t 13 1214 1284 1125
t 1224 1237 683 1231
t 1237 1231 1224 1061
t 1291 1341 1309 1332
t 931 1341 1291 1332
t 1342 1256 1098 1156
t 583 613 187 857
t 1102 807 626 819
t 362 442 1167 804
t 1167 1409 362 804
t 887 1119 1046 960
t 887 960 1230 1119
t 887 960 329 1230
t 1265 1243 1161 1204
t 57 42 55 1279
t 42 55 1279 54
t 42 1279 931 54
t 1357 722 252 98
t 1357 252 722 689
t 1109 254 661 381
t 18 1204 1265 14
t 13 1281 1214 1129
t 1276 1248 566 915
t 1276 1248 915 1261
t 1279 915 1276 570
t 1279 1276 915 1261
t 32 22 42 931
t 1277 1311 1270 1129
t 1279 1276 931 570
t 741 1240 1134 1160
t 446 231 1018 1187
t 1161 1247 1062 1192
t 397 711 513 830
t 626 807 479 819
t 1238 1371 453 1369
t 789 453 454 1369
t 720 326 1299 1297
t 1257 36 1277 1218
t 1257 1129 1277 36
t 1277 36 1129 27
t 1312 1181 1298 1213
t 1312 1213 1298 152
t 1286 1161 1331 1119
t 1331 1161 1135 1243
t 1239 1119 1331 193
t 1239 193 1331 1243
t 1119 1161 1331 193
t 1249 1243 1287 37
t 1001 583 3 959
t 1148 1289 322 1116
t 1168 1043 993 569
t 1158 1289 1116 322
t 685 142 1170 1053
t 685 142 614 983
t 1194 1206 1047 930
t 626 807 1102 1043
t 626 1043 1102 993
t 1190 1267 159 169
t 899 1365 473 75
t 19 1300 15 960
t 626 190 807 1168
t 899 83 1089 578
t 993 1043 815 569
t 575 112 114 573
t 1292 960 29 38
t 1292 1325 1364 960
t 1264 641 1050 573
t 74 1124 719 571
t 571 1124 839 72
t 1132 1158 1177 322
t 1156 1132 1177 322
t 572 809 577 1028
t 1117 113 572 115
t 812 624 1117 572
t 1130 624 1000 812
t 1132 1184 1158 322
t 1158 322 1184 1289
t 1156 322 1184 1132
t 1209 1294 1339 182
t 1209 1339 326 1296
t 19 29 1295 960
t 1296 326 921 602
t 1296 1149 326 602
t 1149 1310 1128 1296
t 1296 1209 1339 1303
t 1296 921 326 1209
t 280 582 1307 735
t 735 1307 280 1013
t 725 280 1307 1013
t 559 418 279 843
t 1213 1181 1298 1293
t 559 279 894 843
t 1026 236 1073 852
t 1245 1204 18 14
t 1245 1204 14 1250
t 1212 830 1247 1192
t 830 1062 1247 1192
t 347 593 298 107
t 1212 1247 1141 1
t 1045 1222 1044 1318
t 139 145 1194 153
t 141 1194 139 145
t 153 140 1285 1194
t 1267 1273 169 1190
t 53 45 960 51
t 53 38 29 960
t 53 45 38 960
t 15 35 53 960
t 1267 1329 1273 1293
t 19 29 960 53
t 19 960 15 53
t 157 138 1027 154
t 157 1027 138 146
t 138 146 1027 142
t 1299 326 1339 1297
t 1299 1339 326 1210
t 138 142 1027 983
t 520 216 965 849
t 960 1300 15 10
t 795 326 1297 1181
t 795 1267 1298 1181
t 795 1181 1297 1267
t 1295 29 1292 960
t 1270 1311 1281 1129
t 626 444 993 1403
t 312 552 1344 355
t 1200 621 1030 580
t 1183 1332 9 1180
t 1200 621 580 332
t 677 283 298 1021
t 1021 283 298 1410
t 677 810 1021 298
t 1021 593 298 810
t 1021 1410 298 593
t 1331 1062 1135 1161
t 677 1202 1021 810
t 1021 593 810 1202
t 276 1202 467 150
t 1154 1331 1246 1286
t 467 291 150 1202
t 150 291 593 1202
t 276 1202 150 677
t 411 1246 1286 1154
t 1200 161 1030 226
t 37 1287 49 1243
t 1200 580 1030 161
t 443 161 417 332
t 332 580 161 745
t 275 165 611 334
t 334 165 611 266
t 325 829 611 266
t 1320 1196 1207 52
t 1320 1196 52 1324
t 1324 1320 50 52
t 1205 655 384 165
t 1394 165 334 1205
t 1205 165 334 655
t 784 1205 165 1394
t 1270 1129 17 27
t 439 1296 1128 1303
t 1128 1310 1133 1296
t 1296 1133 1128 1303
t 13 17 1281 1129
t 1119 1305 1317 1046
t 1305 1239 1331 1243
t 475 368 978 121
t 1191 566 451 1276
t 1276 1291 566 1248
t 1288 1291 1240 1191
t 65 40 1123 590
t 1291 1234 1240 1248
t 590 877 1122 973
t 1248 1240 1146 1234
t 1082 591 565 587
t 587 1417 976 591
t 1082 976 591 587
t 1274 1184 151 1278
t 980 877 198 190
t 521 1036 479 191
t 1025 748 203 977
t 1025 977 1081 748
t 523 847 951 964
t 1243 1161 1204 193
t 1331 1161 1243 193
t 1221 1309 1291 1341
t 683 1310 1181 1312
t 1237 1310 683 1231
t 1237 1310 1133 1128
t 1124 571 74 72
t 571 579 839 1124
t 37 1243 1283 1265
t 867 418 803 938
t 1252 1365 899 73
t 473 610 562 75
t 75 1365 473 610
t 743 849 202 554
t 449 743 202 903
t 903 743 202 554
t 13 1134 1182 7
t 178 1339 1211 173
t 1253 173 1339 178
t 1273 173 1211 1339
t 1092 1112 1130 812
t 1279 931 1276 1261
t 1277 1129 1270 27
t 1247 1161 513 1144
t 1312 1310 1181 1213
t 1312 132 1213 144
t 658 1345 659 525
t 843 1071 418 803
t 1209 1339 1303 182
t 639 1259 1241 182
t 1013 722 1016 98
t 1013 722 98 264
t 1241 1209 182 1259
t 1016 253 968 1368
t 683 1310 1312 1231
t 1293 1133 1213 1329
t 1265 1204 18 1243
t 1313 1191 1196 931
t 1313 1196 1324 931
t 152 1293 159 1190
t 577 110 1117 102
t 1191 1222 1288 1313
t 159 152 1267 1293
t 152 1190 1133 1293
t 1117 624 812 1000
t 152 1133 1213 1293
t 1160 1272 1146 1114
t 1208 1239 1314 1249
t 1314 1239 1305 1243
t 438 91 670 865
t 438 91 823 670
t 1262 1248 1261 2
t 1291 1248 1261 1180
t 343 670 378 438
t 1210 1294 1339 1209
t 1233 584 1269 1229
t 1241 182 1209 439
t 1303 1339 178 182
t 1296 1209 1303 439
t 1209 182 1303 439
t 1142 1274 1156 1184
t 987 986 303 1008
t 1008 986 303 704
t 987 717 811 648
t 960 1325 1364 1046
t 1145 1091 1159 1405
t 1145 1405 1159 775
t 1213 1293 1298 152
t 1267 152 1298 1293
t 862 798 251 1421
t 1044 1222 1054 1318
t 721 398 990 231
t 990 398 727 231
t 853 866 516 971
t 1405 487 1159 1090
t 1189 1222 1318 1151
t 224 455 1155 531
t 1421 798 1155 774
t 887 960 1046 51
t 775 862 1421 876
t 1119 1305 1331 1317
t 1297 1273 173 169
t 1297 1273 169 1267
t 1039 809 692 1096
t 976 1122 437 590
t 1182 1214 1125 1242
t 1223 1182 1125 1242
t 1054 1311 1218 1222
t 1054 1222 1218 1318
t 1288 1195 1254 1290
t 13 1214 1125 1182
t 13 1134 1214 1182
t 1164 505 1028 1166
t 174 1301 111 848
t 507 848 1315 174
t 742 1301 111 174
t 1324 1147 1313 1341
t 1267 1293 1273 1190
t 1190 1293 159 1267
t 887 200 1260 1246
t 1190 1273 1211 1293
t 224 774 657 773
t 1190 1211 1133 1293
t 1152 214 412 1356
t 214 1089 1356 1152
t 1139 1404 657 773
t 1285 1058 1201 1210
t 1210 1201 1285 1203
t 251 862 1421 775
t 368 619 814 512
t 368 308 814 367
t 368 814 308 512
t 1336 1088 370 166
t 794 1414 166 218
t 218 1115 166 244
t 218 166 1115 1414
t 91 768 587 565
t 865 375 608 768
t 865 907 768 608
t 979 1148 1322 1330
t 1266 698 1418 212
t 565 482 698 346
t 482 698 1418 565
t 454 684 729 244
t 1371 256 94 667
t 571 70 1034 1196
t 1045 451 1280 1196
t 54 50 1324 39
t 1324 50 1316 39
t 1324 50 1320 1316
t 286 271 272 851
t 773 1155 224 774
t 1053 1282 1308 833
t 1282 1185 1308 833
t 251 798 423 1421
t 1157 251 1421 775
t 960 45 38 1325
t 1053 1282 1244 1308
t 1282 131 1308 1185
t 1234 1114 1223 1240
t 1291 1234 1229 1240
t 1315 1301 742 174
t 1176 241 1178 528
t 1215 326 1285 1206
t 1215 1285 326 1058
t 1203 1285 326 720
t 1292 38 1325 960
t 1040 206 1100 1411
t 1208 1059 1263 1245
t 723 1118 266 655
t 655 266 334 1118
t 1208 193 1249 1219
t 1293 1211 1133 1329
t 144 1213 1312 152
t 656 165 611 1120
t 656 186 1120 611
t 688 1095 549 924
t 764 322 1330 1142
t 1158 1289 1184 1308
t 510 652 985 1166
t 1308 1053 1148 1323
t 1112 119 1130 117
t 1308 1053 1323 1244
t 1255 286 1340 966
t 1255 1383 788 538
t 1255 1340 286 788
t 865 608 438 907
t 1214 1311 1134 1129
t 1323 1184 1289 1308
t 176 1285 1201 171
t 1414 218 794 494
t 609 557 1037 767
t 203 585 491 1258
t 1042 1194 156 1285
t 1313 1288 1054 1222
t 1208 193 1239 1249
t 1303 1133 1211 1339
t 1339 1294 178 182
t 1210 1294 1253 1339
t 1324 1147 1316 1313
t 1341 1221 1147 1313
t 1149 1310 683 1237
t 1149 1310 1237 1128
t 1291 566 1191 1276
t 1291 1248 1276 1261
t 1248 1180 1262 1261
t 1138 1135 1283 1331
t 1317 1119 1246 1331
t 1119 1286 1246 1331
t 1154 1062 1135 1331
t 59 1331 49 1317
t 22 1332 1261 6
t 1332 1180 1261 6
t 1332 9 1180 6
t 1332 1309 1183 9
t 22 9 1332 6
t 54 1324 26 39
t 1324 1341 26 1147
t 1324 39 1147 26
t 1324 1147 39 1316
t 472 1140 201 570
t 374 492 194 1338
t 492 201 472 194
t 666 195 372 1338
t 1338 666 195 357
t 1208 1239 1364 1314
t 1195 584 1242 1288
t 1181 1267 1298 1293
t 1213 1329 1181 1293
t 1313 1169 1054 1288
t 1266 212 21 349
t 565 1418 1266 698
t 565 375 1266 1418
t 1266 698 212 349
t 698 349 1266 591
t 605 212 21 1266
t 605 375 212 1266
t 605 375 557 213
t 1288 1291 1229 1240
t 1322 1323 1184 1289
t 1054 1311 1222 1288
t 1329 1211 1133 1339
t 1299 1339 173 1297
t 1299 1253 1339 1210
t 1203 1299 326 1210
t 237 230 361 721
t 237 1030 671 230
t 237 230 671 361
t 1263 766 1066 1250
t 1320 1196 1324 1313
t 12 9 1309 1332
t 1341 1309 1332 12
t 242 379 314 235
t 22 1341 1332 12
t 22 9 12 1332
t 242 382 235 378
t 1364 1239 1305 1314
t 1181 1329 1297 1267
t 1297 1329 1339 1273
t 1297 1329 1273 1267
t 1291 1183 1180 1332
t 1291 1180 1261 1332
t 1291 1309 1183 1332
t 42 26 1341 16
t 54 42 26 1324
t 42 26 1324 1341
t 16 1147 1341 1193
t 1220 669 519 851
t 1313 1324 1320 1316
t 1083 265 723 259
t 1083 725 265 259
t 723 265 366 259
t 293 262 676 399
t 530 676 1420 386
t 1271 293 399 262
t 22 42 1341 12
t 12 1341 16 42
t 1309 1193 16 1341
t 275 611 366 334
t 1267 1293 1181 1329
t 676 678 551 636
t 1330 1142 322 1184
t 1330 322 1322 1184
t 1287 1305 49 1243
t 1305 1331 49 1243
t 1331 1305 49 1317
t 390 1344 312 552
t 355 319 356 313
t 313 319 402 460
t 1227 267 832 1226
t 829 1003 266 99
t 1228 1101 283 618
t 930 140 139 1194
t 218 333 494 1370
t 1369 1238 789 453
t 794 1077 376 548
t 1171 377 371 403
t 403 1176 240 661
t 1025 958 1081 977
t 349 437 976 927
t 591 349 976 927
t 453 789 785 1238
t 789 97 453 785
t 1120 656 150 186
t 1238 950 101 785
t 1043 1105 1102 993
t 1251 870 806 490
t 578 777 609 891
t 23 960 31 35
t 870 1144 10 1055
t 23 870 31 960
t 1198 944 918 330
t 266 99 1048 829
t 1327 129 478 330
t 509 742 663 699
t 227 524 804 238
t 346 698 591 211
t 1264 475 641 573
t 352 267 1319 353
t 1226 267 1319 352
t 353 1319 470 267
t 365 532 1235 934
t 934 470 532 1235
t 365 532 1410 1235
t 305 507 568 1007
t 462 1007 1393 989
t 493 1321 700 425
t 64 666 1338 80
t 80 357 666 1338
t 1264 633 641 936
t 942 446 926 727
t 90 1326 359 226
t 459 1065 458 361
t 604 446 942 231
t 237 361 238 721
t 1326 238 721 237
t 237 238 361 539
t 722 689 252 30
t 254 362 1035 253
t 1306 254 253 723
t 1306 254 1035 253
t 723 265 731 366
t 366 265 731 280
t 725 675 1307 855
t 855 675 1307 582
t 736 1015 360 735
t 1386 900 759 765
t 872 842 354 476
t 872 476 354 1391
t 302 188 1390 303
t 302 335 188 303
t 1390 303 986 302
t 1008 304 356 303
t 987 1008 303 304
t 460 313 477 402
t 456 111 1366 1302
t 456 1302 1366 319
t 356 1302 1068 662
t 319 1302 1068 356
t 863 526 515 808
t 946 992 778 477
t 864 992 778 946
t 864 853 946 778
t 1334 195 388 187
t 706 195 388 1334
t 844 187 1334 388
t 488 1065 1085 1375
t 488 1085 732 1375
t 704 912 646 986
t 734 302 1390 463
t 374 1337 1338 194
t 878 201 372 897
t 878 1338 201 885
t 878 201 1338 372
t 506 374 1338 492
t 885 492 620 1338
t 472 738 206 207
t 969 206 207 579
t 401 738 207 206
t 206 207 401 969
t 620 816 492 984
t 1200 226 1026 906
t 1026 1030 1200 236
t 236 33 1030 621
t 11 559 418 279
t 239 559 11 279
t 272 519 1340 286
t 788 272 1340 286
t 1255 1383 1340 788
t 1012 519 1340 708
t 1388 966 1340 708
t 1384 787 11 287
t 301 1389 665 367
t 1389 367 693 665
t 301 367 563 368
t 463 1389 693 665
t 368 619 978 121
t 390 880 978 1344
t 390 318 895 834
t 390 318 978 880
t 940 121 619 368
t 978 884 1344 880
t 658 1345 645 659
t 395 1110 710 521
t 401 207 1346 429
t 782 212 409 710
t 1347 223 430 1418
t 782 1418 698 212
t 767 314 747 345
t 751 250 474 471
t 474 250 753 471
t 496 1348 277 1420
t 496 1348 786 277
t 1349 786 277 498
t 1349 292 755 498
t 845 569 822 1352
t 845 189 822 569
t 871 861 869 517
t 1380 1353 278 758
t 787 1383 287 760
t 1386 275 1074 290
t 653 1188 769 903
t 653 959 1188 1032
t 626 444 1168 993
t 903 554 202 1188
t 295 197 198 444
t 329 960 770 1230
t 411 200 199 513
t 269 521 490 204
t 896 490 204 205
t 886 205 879 204
t 896 205 204 879
t 686 204 205 886
t 198 408 197 1033
t 375 345 970 432
t 970 432 782 375
t 605 213 21 212
t 605 212 375 213
t 1099 993 1102 1105
t 336 213 473 557
t 783 767 214 435
t 336 345 557 767
t 564 893 605 686
t 893 605 587 768
t 469 948 769 653
t 469 653 1333 948
t 380 1150 925 1024
t 382 850 235 378
t 343 378 382 242
t 438 242 378 343
t 343 241 382 378
t 250 249 471 850
t 251 436 250 1271
t 431 251 250 1271
t 99 384 1048 1109
t 384 266 1048 165
t 325 266 1048 829
t 716 386 268 1005
t 595 676 530 1005
t 1358 496 386 276
t 1358 386 389 276
t 1401 498 389 1358
t 1401 389 810 677
t 263 558 447 1235
t 1004 1005 982 284
t 1004 283 982 618
t 389 283 982 1004
t 1004 618 982 1005
t 678 1004 982 284
t 636 292 612 499
t 518 957 577 505
t 328 298 1004 908
t 328 908 341 298
t 988 1359 1009 466
t 1392 1359 988 466
t 307 555 957 1360
t 307 555 1360 309
t 309 555 1360 812
t 307 985 413 1360
t 505 307 1360 985
t 908 748 1094 1361
t 742 509 663 1315
t 801 1058 1209 1259
t 1168 807 1043 569
t 626 807 1043 1168
t 166 1336 376 1175
t 333 376 1175 166
t 376 1175 1336 999
t 653 1188 959 769
t 1208 1292 1364 1097
t 335 1087 296 354
t 335 835 296 1087
t 288 867 599 188
t 288 289 1390 188
t 704 303 302 986
t 704 303 355 302
t 302 188 867 288
t 302 1390 188 288
t 1419 1380 511 278
t 1419 511 544 278
t 1228 922 283 1410
t 1015 280 735 582
t 993 1099 1403 63
t 1099 993 626 1102
t 1407 892 918 135
t 1407 135 918 147
t 336 557 578 767
t 443 969 207 579
t 545 206 401 537
t 1335 244 796 729
t 1388 300 574 966
t 1360 555 957 577
t 1360 555 577 812
t 511 279 101 950
t 543 546 999 881
t 999 1175 1336 546
t 571 738 206 472
t 1373 217 1336 546
t 316 483 264 258
t 483 1086 264 258
t 1397 966 1398 669
t 278 1353 511 34
t 278 1353 34 758
t 1217 668 1236 851
t 1413 667 1419 1396
t 281 717 662 456
t 916 95 854 775
t 936 118 120 475
t 1264 475 118 936
t 870 1232 806 1121
t 899 1365 75 73
t 1357 1368 722 98
t 1016 722 1368 98
t 634 519 1051 502
t 1328 1118 723 655
t 1328 655 723 254
t 307 508 369 413
t 854 251 1271 916
t 307 508 503 369
t 1415 790 311 394
t 972 394 1415 465
t 972 631 1415 394
t 1343 96 916 858
t 437 1122 973 590
t 549 871 801 639
t 368 814 974 367
t 974 814 940 104
t 974 368 940 814
t 120 121 475 318
t 368 619 940 814
t 862 858 680 93
t 1075 1038 691 1041
t 606 431 680 242
t 1357 722 1368 689
t 852 638 1357 962
t 1357 905 252 320
t 236 1079 852 1414
t 88 86 548 443
t 1073 791 236 1069
t 1073 1079 236 791
t 1032 485 653 959
t 959 1001 653 769
t 777 578 609 657
t 1087 296 737 835
t 493 150 656 700
t 150 353 656 700
t 443 739 417 161
t 443 739 161 740
t 772 384 1205 655
t 673 950 101 279
t 1067 1049 191 1017
t 179 176 1285 1201
t 1414 166 236 794
t 794 376 236 548
t 1074 275 192 1120
t 1120 1074 1387 192
t 493 1120 1387 192
t 408 211 198 695
t 726 698 222 211
t 409 698 430 726
t 409 782 430 698
t 481 248 714 484
t 734 1385 1390 288
t 1390 1385 289 288
t 479 877 980 190
t 479 1067 190 980
t 711 412 199 411
t 199 412 200 411
t 1255 1340 1383 966
t 966 1012 1340 708
t 1389 760 287 1388
t 518 957 505 755
t 1065 230 361 1085
t 1065 230 1085 1375
t 446 604 1018 231
t 761 840 1387 1392
t 747 314 432 345
t 336 767 214 783
t 235 250 751 471
t 262 250 753 436
t 474 250 436 753
t 271 1380 511 1419
t 1377 797 256 278
t 797 1419 256 278
t 754 487 841 262
t 277 1399 676 1420
t 1420 1399 262 754
t 1348 1399 277 1420
t 1399 754 841 262
t 1399 841 676 262
t 485 195 1334 187
t 844 485 1334 187
t 1173 485 844 187
t 464 1150 749 981
t 981 1150 1024 925
t 538 788 271 1380
t 286 788 271 538
t 786 1348 636 277
t 636 786 277 1349
t 643 311 312 645
t 375 1418 223 1347
t 782 375 1347 1418
t 375 970 212 782
t 410 782 212 970
t 486 496 495 261
t 1168 444 197 993
t 392 1168 197 189
t 1168 189 845 569
t 845 1168 392 189
t 290 1120 1074 1387
t 710 1110 269 521
t 1110 826 904 191
t 991 1358 276 496
t 501 1401 810 1202
t 276 1401 1358 991
t 276 1401 389 1358
t 501 1401 1202 991
t 579 999 86 443
t 1077 376 548 999
t 102 598 363 612
t 271 1022 1217 668
t 1188 80 1032 64
t 1200 906 1026 1069
t 1421 862 771 876
t 1202 593 810 1131
t 1202 291 593 1131
t 453 950 278 544
t 1350 810 243 306
t 1350 1393 1131 306
t 1350 1131 810 306
t 467 1202 276 991
t 276 1401 1202 677
t 1202 1401 810 677
t 1202 1401 276 991
t 1251 490 541 995
t 1251 490 806 904
t 307 503 508 985
t 700 1402 261 484
t 425 1402 700 484
t 484 486 1402 261
t 332 1372 745 1064
t 580 1372 745 332
t 332 443 813 417
t 332 1064 813 1372
t 739 208 404 421
t 404 762 421 208
t 429 739 404 421
t 870 25 1251 5
t 1251 25 870 490
t 994 606 680 242
t 994 606 242 343
t 1100 1040 1411 881
t 1404 435 1153 1139
t 1139 578 657 1404
t 251 1405 436 399
t 251 1405 1090 436
t 436 487 1405 1090
t 1405 1090 1159 775
t 1008 313 717 648
t 1369 789 1370 454
t 1027 154 160 170
t 1027 160 180 175
t 137 932 160 834
t 1110 929 904 828
t 605 1266 21 1417
t 686 605 21 1417
t 316 264 30 258
t 316 252 30 264
t 30 264 1083 258
t 30 252 722 264
t 30 722 1083 264
t 1414 225 601 33
t 1227 1048 255 1109
t 383 255 1227 1226
t 383 1227 255 1109
t 1014 995 490 44
t 736 731 627 1003
t 1391 304 466 987
t 590 1123 1122 877
t 515 1355 526 863
t 779 324 477 592
t 259 315 427 1382
t 1394 1205 1118 480
t 1118 724 1394 427
t 724 334 1118 1394
t 784 1394 165 192
t 1392 305 988 1359
t 493 784 165 192
t 1392 305 462 988
t 1007 306 1393 989
t 1392 305 1393 462
t 501 498 1401 991
t 999 376 548 443
t 969 207 401 417
t 246 30 732 1085
t 473 616 213 199
t 599 289 1084 46
t 46 289 1084 20
t 413 812 1360 572
t 652 985 1028 1360
t 300 641 475 573
t 1395 546 1411 217
t 1100 1411 537 1395
t 1395 1100 1411 546
t 349 697 21 204
t 813 217 1395 1411
t 537 813 1395 1411
t 1375 1085 527 33
t 217 546 1373 1395
t 93 379 440 680
t 606 917 431 242
t 1070 242 994 680
t 1321 495 700 425
t 472 201 492 79
t 77 201 472 79
t 458 231 727 1187
t 990 721 458 441
t 321 1112 119 122
t 1092 1112 122 119
t 678 612 598 551
t 965 216 520 1080
t 989 306 1393 428
t 1393 306 1350 428
t 893 587 605 686
t 346 953 228 222
t 482 222 698 346
t 365 1410 447 1235
t 555 577 812 534
t 477 779 402 149
t 971 778 864 889
t 33 621 756 580
t 239 559 1086 622
t 502 851 100 1236
t 502 851 519 272
t 243 555 341 292
t 810 298 243 306
t 306 298 243 1361
t 341 298 908 1361
t 307 309 243 555
t 243 298 341 1361
t 243 1361 341 309
t 243 309 341 555
t 501 810 909 1350
t 264 725 640 1013
t 1376 684 729 256
t 1377 1376 729 256
t 310 1400 642 574
t 63 1304 903 469
t 1168 1043 626 993
t 1400 310 642 1185
t 1043 1105 993 815
t 821 685 614 573
t 685 983 614 573
t 56 960 329 53
t 690 930 572 113
t 343 670 438 823
t 1103 372 915 888
t 2 24 888 915
t 163 1019 1199 949
t 676 1351 1075 215
t 676 1351 399 331
t 676 1351 331 1075
t 262 399 841 676
t 841 676 399 331
t 529 1091 945 331
t 497 1091 331 841
t 1162 529 1091 945
t 1216 1371 667 544
t 94 1371 667 1216
t 1271 854 862 251
t 955 319 1068 625
t 785 1006 950 673
t 414 237 1072 962
t 1072 237 414 1326
t 1326 237 414 238
t 1053 146 142 1027
t 1053 1170 1027 142
t 141 1047 1194 145
t 141 1194 1047 930
t 984 492 79 472
t 1271 436 262 399
t 431 917 858 1271
t 333 794 376 166
t 596 363 598 678
t 166 1115 1088 244
t 454 1115 218 244
t 521 980 479 590
t 1258 892 918 1327
t 23 960 35 15
t 686 564 78 473
t 686 205 78 886
t 1100 206 537 1411
t 537 813 1411 969
t 1397 286 668 538
t 669 1107 519 1012
t 300 974 519 708
t 273 228 1367 1082
t 1099 1403 626 993
t 978 121 619 884
t 940 121 475 936
t 121 936 120 475
t 696 1327 918 1407
t 696 147 1407 918
t 999 543 1175 546
t 1368 253 968 539
t 90 359 1326 1080
t 928 1412 106 582
t 599 1412 867 928
t 599 867 1412 188
t 835 1412 582 106
t 91 482 1082 1367
t 290 1387 291 1120
t 1410 836 593 576
t 640 725 675 1307
t 908 1004 922 298
t 779 319 402 1366
t 1374 244 796 1115
t 544 278 511 950
t 666 187 195 485
t 666 187 485 959
t 959 187 485 1173
t 23 960 15 10
t 23 870 960 10
t 153 155 171 1285
t 176 155 1285 171
t 176 179 1285 155
t 1410 836 107 593
t 22 1341 931 1332
t 761 941 840 1392
t 1392 1359 840 305
t 568 1359 507 305
t 294 327 963 568
t 568 963 958 327
t 504 1005 1004 284
t 797 1376 256 1413
t 1376 667 256 1413
t 275 20 759 445
t 275 360 366 611
t 1386 20 759 275
t 454 218 1414 789
t 865 482 1418 565
t 565 698 591 346
t 565 698 1266 591
t 536 1027 175 170
t 867 938 803 814
t 832 267 1319 1226
t 832 267 470 1319
t 974 641 633 1063
t 633 519 104 1051
t 100 544 950 1238
t 1238 1371 100 544
t 1417 1266 21 349
t 1417 349 21 204
t 21 697 710 521
t 242 314 379 229
t 1085 316 527 601
t 314 608 345 1002
t 314 747 432 452
t 783 767 747 345
t 1377 674 758 278
t 507 1315 958 977
t 507 848 958 1315
t 976 847 437 1122
t 971 778 889 648
t 214 1089 1152 1139
t 1012 300 966 1398
t 1012 708 966 300
t 974 367 938 287
t 708 519 287 974
t 1388 708 287 301
t 301 287 1389 367
t 1388 287 1389 301
t 734 693 1389 581
t 288 867 367 581
t 288 734 302 1390
t 1390 289 303 188
t 188 289 303 354
t 872 1391 354 304
t 243 503 307 755
t 307 555 243 292
t 307 957 755 505
t 1166 1164 809 1028
t 1400 574 310 821
t 1415 475 631 301
t 1415 475 301 368
t 1415 563 368 301
t 303 355 356 1008
t 303 704 355 1008
t 652 1028 1029 572
t 1028 652 1029 1166
t 368 619 512 344
t 123 1344 344 619
t 368 1344 619 344
t 662 489 356 567
t 662 174 848 327
t 662 848 111 489
t 662 489 111 1068
t 410 397 269 710
t 915 566 1416 1248
t 472 194 738 207
t 401 207 194 1346
t 492 207 194 472
t 738 207 194 401
t 1346 207 194 837
t 1337 1346 194 837
t 1033 211 198 408
t 349 198 1113 211
t 349 211 697 198
t 695 697 211 198
t 329 473 899 199
t 473 336 635 899
t 214 899 412 1356
t 1356 200 899 412
t 506 492 1338 620
t 80 620 506 1338
t 520 216 202 975
t 849 216 358 202
t 686 81 1417 204
t 1417 81 349 204
t 81 349 976 1417
t 473 686 605 616
t 76 78 473 205
t 686 473 78 205
t 579 881 1411 1040
t 579 206 1411 969
t 1411 579 217 881
t 740 219 208 739
t 421 739 208 219
t 209 422 547 220
t 409 698 726 211
t 1266 212 1418 375
t 782 1418 430 698
t 1347 1418 430 782
t 375 212 1418 782
t 214 1404 578 1139
t 435 767 214 1404
t 214 767 578 1404
t 1404 435 1139 214
t 88 535 816 984
t 88 86 535 984
t 965 216 227 103
t 92 103 965 227
t 1080 359 227 216
t 227 216 965 1080
t 893 89 557 768
t 893 605 768 557
t 564 87 557 89
t 942 446 727 231
t 990 231 727 458
t 1187 231 727 446
t 942 232 221 446
t 442 377 221 232
t 670 223 234 378
t 1026 1200 1030 226
t 226 230 1030 237
t 1072 237 1326 226
t 226 1326 721 237
t 1072 237 226 1026
t 350 528 1171 1367
t 438 378 242 229
t 609 379 229 1070
t 1070 379 998 609
t 1070 229 438 242
t 361 246 419 459
t 672 247 380 232
t 672 362 247 232
t 380 247 464 1150
t 850 235 471 250
t 431 917 1271 250
t 431 751 798 235
t 638 852 252 671
t 361 671 689 1085
t 1357 852 252 638
t 246 30 1083 1379
t 246 30 1379 732
t 825 1083 259 1379
t 1379 427 825 827
t 827 246 1328 825
t 772 384 248 260
t 481 772 248 260
t 250 436 262 1271
t 385 262 1271 250
t 754 262 753 487
t 487 262 753 436
t 252 98 264 905
t 722 264 252 98
t 655 254 266 723
t 99 1048 384 266
t 655 266 254 384
t 255 267 1226 352
t 1227 255 267 1226
t 1227 267 255 1048
t 1271 607 916 293
t 1022 1396 1419 667
t 1419 278 544 256
t 544 1022 1419 667
t 1419 1380 278 797
t 276 261 353 700
t 700 495 276 261
t 276 261 386 1101
t 496 261 386 276
t 496 276 495 261
t 910 496 386 1420
t 841 676 331 1399
t 910 386 530 1420
t 496 1348 1420 754
t 1420 1399 676 262
t 1348 1399 1420 754
t 1086 264 725 640
t 640 894 675 1086
t 1086 640 725 675
t 1013 265 725 280
t 334 266 611 366
t 627 611 736 1003
t 611 829 736 1003
t 325 267 934 1235
t 934 267 470 1235
t 832 267 1235 470
t 353 283 532 1101
t 386 1165 1005 618
t 676 595 96 215
t 595 676 1005 504
t 676 284 386 1005
t 594 721 990 441
t 926 746 446 221
t 430 223 1347 450
t 531 455 747 224
t 981 713 464 925
t 251 474 1157 423
t 459 1085 246 732
t 714 464 248 481
t 474 436 487 753
t 436 487 1090 474
t 496 754 1420 910
t 497 754 841 1399
t 251 1090 775 1157
t 1145 1159 1091 1162
t 1377 274 1374 757
t 1378 316 961 732
t 961 316 1378 757
t 1379 259 427 1382
t 1385 730 1390 289
t 1387 687 1392 291
t 1358 498 277 496
t 991 498 1358 496
t 786 496 277 498
t 1401 498 1358 991
t 499 529 691 1041
t 538 1383 788 1380
t 1383 1380 787 788
t 787 1384 875 763
t 271 788 286 272
t 668 271 286 851
t 1255 788 286 538
t 1397 1255 286 538
t 286 271 668 538
t 1386 290 20 275
t 1015 296 1084 582
t 677 298 283 389
t 922 298 283 1410
t 1004 283 922 298
t 389 298 283 1004
t 678 1004 389 982
t 678 596 1004 284
t 678 596 551 598
t 1053 685 833 1170
t 1170 833 790 310
t 342 790 323 1174
t 311 323 679 390
t 679 323 311 790
t 475 1415 790 679
t 1174 342 645 1345
