MeshVersionFormatted 1
Dimension 3
Vertices
1422
-0.012875 0.01925 -0.009375 0
-0.012875 0.01925 0.008375 0
-0.012875 0.022 -0.008035377999999999 0
-0.012875 0.022 -0.005 0
-0.012875 0.022 0.004392688475 0
-0.01287498500131602 0.02200031497236359 0.008040049597697049 0
-0.0128749583404177 0.02200029161707612 -0.009151588184412272 0
-0.01283739 0.01925 -0.009708781999999999 0
-0.01283739 0.01925 0.008708782 0
-0.01283495 0.02199952 -0.009719201 0
-0.01283495 0.02199952 0.008719202000000001 0
0.004038765978293276 0.02083123355232807 -0.006985666257274969 0
-0.01274533295844805 0.02200030937337773 -0.009976855880519563 0
-0.01272645 0.01925 -0.01002583 0
-0.01272645 0.01925 0.009025826000000001 0
-0.01267794 0.02200016 0.009118197 0
-0.01261238 0.021999915 -0.0102148 0
-0.01254775 0.01925 -0.01031024 0
-0.01254775 0.01925 0.009310235 0
-0.01254684 0.02199967 0.009311368 0
0.004039739690763033 0.02099652626131934 -0.002023650397534106 0
-0.009194076885492444 0.02098679634201293 0.005013581100081708 0
-0.01248363145474496 0.02216503292981011 -0.009502777333345805 0
-0.01245715054580833 0.02218743431062732 0.008424306368811883 0
-0.0124186292618555 0.02226226364263367 -0.00837574881700659 0
-0.01238204554974143 0.02228658097385023 0.007238094189969335 0
-0.01234777082775487 0.02199958848927223 -0.01051280141493813 0
-0.01232134168213163 0.01925059689869999 -0.01053665074496537 0
-0.0122658817263281 0.0192535903886712 0.009575633954858869 0
-0.01227309574449515 0.02199973851196687 0.009571052019133478 0
-0.0004280098310048525 0.02089007083899279 -0.004684955880514262 0
-0.01214354 0.02232807 0.008375048 0
-0.01214339 0.02232808 -0.009375044000000001 0
-0.002729445035566673 0.02088340265142773 -0.006810181704534654 0
0.001700578580605482 0.02106848051521786 -0.007148583419760098 0
-0.0120423041473907 0.02224389504732189 0.008836048832570123 0
-0.01202583 0.01925 -0.01072645 0
-0.01195265550610559 0.01926692474870038 0.009752101665738224 0
-0.01204184416740249 0.02198455448955397 0.009715226135164592 0
-0.0119983 0.02200032 -0.01073937 0
-0.01200250269470589 0.0224934161398212 0.002061400095694198 0
-0.01194480876899794 0.02251709499391099 -0.004944930596000172 0
-0.01190600124959465 0.02231554999111242 -0.009711997854540824 0
-0.01190789159292874 0.02252195399641154 -0.008067344867307903 0
-0.01189911 0.02252814 0.007035377 0
-0.011783 0.02199992 0.009818436999999999 0
0.003772675257136375 0.02064064425111468 -0.003997449973488978 0
0.004175502624349231 0.02144200619085792 -0.005398704145930831 0
-0.01166103252789335 0.01925408228271384 -0.01084278371922352 0
-0.01170878 0.01925 0.009837393 0
-0.01159160173157164 0.02199112554141117 -0.01085799831552293 0
-0.01147401 0.02199971 0.0098684155 0
-0.01104629810048613 0.02200021698355362 -0.01087496933576983 0
-0.0115088136483846 0.02229027432604598 0.009163193547738634 0
-0.01128696242138763 0.0223222724369655 -0.01016792159541277 0
-0.01137504 0.02255934 -0.009375031000000001 0
-0.01137503 0.02255934 0.008375038 0
-0.01134478230048281 0.02265950478525186 -0.008844342489489499 0
-0.01117070426423747 0.01925 -0.010875 0
-0.01102853087077841 0.01925565503551073 0.009875 0
-0.01130092886946286 0.02267254553054887 0.007795334239891189 0
-0.01144323222761769 0.02268858183655741 -0.007988416553513511 0
-0.011375 0.02270395 0.007260377 0
-0.01108146119704735 0.02281897101779417 -0.0008071693018476536 0
-0.01102825038632859 0.02282163219416017 -0.005558139915704691 0
-0.01107268429350698 0.02280920623070489 0.003798013651149106 0
-0.01091991417147059 0.02282676873215127 -0.007765368097834127 0
-0.01084761542738762 0.02283719355960687 0.006842381618490717 0
-0.01044177 0.0228973 -0.008035377 0
-0.01043158917503505 0.02289816926454335 0.007019106770057525 0
-0.009966480999999999 0.02229415 -0.01040218 0
-0.009869373877754613 0.02229244074609942 0.009404022494623195 0
-0.009937078866738364 0.02253499452912307 -0.00990098366209528 0
-0.009931042521721771 0.02252565935109182 0.008920454171351917 0
-0.009934124279308145 0.02271723239980789 -0.009384355342596825 0
-0.009966480999999999 0.02272051 0.008375097 0
-0.009966480999999999 0.02282845 0.007935169000000001 0
-0.009966480999999966 0.02286277499999999 -0.008711299000000002 0
-0.009966480999999999 0.022911545 0.007261403499999999 0
-0.009429124073420735 0.02293752848373133 -0.007720504099591337 0
-0.009845570801987381 0.022973433802172 -0.005101770257043389 0
-0.00996648 0.02297354 0.004 0
-0.009785861986585397 0.02300648604520221 -0.000428757593900722 0
-0.008108240499999999 0.022 0.009875 0
-0.008418067701481461 0.02198141073795578 -0.010875 0
-0.006106989301434734 0.02245448856052226 -0.01007592655887811 0
-0.006455345082962003 0.02281386665207448 -0.009080522789592056 0
-0.006408960695755443 0.02283550333901517 0.00798339650294207 0
-0.006192185402714695 0.02298054207261586 -0.007815239120699403 0
-0.00625 0.02297173 0.007035376 0
-0.006512175866034696 0.02306785619041502 -0.00534658428346818 0
-0.006111572313602167 0.02308049338126184 0.004248470526319357 0
-0.006042748914050605 0.02314968930290401 -0.001016573482231398 0
-0.003293324950286636 0.02250661782984844 0.008982264646225731 0
-0.00025 0.022 -0.010875 0
-0.0001063577875897984 0.022 0.009875 0
0.0003896425589758354 0.02284482807251203 0.008002928156712209 0
-0.0002094770193299567 0.02300721454347015 -0.007890180812814219 0
-6.113892780619127e-05 0.0231626676159029 -0.004759717313132766 0
-1.315673526283354e-05 0.02324210325205773 -0.000708876030781565 0
0.002807649807691698 0.02251532999654468 -0.009956780845178596 0
0.00275 0.02283473 -0.009037453500000001 0
0.005814453792565317 0.02248485669359592 0.009023302911826511 0
-0.006773477497545343 0.02170034084074284 -0.001256112860705109 0
0.00575 0.02297173 -0.008035376 0
0.00575 0.02297173 0.007035376 0
0.005772068984297796 0.0230843624886688 -0.005114171539797177 0
0.00571965785988685 0.02309488361249054 0.003652141467210797 0
0.005845019973160252 0.02314874586746894 -0.0006385686897513075 0
0.00760824 0.022 -0.010875 0
0.00760824 0.022000005 0.0098750005 0
0.00936650867397794 0.02300270217570221 -0.0003993209762470133 0
0.009343251719548633 0.02224967684558147 -0.01047366664583434 0
0.009195004601407254 0.02230337932443111 0.009382708993355133 0
0.009348527644616031 0.02253604028671295 -0.009897928846022372 0
0.009284838520900843 0.02252835652262363 0.008915719640946399 0
0.00958321034837391 0.02269861020191071 -0.009399311328840167 0
0.009466479999999999 0.02272051 0.008375097 0
0.009583036891173896 0.02280967635894311 -0.008953356404244802 0
0.009517978426498 0.02285746609031975 0.007697067709799106 0
0.009466479999999999 0.02289711 -0.008487430000000001 0
0.008784275495219897 0.02294136202494346 -0.007589639528171221 0
0.009466479999999999 0.02292598 0.007035377 0
0.009466479999999999 0.02297354 -0.005 0
0.009295685950063212 0.02298002433459713 0.003803365073382211 0
0.009941772999999999 0.0228973 -0.008035377 0
0.0101771665 0.022861625 0.007035377 0
0.0103905954652705 0.02283043858465151 -0.007875610912002919 0
0.01046428501092185 0.02283689998969892 -0.005447011643647427 0
0.01052841368826548 0.02282397029337397 0.00413342589689302 0
0.01059112837119543 0.02281652985926004 -0.0004613934237340414 0
0.010875 0.01925 -0.010875 0
0.010875 0.01925 0.009875 0
0.01081754881603695 0.02266973376956325 -0.008795621344417016 0
0.010875 0.02270395 -0.008260377499999999 0
0.01085831496141546 0.02271755750217375 0.006698292728934817 0
0.01087185164240593 0.02268008417801681 0.007623971944434639 0
0.01087503 0.02255934 -0.009375039 0
0.01087504 0.02232816 -0.01014344 0
0.01078637546660233 0.02234854143615669 0.009103652251906368 0
0.01087504 0.02255934 0.008375031 0
0.010974005 0.021999685 0.0098684015 0
0.01097401 0.02199971 -0.010868415 0
0.01120878 0.01925 -0.01083739 0
0.01119520587575655 0.01925 0.009838922396879453 0
0.01138525583287237 0.02200010999783183 0.009780881278615317 0
0.011283 0.02199992 -0.01081844 0
0.01139319236523839 0.02253033308684189 0.006967817939609336 0
0.01137411699926012 0.02253729082509249 -0.007834986098463673 0
0.01149229180437266 0.02250095149573076 -0.001761666693790783 0
0.003525909294539234 0.02070414351276876 0.002667890430004595 0
0.01148841695939269 0.01925 -0.01073954131911362 0
0.01145425705758103 0.01925 0.00975149809607008 0
0.01148855479735855 0.02222669164902371 0.008962759687533866 0
0.01142467698187025 0.02226494823621723 -0.009870819948956361 0
0.01146860268067879 0.02240600076634523 0.008202084253649459 0
0.01170263 0.02199988 0.009626011 0
0.01170265 0.02199988 -0.010626 0
0.01177861356875966 0.01925 -0.01055465872114367 0
0.01177186334899547 0.01925 0.009571861560684979 0
0.01183124 0.022243845 -0.009421472499999998 0
-0.005516278710166107 0.02068013598079993 -0.006732657886877654 0
0.01189802014429601 0.02228946150450858 -0.007777290696438295 0
0.01190032513877878 0.02228887071565331 0.007055779239987314 0
0.011966855 0.02199959 -0.01039684 0
0.001563905156107567 0.02079793746635935 0.0006008893434005596 0
-0.003226526514211008 0.02133231883659625 -0.009528800826976824 0
0.01204683 0.02199967 0.009311384000000001 0
0.01204775 0.01925 -0.01031024 0
0.01204775 0.01925 0.009310235 0
0.01217794 0.02200016 -0.0101182 0
0.01222531 0.02200026499999995 0.009018848500000003 0
0.01222681018552915 0.01927141931835283 -0.01002500171346326 0
0.01222645 0.01925 0.009025826000000001 0
0.009680623016193031 0.02185165357762539 0.0005445067371470885 0
0.01233495 0.02199952 -0.009719202 0
0.01233495 0.02199952 0.008719200999999999 0
0.01233739 0.01925 -0.009708781999999999 0
0.01234836405974948 0.01925 0.008611389189276803 0
0.01237495 0.02200035 0.008375057999999999 0
0.01237498 0.02200042 -0.009375058 0
0.012375 0.01925 -0.009375 0
0.012375 0.01925 0.008117650010833243 0
0.012375 0.022 -0.008035377999999999 0
0.012375 0.02198754994781171 -0.002784169875496096 0
0.012375 0.02199346436842006 0.005588877547155095 0
0.004292949602672851 0.02151806322639511 0.001132145801218619 0
-0.01179348013895498 0.02044578561128749 -0.0051869363471086 0
0.006227326875571686 0.02107471005935329 -0.00392712273417601 0
-0.01181039246894283 0.02034455087396762 -0.0008844368324074438 0
-0.01145798022442599 0.02029882180042589 0.002025248343713653 0
-0.01194185523587808 0.02062709973190574 0.004181834210690556 0
0.002810626306614716 0.01925 0.0004558788860002088 0
-0.01215826054837089 0.01996213001220704 0.009026473167435187 0
-0.009615379350558631 0.02061290191612755 -0.007580448248190937 0
-0.009936978761293833 0.02029843752615171 -0.00513267897800941 0
-0.009605145427037538 0.02046974874852903 -0.002782371783473855 0
-0.009971645333338384 0.02035560938921696 -0.0003611927554050593 0
-0.00982629844303509 0.02056677964856483 0.001788070654860158 0
-0.009911215622229757 0.02055157183780376 0.007406758258225675 0
-0.01012722446954732 0.02034118311513096 0.008833280681456784 0
-0.01027498421858069 0.0219142111464406 -0.007690925583156825 0
-0.009667362656213405 0.02196354915934794 -0.003010524203411913 0
0.008537976933827037 0.02173422073408149 0.004093052661760534 0
-0.01016337296131722 0.02181249058756103 0.004869635860224842 0
-0.01055762972922985 0.02187341043299442 0.006717174734940352 0
-0.008343061217960947 0.02026183698178492 -0.009726961891699745 0
-0.008041965835725792 0.02058039318215159 -0.007927103551823132 0
-0.007759433375296683 0.02046759812683285 -0.004900982501391271 0
-0.007535081634943226 0.02062180401496051 -0.002785484047837888 0
-0.007339547699571242 0.02063202383372389 -0.0005764879018582064 0
-0.008211903831085427 0.02050521652446429 0.002209646908350389 0
-0.008263897769250485 0.02032112770598945 0.004761790071162641 0
-0.008399994648368927 0.02053604185523459 0.006424702907461354 0
-0.007900990427543084 0.02015145733029256 0.008801935405448201 0
0.002588894796903101 0.02284172064958137 0.007991108369845536 0
-0.007816790751659957 0.02206285066827378 -0.002798932069713476 0
-0.005613029418545647 0.02034586904087064 -0.009657233851231288 0
-0.002142083652148862 0.02178191940520818 -0.009318070294605321 0
-0.005978826379012886 0.02038627584356709 -0.005246107220526544 0
-0.005976665171937594 0.02046749566303531 -0.002249269528615563 0
-0.005613360589585605 0.02041206475673805 -0.0003081090752535772 0
-0.006611490063467072 0.02046152560279592 0.002099361069908791 0
-0.005295781308026265 0.02051868988258046 0.004320467676694311 0
-0.005433329094852254 0.02021696320142922 0.008713122524092115 0
-0.001427179510554271 0.02070946041520712 -0.007511072969657116 0
-0.005349185533366289 0.02175458183780859 -0.005610189296068375 0
-0.006185767322239505 0.02201812898374355 -0.00263130140804351 0
-0.006136824395152523 0.02197839847359195 0.001820376010032848 0
-0.005550905153408916 0.021926732129781 0.006783249762818722 0
-0.003848283518663841 0.02045991787985159 -0.005685200802618457 0
-0.004208947550886591 0.02038061239872154 -0.002661649802909641 0
-0.00343392686954394 0.02071807479421028 -0.0003115894435052102 0
-0.00369882723973812 0.02064965580153712 0.002340187014692873 0
-0.003903315381124779 0.02061172076539222 0.003913362881865839 0
-0.00325805591719036 0.02053290136643237 0.006403189903503092 0
-0.003750316330716982 0.02206262710489683 -0.007724670356034975 0
-0.003909006254792562 0.02200644946275442 -0.004952344784688198 0
-0.004306484174417936 0.02198476204658489 -0.003123474952814049 0
0.002830913129035074 0.02072049428157943 -0.006358994113359097 0
-0.003534334279530442 0.02205565619178273 0.00196730797966103 0
-0.00342568705234842 0.02198008507864143 0.003836603863523014 0
-0.003679091289900063 0.02194199769158705 0.006634440029329383 0
0.0064003177428025 0.02052499263409592 0.005741561687204141 0
-0.002070972285666793 0.02038422135344328 -0.00976753503320104 0
0.0100894279846324 0.02057911612923889 0.006659736473427099 0
-0.001072135036961467 0.02038466769774543 -0.00348606607162696 0
-0.001748120469575234 0.02071500636693344 -0.0002080413091514868 0
-0.0009702039007968932 0.02040959982651137 0.002304646681840382 0
-0.001152805279453686 0.02034020486736917 0.004596860214105828 0
-0.001502125734283048 0.02043449030791946 0.006594639149538498 0
-0.00155256229954375 0.0205568423463198 0.008601672698000785 0
-0.001090191975330153 0.02203384820490731 -0.005442993080922699 0
-0.001398334714553549 0.02191438568246036 -0.002686337807582341 0
-0.001351211445895524 0.02209345769682465 -0.000737818794051295 0
-0.0007087250178691625 0.02194798912495645 0.002029570950365103 0
0.00032402167150417 0.02059653446348811 -0.009739889636860465 0
0.002021820504191426 0.022 0.009875 0
0.001179772538037946 0.02055606519886952 -0.005152523330863643 0
0.001229418179359594 0.0205685365961668 -0.00302075435964362 0
0.000677340192699462 0.02056799574286627 0.001868191489599811 0
0.001138093286795432 0.02051871616745434 0.004509725159416238 0
0.0004125347257561764 0.02053818103537909 0.007019513786319861 0
0.004157826430310397 0.0231581866733348 0.0006016232211862666 0
0.0006219450831819168 0.02195405825313307 -0.0049059476905587 0
0.001227224481185101 0.02197700118655436 -0.003068301889044747 0
0.0009840988463936031 0.02194795503221163 -0.0005648843371988729 0
0.001035539172688023 0.02201831339809963 0.002178071114764851 0
0.0009457372759321405 0.0220668665714006 0.004471391274325579 0
-0.01022610116319281 0.0205058304178045 0.00578145171736493 0
-0.005076784679368602 0.02158809472449887 -0.001847359791888638 0
0.003086324430760564 0.02065752711182546 -0.009737478282825071 0
0.004138204547572159 0.02148053059796651 -0.008727843183266042 0
-0.006371666975849855 0.023116676719675 0.001774387239613726 0
-0.001014395202206324 0.02012341554610498 -0.008659099747844769 0
0.003062874406312099 0.02041925920358511 -0.0006930917704835586 0
0.002967246084077615 0.02043497942655303 0.004181512492085195 0
0.00325268753206186 0.02034645000720465 0.006560393296233351 0
0.001252515126693418 0.02052152953059978 -0.008508715463347614 0
0.003119776456288473 0.02194872288271167 -0.007454738995038773 0
0.002929913115076877 0.02207165110412972 -0.002911013569311421 0
0.009876871136832719 0.02038449054306854 -6.126044061668705e-05 0
0.006126074364528046 0.02227988480394955 -0.001636266915115644 0
0.003414217564005603 0.02193732174618915 0.004141681290009282 0
0.002961332793278529 0.02224545885214081 0.006710993851044025 0
0.002749364385777178 0.01925 -0.001109031073614099 0
0.004577304624338619 0.02035503821617657 -0.009836367828156783 0
0.005368681888823698 0.0204169780862328 -0.007625710305992904 0
0.00539837393258664 0.02042776103985956 -0.004741730339786776 0
0.005332015066830928 0.02052885353668377 -0.00313899529130019 0
0.004828030639769611 0.0204804430591705 1.796430670878025e-05 0
0.005155180714264621 0.02041314571665802 0.002013247339756155 0
0.00524227655727744 0.02064638065096339 0.007014767920232068 0
0.0001793716448646598 0.02194099188024237 0.007137072088073209 0
0.006128585459170459 0.02135962567985649 0.0008721804129724014 0
-0.009276726704651869 0.02168320423638755 0.0006387742254876598 0
0.005573882785342404 0.02188995686474926 -0.002748578589412512 0
-0.001606941600144715 0.02209540967758188 0.0007857186789973606 0
0.005119167176336079 0.02192621664969873 0.004545679385341892 0
0.009496589622982018 0.02008837678381985 0.007759357586557222 0
0.007327518388792346 0.02066110826547257 -0.009462474578916288 0
0.007391919454933274 0.02045383784635858 -0.007609851681871799 0
0.00715074084947344 0.0205039842003582 -0.004745349281280945 0
0.007246221614948241 0.02034978235355855 -0.002984298005508503 0
0.007538292561460428 0.02059826447001593 -0.0007946530373701324 0
0.006925861010915578 0.02034091559674862 0.002109929233957218 0
0.007253962926025202 0.02059790693985525 0.004302347495843584 0
0.007267995578039447 0.0202517164155961 0.006904917756050801 0
0.00706282423721229 0.02193062484524577 -0.004934036726083846 0
0.007933168868736488 0.02170581293968997 0.006493618705851445 0
0.009180750089609798 0.02038207477371452 -0.009791855320375409 0
0.009875620648606838 0.02036031408109471 -0.006783309039330413 0
0.009930228653721078 0.02052320579263338 -0.004944283532824151 0
0.009779653473328443 0.02063977861050769 -0.002857803524224974 0
-0.00509595064748469 0.02051651390570632 0.007078198745699966 0
0.002027163223972663 0.02013272480875731 -0.002390059435876504 0
-0.0004030296106215853 0.02073159220149975 -0.006061919760407122 0
-0.003352189590399312 0.0220000019738449 -0.010875 0
0.009821196896888157 0.02214961937903639 -0.007862645485849622 0
0.009391760687536502 0.02203996682529882 -0.002524889827512854 0
-0.001411975668348642 0.02304377405038769 -0.006948680384968421 0
0.00988171111476163 0.0219006150655836 0.00673558043408806 0
0.0115752783267285 0.01991811678896432 -0.00996483655409078 0
0.01127591428755148 0.02078767240187739 -0.007759614169192719 0
0.01147343992968764 0.02250995047098405 -0.003072181960980891 0
0.001822125273440809 0.02220885947265171 0.001100824772081763 0
0.01143815493865514 0.02033973056381551 0.008829499502261187 0
0.00769155745265361 0.02185068650108118 0.0006028142858154371 0
0.004875243496389625 0.02212299552726764 0.006232531251519079 0
-0.0104656256893639 0.02147437258971007 0.008831055689799989 0
0.01109067561392359 0.02096594635166642 0.004940940126128164 0
0.001930824148227151 0.02078116129407399 0.008686482933339595 0
-0.005099882950872796 0.02032864215297997 -0.008155045516007797 0
-0.003339828871223945 0.02250282010756731 -0.009993281054323275 0
0.001566640989074662 0.02072676253222812 -0.0006120529830442651 0
0.007136144716202538 0.02180058535789 -0.003394487364632302 0
-0.008184869123708074 0.02060104435898091 0.007742616015910429 0
-0.009769639812178578 0.0204955169287496 -0.010875 0
0.01129676703413723 0.0214194731893087 -0.005145369583673852 0
-0.006455105410754963 0.02168864178216592 0.0004035080937889611 0
-0.001344411314755488 0.02306484210350469 0.005566429766016913 0
0.006036378283775175 0.02181683077244644 0.006022357783473222 0
0.01018544575519965 0.01925 -0.007428861632092497 0
-0.003088757337148459 0.02306198088701052 0.005228669006134822 0
0.008342290011831682 0.02212854955361562 -0.005248661632951459 0
-0.006783861964587861 0.02030394470312066 0.006736457756936707 0
-0.007197220091275061 0.02158487736778449 0.002531404167460019 0
0.006375652512661431 0.02160355011611621 0.003141726490662113 0
0.01098297554862896 0.01925 0.001235111369097304 0
-0.008999612150179826 0.02145875742172841 0.003176319228228243 0
-0.004899385531606374 0.02180238402338368 0.003057329897249568 0
-0.002234304607511249 0.02122827246081121 0.003198579126724476 0
-0.0001122826816464514 0.02142438473557339 0.00348531777260766 0
0.001938018163369704 0.02139181980863942 0.003169588511811955 0
0.006501648733219047 0.0210985462093845 -0.002028028808534376 0
0.008624737166509387 0.02144971240581666 -0.004085401878514092 0
0.008217442605421897 0.0216681156528815 -0.002012384578138357 0
-0.009426901037715483 0.02135910933175655 -0.004541558152981555 0
-0.00866757565490767 0.02155705732248381 -0.001456184564558986 0
-0.00703566815024833 0.02171598956927131 -0.004357310847138735 0
0.003402786582732439 0.02207607124481535 -0.001362856784461849 0
-0.002863815518394193 0.02108994073171403 -0.003815560125869954 0
-0.003046888225617022 0.02161707516452629 -0.001626215300078601 0
0.005344035235007926 0.02194492384077262 0.007419835542905552 0
0.01147780486263152 0.02143591074567904 -0.000776824554286744 0
0.003284155850443189 0.02194612363722391 0.002462094082701525 0
0.002053051147108971 0.02130218406816143 -0.001760211263713926 0
0.006568177825788749 0.02104651314502108 -0.006315892503165837 0
0.007863207244583876 0.02181239263366903 -0.006662309413884063 0
0.008422036450864631 0.02084710281194264 0.00569744003686166 0
-0.002765073204754619 0.02048127872666657 -0.010875 0
-0.005098465285824303 0.02316097977679136 0.0001070636390808278 0
-0.01107245498267292 0.02134192326153852 -0.006464463631743813 0
-0.001270761918772078 0.02153721021709129 0.004286642298980842 0
-0.008653095987645456 0.02088731876255694 -0.006189367316701902 0
-0.006991491848852568 0.02070569779342491 0.005420051042735779 0
-0.004523004842953318 0.02134760406196203 -0.009163389760467117 0
-0.004556516106245039 0.02143197367994885 0.001087658345747452 0
-0.004090160732151425 0.02125598140353465 0.005458421563428807 0
-0.004245305761258722 0.02155258293216963 0.00818225857036195 0
-0.002331808253644316 0.02094982061311914 0.001278558917688399 0
-0.001578187569350875 0.02322680806666327 -0.000605976572057315 0
-0.002201297594296586 0.02166879800660007 0.00517530482346997 0
-0.001355714488542767 0.02318380012846485 0.00195680461397419 0
-0.0004134646809861331 0.02142315802677177 0.0006225984912571398 0
-0.0003724637967710749 0.02139680954548517 0.0056622176107909 0
0.002293778761374764 0.0213934440681606 0.005457249824693655 0
-0.01110945731505405 0.01925 -0.007831715053932271 0
-0.01108417524650148 0.01925 -0.00608833238813882 0
0.004175074232506182 0.02109762018491001 0.005494898238109855 0
0.01072939065075625 0.0215969554296772 -0.00671054905938004 0
-0.01090900853490247 0.01925 -0.003608856457440242 0
-0.01105916815795794 0.01925 -0.0009070684372742468 0
-0.01082484758458881 0.01925 0.001061288939614161 0
0.009282193080937735 0.01925 -0.008406434561346413 0
-0.01089715927398044 0.01925 0.003513021718186033 0
-0.005222244168285957 0.02047863288396364 0.002592648617919152 0
-0.01105131554630422 0.01925 0.006336934697658739 0
-0.005574474387465252 0.02020390030037782 -0.003582546908363058 0
0.0003507990928660118 0.02130480840117412 0.008542419214591158 0
-0.009880453943831425 0.01925 -0.009903996589255136 0
-0.008430430395078761 0.01925 -0.008938230177154578 0
0.0106468591350609 0.02161875155933792 -0.002246254857613132 0
-0.003827184706012582 0.02316874578626003 0.0007346109485953805 0
-0.008610867456151545 0.01925 -0.005826070079068563 0
-0.008724334555810009 0.01925 -0.003865248028802783 0
0.01112693930156895 0.02083128382034341 0.0004806996432495587 0
-0.008627852512523548 0.01925 -0.001332827136897405 0
-0.008745036037846496 0.01925 0.001310550194612877 0
-0.008478133411768181 0.01925 0.003350486663533018 0
-0.008943165960730765 0.01925 0.005984555359514754 0
-0.01026606495995622 0.01925 0.008575112177805808 0
-0.008807538857846095 0.01925 0.008493345555028496 0
0.008676853992465554 0.02080634399724579 0.007378553208102958 0
-0.004448094243111558 0.0231293505631054 -0.003729342562861571 0
0.01060511178060326 0.01925 -0.008796848816553685 0
0.003862424876408382 0.02166196788776653 -0.0002898740240507129 0
-0.006663525568775066 0.01925 -0.007824550600598518 0
0.004470766620943661 0.02205866679170626 -0.00649912321366047 0
-0.002341292894842482 0.02030953360818105 -0.002479944186457482 0
-0.01166503523104108 0.01925 -0.002333601333282655 0
-0.006810988766387853 0.01925 -0.005724425281114331 0
-0.006831938781914782 0.01925 -0.003340742500975485 0
-0.003025594565439049 0.01925 0.00904093935830718 0
-0.006527159057244367 0.01925 -0.001501042065611205 0
0.00143630536452607 0.01925 0.002747771011321086 0
-0.006381545227253221 0.01925 0.0009995897090918845 0
0.001345381810863964 0.01925 -0.00203566952639834 0
0.008050014657936533 0.01925 0.005140639544394462 0
-0.007876963055411459 0.01925 -0.007107404675215619 0
-0.00644759032683937 0.01925 0.003532543394351691 0
-0.002581865143009962 0.0212533405863831 0.007520500045136392 0
-0.006275784496878231 0.01925 0.006090007174541858 0
0.004377640358267213 0.02317032910320403 -0.0005495899964598682 0
0.000607728890221405 0.02030182372160682 -0.00661962836591632 0
-0.006902963937552365 0.01925 0.008583557373581548 0
-0.0004892618797267396 0.02020645193713501 0.007923413857157677 0
-0.009144484380279937 0.02223111471292223 0.002002674193459443 0
-0.004848667754632995 0.02303183563734107 0.005656166787098557 0
0.01121828075495985 0.01925 0.007668702277138013 0
-0.005025306696610791 0.0225224205835154 0.008933057028899015 0
-0.004350744663306478 0.01925 -0.005311847235493488 0
-0.004606873926383026 0.02192214812707046 -0.0005044429755880109 0
-0.006248644004800981 0.0210789949517557 -0.008270429249444187 0
-0.01056774395613805 0.02142577483498083 0.0006782843601426606 0
0.002876605650122888 0.02044801746646627 -0.001950922816917012 0
-0.004370490730059391 0.01925 -0.0009031240709776131 0
0.003913321021273121 0.02314362100890756 0.00177343111373872 0
-0.004521906926988626 0.01925 0.001214828562569876 0
-0.01040091340467394 0.02155405648630334 -0.001306406220915628 0
-0.004566518793116676 0.01925 0.003646301031883195 0
-0.01061618963097836 0.02033764999015493 -0.009870994289243033 0
-0.004413219089394156 0.01925 0.00594389645592272 0
0.0005123507931648649 0.02180263675010295 -0.008908931039223798 0
-0.0009956587533840827 0.02126915697116435 -0.009367954777114341 0
-0.00413897123777677 0.01925 0.008201127135681106 0
0.01010168989299536 0.02167607125865228 -0.001063008983740089 0
-0.01080068817023558 0.02175573517311285 0.007907022269715628 0
-0.003818510135362933 0.01925 -0.003557726359822284 0
-0.00198501233367466 0.01925 -0.003539718095267609 0
0.009904993738196049 0.02193496736995387 -0.003757733702233692 0
-0.001884539051945 0.01925 -0.001100557363000606 0
0.008083390601848792 0.01925 0.002434031213158718 0
0.007895132418577439 0.01925 -0.005308819962710201 0
-0.001976525952359573 0.01925 0.001113049445954815 0
0.008418950731790411 0.01925 -0.00705805126809354 0
0.007408666197068499 0.01925 -5.101566605552298e-05 0
0.003786856190182739 0.01925 0.003106391137161452 0
-0.001963474350445726 0.01925 0.003474101563879407 0
-0.01175698097687612 0.0215769770464691 -0.001471295468931132 0
0.001741083602090208 0.02246082669613183 0.003182093974491654 0
-0.00199829797810009 0.01925 0.005945015403634301 0
-0.009073182413590624 0.02167809314307577 -0.00852677039389566 0
-0.009073073165444461 0.02180459102103357 0.007511277586887425 0
-0.001749926068859632 0.01925 0.007947676490468843 0
0.008676103797273826 0.02165388124723604 -0.008375235490966814 0
0.005372628879129445 0.02042488085869831 -0.001539867376324652 0
0.01119044750165844 0.02114598582509564 -0.003433332699902919 0
0.01121745613361946 0.02133807498876177 0.003160369698807202 0
-0.01173957786292103 0.02139860410165494 0.0030595619573848 0
-0.0002359838146040877 0.01925 -0.0004485890715642355 0
0.00011128557491011 0.01925 0.001440510931133769 0
-0.006219440220934014 0.02139670392078146 0.003243182704480853 0
0.0009107304462258227 0.02185636431681917 -0.006375207564001862 0
6.740914332745672e-05 0.01925 0.003381736426105815 0
-0.01085103001828583 0.02063785824404582 -0.004052156515052641 0
0.000162283943845154 0.01925 0.005660282966022842 0
0.0004410768265417624 0.01925 0.008124418026054386 0
-0.00200241141789612 0.01925 -0.004882781756756759 0
0.007549312380671452 0.02307980802465891 -0.000500000048414437 0
-0.01171646662687167 0.02136933100308778 0.005714224736376587 0
0.009827352527825224 0.02118888569766771 0.003109155605535371 0
-0.008670504085763088 0.02189338268131007 -0.007153303456433112 0
0.002318206460949193 0.01925 0.001843587631144984 0
-0.002251162181581006 0.02281869184145315 -0.009089197945657535 0
0.002234614844118412 0.01925 0.004176422375904617 0
0.00236139410443487 0.01925 0.005641520661802828 0
0.002580028295231754 0.01925 0.008261922654662052 0
0.004640782735480683 0.01925 0.005828274281361982 0
0.004621243423909988 0.01925 0.008528155572902762 0
0.009872837900512993 0.02048872943980717 0.001521297659027999 0
0.005280952891988013 0.01925 0.004162895249060605 0
0.004570001470215745 0.02247183616672686 -0.01004626811254911 0
0.007113765905112118 0.01925 0.006400417972981662 0
0.002532447648692661 0.02298734516145378 0.007023643124770442 0
0.006816322731619046 0.01925 0.008333122316474522 0
-0.008429337337519213 0.02193940913993427 -0.005331052591081002 0
0.008553690719693677 0.02164606209167438 0.001982932940864333 0
0.008968679927858932 0.01925 0.006709950540052221 0
0.01064439845405907 0.02167368277053879 0.001679847326275981 0
0.009455925354469617 0.01925 0.008619579287789808 0
0.002732485572286277 0.02084501615854147 -0.008336336284881715 0
0.007536514962900138 0.02302337068701787 -0.005267495734280583 0
-0.01118719406343096 0.02004998557717194 0.007686168185167977 0
0.01104369813618887 0.01925 0.002633910538552288 0
0.01107359844695741 0.01925 -0.004480232749065134 0
0.01089801219970913 0.01925 -0.0002309267095142193 0
0.01108587510592971 0.01925 0.004833355504930355 0
0.005655356926528794 0.02008492221497408 0.00838015382305613 0
0.005653031118487179 0.02152183320008351 -0.009264032925602083 0
-0.008296798273434656 0.02303849507002365 -0.002811668970815909 0
-0.01065660298105075 0.02061527838219893 0.004350423059420867 0
0.004419130786753366 0.01999650868414487 -0.003025022290377573 0
-0.007751171899368338 0.02309093567525018 -0.0005885357395258241 0
-0.005768201762966713 0.02312743472845538 -0.002777323700646502 0
0.012375 0.02046859219227142 -0.007316027085417656 0
0.012375 0.02003456576426505 -0.005308520932881939 0
-0.001575751605638267 0.02028103205703062 -0.006391912920786997 0
-0.004495701342825938 0.02312149999760667 0.003231827709435707 0
0.002999577218640148 0.0201536187135395 0.008989775030009873 0
0.001055472662533348 0.0216863197300791 0.006358781067817015 0
-0.005500676018146843 0.01925 0.008969164807076362 0
0.002726254317155618 0.02238028753704403 0.003114377984544013 0
0.01070009884353244 0.01925 -0.009804470297480156 0
0.006077204168543209 0.02283796962724665 0.007963063123362209 0
-0.007447330797000771 0.02191009774117823 -0.00810145575760148 0
0.01225519213597035 0.02066360717277175 -0.009956959332822736 0
-0.007414315067471546 0.01925 -0.009700488049725557 0
0.003560725909108984 0.01925 -0.009824569863957846 0
-0.002616944220193889 0.02314842419329796 -0.003917414707734449 0
-0.003884623178129177 0.02004799586044718 0.005066435362758925 0
-0.012875 0.022 0.005595291266942286 0
0.003239921339303663 0.02250981398063992 0.008972143872841157 0
-0.006422766232077068 0.0220000004648651 -0.010875 0
0.001762880455122829 0.02139007419057221 -0.009709752441316055 0
-0.00862671924693733 0.01926821958280252 -0.010875 0
-0.005893291460330645 0.02029425621650394 -0.010875 0
-0.00660620869182404 0.02033058076577682 -0.003941514784575712 0
-0.005118973262067378 0.02206531956993545 -0.008690984722370251 0
0.01117679992960733 0.01925 0.006219152151034873 0
-0.009808214123813984 0.01925 -0.005889020966862293 0
0.003565094526624161 0.02191136162499128 0.007986148392040697 0
0.01016425129324207 0.0217484529650293 -0.00495266790849957 0
-0.007934245903936609 0.02302821320617705 -0.005224907250790233 0
-0.009846132765947795 0.02298883164755593 -0.003037876456151068 0
0.006657974711409185 0.02163751410854059 0.007134396598426471 0
-0.0006537981761501366 0.02230224489895701 0.00475685509458207 0
-0.007272964942939545 0.02171981960572589 0.00727337442686197 0
0.003140179976734934 0.02224353160804524 0.001308396254061548 0
0.003363748950479748 0.02204901271189009 -0.006149946671966871 0
0.004326013495956222 0.02298181683238836 -0.007948310513124083 0
0.008604223336018662 0.02023298993094593 0.001922676595518762 0
-0.008429310275128152 0.02285503524432277 0.00780338378836048 0
0.008424466738758168 0.02065639953795219 -0.005842987868073866 0
-0.007934547611571838 0.02293833613873658 0.007180507622128187 0
-0.007021829558858243 0.02185162013731441 0.004001700970141134 0
-0.01138238107864964 0.02027661688531321 -0.008833638400192313 0
0.006799818992591159 0.02196852171311449 -0.0006469632046597319 0
0.007027797966092399 0.02184396064534456 0.001955551691325227 0
-0.012875 0.0200716766464529 0.0001595456332102009 0
-0.01048610385347212 0.02174905121860963 -0.009233686459655312 0
-0.009280975297548403 0.02148246062774181 -0.009794023943098432 0
0.008363425673024096 0.02146850624134437 0.0086716208940683 0
0.008728644517328129 0.02162392784906705 -0.009692818134193103 0
0.007929718212514139 0.01925 -0.009750081038419749 0
0.007945282428056127 0.02234136598275953 -0.01030101312304892 0
0.004302917472065479 0.02219600229476491 0.00209321805901781 0
0.006489000499117411 0.02111124629890509 0.008502244048697153 0
-0.007377354499677677 0.02120321663722107 0.008875083971116736 0
-0.007456247792203804 0.02143395872214315 -0.009571149457183027 0
-0.004248350163954363 0.02033964435559407 -0.007131172164897393 0
0.005202193147885866 0.0204748771076384 -0.006081002212684287 0
0.004436170100868619 0.02312499373077254 -0.003629055931892718 0
-0.012875 0.0206131202929626 -0.004017204735391231 0
-0.01275734569438407 0.02043697550129147 -0.009948668113725986 0
0.009228330206205356 0.02040444223425376 0.004345841093899947 0
0.005532206260796149 0.02230179717500807 0.000448432745439015 0
-0.007825894259365208 0.02302845570915236 0.004305790159650423 0
-0.001561015459087875 0.02299382293216193 -0.008035375218502578 0
0.01122508732063739 0.02259251538830114 -0.006272285133483548 0
-0.01030156534808676 0.02185834900751859 0.003008824188167256 0
-0.007973214417547071 0.02201865182149644 0.003151662697776521 0
0.01142098875971594 0.02252553953992526 -0.004582933897325908 0
0.005131958132454673 0.02156062079890777 0.002809064025204123 0
-0.005748946876601818 0.01925 -0.004572375442981897 0
0.001146285103086283 0.02299686795652019 0.006946523458118666 0
0.004005658471341769 0.02298016673719202 0.007029756553480856 0
-0.01004642938914277 0.01925 -0.008649882723430032 0
0.004483992225568484 0.0228330685851153 0.008022629059831645 0
0.005116914994661821 0.02127408328243932 -0.0041380517295485 0
0.01152516088479919 0.02066076301263748 -0.01072561462277469 0
-0.001391516799276001 0.02164754279348736 -0.006648080752216477 0
0.01056518596405983 0.02029273192209771 0.007952918698045692 0
-0.01189116949945403 0.02014471951840988 -0.006317952241599679 0
-0.003269612835621859 0.02008745218637221 -0.001416336481337444 0
-0.008157816472986827 0.02177152939997992 0.005747849904777618 0
-0.002444507348024018 0.0229906637741363 0.00700950541449998 0
-0.0009103878601137887 0.02300267237165968 0.006886276898759611 0
-0.005567899588109563 0.02099356075936289 0.005652028601897985 0
-0.005874727963490898 0.02152442154858904 0.008308282155547866 0
-0.00800710735827294 0.02272162695452666 0.008359686172496173 0
0.002576209167815551 0.02188370135781231 -1.918525856370597e-06 0
0.004894529279382354 0.02124121656356651 0.008179720853555974 0
-0.012875 0.02039616926268437 -0.005272901209860071 0
0.00952108043549867 0.02199983518668052 -0.0108712576010043 0
0.012375 0.01925 0.002330413098631206 0
-0.009440058422858439 0.0214537741863856 0.006200375549757218 0
0.01096419563917076 0.02052296753221622 0.001945596360194043 0
0.002941562132165677 0.02307702998179084 0.004865555038308391 0
0.008251611502861458 0.02296803642147974 -0.006305712952677721 0
-0.008607668700022202 0.0229678805164428 -0.006428752093915501 0
-0.003688142474107609 0.02081783238310723 -0.008048770809641193 0
0.002950302924126141 0.02133881214423371 -0.005175762724385742 0
0.002650238246242042 0.02078822663291225 -0.003000578516947261 0
0.00823653772332786 0.02275123279371045 0.008277693796000588 0
0.008231550872584852 0.02302061233615181 -0.003546382706762192 0
-0.01187344045749826 0.02147662007223333 0.001322053657817675 0
0.002303546252870142 0.02241484919823123 -0.001317381555877498 0
0.012375 0.02200863083171125 -0.00521001303667369 0
0.011750464379228 0.02236792483333051 -0.005772412648369864 0
-0.012875 0.02078498225564175 -0.006575584340049427 0
0.008601103994610948 0.02019824264133589 -0.00879190519232745 0
0.0001902638566524696 0.0230653661964642 0.005703447678604076 0
0.006827783024041896 0.02280055172184972 -0.009120700498799993 0
0.006562818247608253 0.02249824140430842 -0.009994817046886121 0
-0.008117106213847055 0.02176343546621087 0.008483862691546079 0
0.003404576965384196 0.02047222924353664 0.007839667853791589 0
0.002741861494344657 0.02318084974402603 0.0005927743731200493 0
-0.00248098148633074 0.02233218915405938 -0.004954909240623875 0
0.012375 0.01925 0.007012903396348772 0
0.001634640725593093 0.02312908288395133 -0.005177139027561094 0
0.007532470496210987 0.02189495748202546 -0.00910110248132882 0
0.009617120643673815 0.01925 -0.009609155931305135 0
0.009382291644987228 0.01925 -0.006113300429068889 0
-0.007170304466184659 0.02017231891686256 0.0009487679795567509 0
0.0110276311650455 0.01925 -0.00606857207239998 0
0.009228598715346075 0.01925 -0.003316665878302 0
0.012375 0.022 -0.001087250342601272 0
0.009672708772098932 0.01925 -0.001182231879281822 0
0.009622135549719392 0.01925 0.001010033137434068 0
0.00960102872560219 0.01925 0.003253275178590885 0
0.012375 0.02069837931476762 0.003091330661283612 0
0.008765057012909479 0.02029538601850767 0.008716013413823177 0
-0.01148032893202266 0.02142314352311749 -0.002967231751560738 0
-0.001896688773908251 0.02200000104774649 -0.010875 0
-6.88159747360325e-05 0.02091606268678915 -0.0005129389906239263 0
0.002419534866821563 0.02110095531672084 0.001708943512782908 0
-0.006383638254407284 0.02105972005873295 0.009875 0
0.012375 0.01925 -0.007312401075559142 0
0.012375 0.01925 -0.006019585761632797 0
-0.01191089635649696 0.01925 0.001991919116224102 0
-0.002462318544731962 0.02318575005224378 0.0007021305456240509 0
0.008641982736087066 0.02183594575087069 -0.0005566404131081117 0
0.01049234418822156 0.02284156823591955 0.002254509841432572 0
0.009353554237921238 0.02011456812318831 0.005638406655244013 0
0.007397466334127883 0.02003385972851748 -0.006178207770072145 0
-0.0107782601713511 0.02152722632516606 -0.005155108985830192 0
0.0008843233249448612 0.0207247856551075 -0.010875 0
0.003630896968524287 0.02049097890286299 -0.010875 0
0.005161189462339837 0.02068487621972129 -0.010875 0
-0.004684051272208069 0.02195197747982367 0.004478685569821268 0
-0.002607718126880973 0.02148727516747865 -0.005542005303246824 0
-0.002944208424264616 0.02194360826903043 0.0002789361477678578 0
0.001650594870734124 0.02297780122101511 -0.008027305005526121 0
-0.000138758072471346 0.02107950388875891 -0.007777736838591351 0
0.003120441376479277 0.02310752233623383 -0.005250181423908143 0
0.001997400744710938 0.02157026956472493 0.007362195871799325 0
0.004063694880986036 0.021001766898501 0.004196232659055955 0
0.003980216508199657 0.02161821467872254 0.006931279775640586 0
0.009884232486597257 0.02118823329610665 -0.007800985223618743 0
-0.003574126954854054 0.02284428951232547 0.007965781848581217 0
-0.01231169445897693 0.02007480128108916 -0.01054491327099556 0
-0.005700399217794999 0.02045831200828399 0.001227529543969525 0
0.01048316946868576 0.02027272767593954 0.009281053820042424 0
-0.000838641846713041 0.02032698725122788 -0.010875 0
0.009749035507446192 0.02066962183346468 -0.010875 0
-0.009016691579459496 0.02295729082587593 0.005783258662420082 0
0.005450026951721493 0.01925 0.002751165484771324 0
0.009673692650945379 0.01925 0.005075992620118236 0
-0.001527237515825294 0.02174041084978521 -0.004195779601495937 0
0.009629690163079007 0.02061021482411498 0.009875000347002944 0
0.003589137602818013 0.0206637431551878 0.009875 0
0.005247120066007417 0.02048079201517078 0.009875 0
0.00646434991151152 0.01998981721989083 -0.005633671289950579 0
0.01147339244742964 0.02250930380785122 0.002580920365229633 0
-0.009885768811330039 0.01925 0.00227039615080859 0
0.01179967338671152 0.02233925719863888 0.006043359761120717 0
-0.009523620903852619 0.0203596779904023 0.00349688244547672 0
-0.007622108434493309 0.02055543775969211 0.003383396102443021 0
0.011417918645204 0.02253059977117386 0.0004865402111848458 0
0.001697884631342158 0.02022994217313161 0.003115302096028093 0
-0.003077638394674509 0.01925244142911679 0.009875 0
-0.006223499001266611 0.02115372999253924 -0.003405434454936008 0
-0.01199659305273359 0.01925 -0.00697749570252784 0
0.008582725000506592 0.02019737589157152 -0.004204028854150428 0
0.004687702303041385 0.01925 -0.004960732395271429 0
-0.009740967874655873 0.01925 -0.0048823686756917 0
-0.009943891409958777 0.01925 -0.002340369437078071 0
0.006285846319067815 0.02046926787285216 -0.008712078155842316 0
-0.009890411569073337 0.01925 -0.0002333576315459371 0
-0.009777370985146527 0.01925 0.004860580709660937 0
-0.01038702894806043 0.01925 0.007374401653693264 0
-0.005764709797831262 0.01925 0.002122589071109666 0
-0.003307911003453873 0.01925 0.002307315470500288 0
-0.0009881148675907024 0.01925 0.002204678189313347 0
-0.002365234791025194 0.02013075402307526 0.002325879062543985 0
0.0009996012600115064 0.021692982619466 0.005430940935126497 0
0.00901908728667819 0.02050481022640168 -0.001196929489644986 0
-0.007465657290150348 0.01925 0.00107431660706803 0
-0.008374038130019605 0.02283424123165109 -0.008940446655536546 0
0.01204724978076105 0.02074504112473298 0.009310859730332119 0
-0.004548375755220082 0.02061756718458324 -0.00429474124374089 0
-0.0002890442662120454 0.02225318235940369 -0.003941882953206679 0
0.0001729411514426121 0.02179604903477371 -0.002030502227619825 0
0.002084115888393896 0.02004330486443524 -0.00143027884189603 0
0.002083964469348702 0.02158927428387601 -0.00421897657945017 0
-0.007380875014006683 0.01925 0.002241321089862844 0
-0.005284416002424039 0.01925 -0.002488273381242011 0
0.007220094939654306 0.01925 -0.002901889637713854 0
-0.001211652847696282 0.01925 -0.009913351149550352 0
0.005606277212378535 0.01925 -0.002505656326590213 0
0.001498886442006245 0.02319242058816056 -0.002005430257932776 0
-0.0007222630794076479 0.01925 -0.00478870707631484 0
0.001036461028842545 0.01925 -0.004920563707255088 0
0.005880495103932846 0.01925 -0.005070670154571117 0
0.003017166605115305 0.02315855240541171 -0.002498180567254282 0
0.00299945294865323 0.02319485262546848 -0.0006788405347771161 0
0.005527936861039509 0.02313118690649117 -0.002305156709104925 0
-0.009466800263827442 0.02042196099127526 -0.009113624962837026 0
-0.007180020566716043 0.020249030355195 -0.006542821629382095 0
-0.007021029616984578 0.02171059561156478 -0.00637642094866691 0
-0.01197232819030054 0.01925 -0.008610033611759214 0
0.01047153199820144 0.02284940369983582 0.0007021303707204834 0
-0.009894838934498816 0.02299452655532611 -0.001810944021742618 0
-0.00815057062305956 0.01925 -0.002581442735013229 0
-0.005143941544304684 0.01925 -0.006732096318696287 0
-0.00568402942714683 0.01925 -0.0001557568001234319 0
-0.005819114406474177 0.01925 0.007410690896902042 0
0.00751244034026736 0.0230237553784714 0.004276939422196816 0
-0.003293293498247325 0.01925 -0.0001992556802135363 0
-0.003248618875990376 0.01925 0.004730614057094552 0
-0.003127605516330912 0.01925 0.007028060079992867 0
-0.001048358300456669 0.01925 0.00466819675402702 0
-0.0007247890098896863 0.01925 0.007093615508271848 0
0.001118316981462281 0.01925 0.007020602455315707 0
0.005828548712670786 0.01925 0.007160587472653338 0
-0.00323529443395497 0.01925 -0.007265034000536422 0
-0.001087606426650014 0.01925 -0.007330855334355453 0
0.0008591102039874825 0.01925 -0.007491850348818687 0
0.003405118182728697 0.01925 -0.002379980544044121 0
0.005218942481731039 0.01925 -0.007414059281297049 0
0.005682086899411259 0.01925 -4.552858162483117e-05 0
-0.007746046186499165 0.01925 -0.004639040236187546 0
0.00344292261149508 0.01925 -0.005020836248580897 0
0.01208545399873439 0.02048081507680659 -0.01025459047246651 0
0.004669826472738909 0.01998142209080389 -0.002154387944887617 0
-0.01275533308792811 0.02053337769550601 0.008955332178658659 0
-0.006698071826329095 0.02038381286505991 0.007942468107959164 0
-0.006831730314733866 0.02201632260723525 0.00550375338407093 0
-0.01196911327421447 0.02251152173847192 -0.002977708658992613 0
-0.01102430029690819 0.02087095717553522 0.008184611259989231 0
-0.00335220681724343 0.022 0.009875 0
-0.0007128114701066982 0.02019876041751387 0.0007460635417107098 0
-0.005856539221350801 0.02006101495907956 0.009875 0
-0.004767594051455359 0.0208251828419478 0.009875 0
-0.001066471057801701 0.02076922036355284 0.009875 0
-0.009928176991779907 0.01925 0.009874999999999998 0
-0.005781624515062047 0.022 0.009875 0
0.01093803124210363 0.02038542604405608 -0.001547433838221922 0
0.01044471109456128 0.02284834423445167 -0.003136004710191247 0
-0.012875 0.0204690998584607 -0.00785702034875599 0
-0.007477407965918432 0.01925 -0.0001114098832885446 0
-0.007615170759755143 0.01925 0.004672489076675557 0
-0.007489487606351375 0.01925 0.007302070167362384 0
0.001180091931360674 0.01925 0.0006215469899110253 0
0.001009125864911918 0.02291749775913228 -0.008518795895502215 0
0.003403857295514151 0.01925 0.00705581677422099 0
0.003618611706751144 0.01925 -0.007107794886301994 0
0.00391626141571309 0.02016965795559798 -0.008662154378622963 0
-0.000666455396476651 0.0228436015707681 -0.009014890969021723 0
0.0100608853432516 0.02038580479621055 -0.008577762911895227 0
-0.004582488558606631 0.02295274473984568 -0.008204842152271012 0
-0.002170090914932229 0.02219296921615004 0.00187467587236104 0
-0.005864174759476549 0.02310783717694174 -0.004050471792028828 0
-0.003719468160861934 0.02284003685675464 -0.008993253915192203 0
0.01177595016583011 0.02039462126975809 0.009572132734914701 0
-0.00293132030290859 0.01925 -0.009790839596504201 0
0.001251634939969416 0.01925 -0.009809865161131628 0
-0.003517781832269016 0.0204136777201243 0.008478323815089861 0
-0.002163196547955886 0.01996355906610648 -0.007129148765334356 0
0.003469954083889807 0.01925 -0.003692667660518186 0
0.012375 0.02036174494996669 0.006977840915965701 0
-0.008845887826447577 0.01925 0.007198094313361355 0
0.005277603004214877 0.02303175812484736 -0.006545338412476082 0
-0.004661237422332547 0.02315554238740807 -0.001747404902252557 0
0.012375 0.01994979034216837 -0.008539857848088316 0
-0.012875 0.02040536200883146 0.006604680788598229 0
-0.012875 0.02073002504561861 0.001867057203075741 0
0.012375 0.02074126819510651 -0.004096320274229892 0
0.006856881610189091 0.02078522827111823 0.009875 0
0.00538503644434624 0.02057256203243309 0.00442084445027975 0
0.008716289680978494 0.01925 -0.0003764167918170105 0
0.007656360460419539 0.02194861563121925 0.007814397889614964 0
-0.005852777406146329 0.01925 -0.0092388877765002 0
0.006832872366854215 0.02299524250741973 -0.006558443178426116 0
-0.012875 0.02083304953454479 -0.000612138176338465 0
-0.007329188522350945 0.0229853656513072 -0.006816012715941905 0
-0.012875 0.01925 -0.007712781524322907 0
-0.012875 0.01925 -0.006084498971412185 0
-0.012875 0.022 0.002836753936236749 0
-0.012875 0.01925 -0.003129231467515059 0
0.008318490956558303 0.02042495369643139 -0.010875 0
-0.012875 0.01925 -0.001275977788530247 0
-0.004470621948301333 0.02308920566066145 0.004404775567674903 0
-0.012875 0.01925 0.001146682248975688 0
2.101658673401265e-05 0.02041708839011696 -0.002599162762626219 0
-0.012875 0.01925 0.004415384415908104 0
-0.0003469729849276994 0.01925 -0.00210450835457986 0
-0.012875 0.01925 0.006484558375711395 0
0.001305072705939582 0.0232033647279976 0.0006081102644620189 0
-0.01183378118327582 0.01925 0.007389724441467688 0
0.01079433049484453 0.02011743400079086 0.003937462079731456 0
0.001221821947962783 0.02316182043262741 0.002773325326142763 0
0.01036523327657447 0.02000213445153977 -0.009817430919258317 0
0.0107418660642534 0.02182912485324433 -0.00829649099847833 0
0.006626565520158615 0.02307060576171516 -0.00378476277930725 0
0.005643716736303922 0.02312093937749537 0.001917010982358626 0
-0.008642052749403367 0.02002884237114656 -0.00684764917181642 0
0.001062851986815994 0.02314367707815633 0.004030245593563665 0
-0.008592635045191277 0.02233886378685301 -0.01030717080397196 0
0.005862734935696699 0.0201432492366939 0.001002842603696794 0
0.001017894515206372 0.02025080175864806 0.008204238799725119 0
0.005154356541020757 0.02185050065729951 -0.0008758519677381342 0
0.003796418002102876 0.02303705718626304 -0.006588640005430271 0
-0.01180601139156352 0.01925 -0.004634185943900232 0
-0.01196231455370664 0.01925 -3.069172108068405e-05 0
-0.006800038286433736 0.01925 -0.004419620764591449 0
-0.008696554096072151 0.0230305258018036 0.001046091763394755 0
0.008287828624416077 0.02303118732641072 0.0007333199038084282 0
-0.008700249373396916 0.0230342530928554 -0.001773331764299736 0
-0.002690566965260262 0.02037653905715825 0.004740775079688252 0
0.004151377508685902 0.02140435882241188 -0.01004073599479583 0
-0.002706981028306971 0.02305389848792656 -0.00646687077515641 0
0.012375 0.02042077525005289 -0.0006463716829655992 0
-0.001641403037085122 0.02246816028472149 0.009056135141781036 0
0.003550558739535004 0.02212045177282742 -0.004284912007193194 0
-0.012875 0.01925 0.002690243666598922 0
-0.012875 0.01925876878820709 -0.004642448943847964 0
-0.00159195428228777 0.02284719097366625 0.007975731569849626 0
0.012375 0.02053915258656752 0.001733083389372563 0
-0.003266149615376015 0.01925 0.003637230671656931 0
0.012375 0.02047986479422782 0.004591292643227209 0
-0.002531587003496045 0.02152678047613423 0.008712923322284384 0
0.012375 0.01925 -0.003680238379971216 0
0.012375 0.01925 -0.002302772433839162 0
-0.005927246995678963 0.02170825587075768 0.004591958507852842 0
0.012375 0.01925 -0.0004999997500000006 0
0.005613728366266943 0.0217724007243851 -0.005432372890769904 0
0.012375 0.01925 0.001128282802910721 0
0.012375 0.01925 0.003738989737615629 0
-0.01189178103678936 0.02140024338253603 0.007606188789862563 0
0.012375 0.01925 0.005791199454960786 0
0.006083232843137559 0.02069785453504632 -0.0006946910104074551 0
0.012375 0.0219806175090732 0.0005565062208036291 0
0.003463236124306677 0.0192560049457265 -0.010875 0
0.003818128997753449 0.02022943614141762 -0.005582998960872241 0
-0.001927133289848819 0.022 0.009875 0
-0.01088545668570542 0.02163189390317921 0.001888839299787433 0
-0.01046422335859965 0.02289974576456254 -0.006706669976907057 0
-0.01059890024471402 0.0228823738922894 0.0055367633127487 0
0.01006789809983507 0.02288528222672105 -0.006841416700005967 0
-0.007029375059306895 0.02087027973645725 -0.010875 0
-0.0007630112684597814 0.01925 -0.003538658165411351 0
0.01111474739704305 0.02050434360484271 -0.005806100726713369 0
0.009267398551180656 0.02294672920824605 -0.00686752850052549 0
-0.009625552659678571 0.02295021579422332 -0.006756449233464046 0
-0.009927442943595275 0.02294351360567981 0.005947016247812062 0
-0.01082849607592551 0.02088806927769302 0.009874997508436432 0
-0.01218711 0.02239863 -0.006517689 0
0.01097753224079639 0.01925 -0.002787603276284476 0
0.012375 0.02066094335509722 0.0006250763101729095 0
-0.007265848956092766 0.02247775191822746 0.009036246415483873 0
0.01077141941644376 0.02274509215225652 0.005706735942318753 0
-0.007423461536897467 0.02298932591633688 0.005638111976468533 0
0.002229808554782505 0.02304799476344377 -0.006573111062619141 0
0.01079256838606449 0.0227388029683845 -0.007211607345927108 0
-0.01125853903381675 0.02274915209754293 0.005546035496226162 0
-0.01119049782300575 0.02276747481520972 -0.007035702576585313 0
-0.002073208324641621 0.01925 0.004767836441371651 0
-0.009122677232804906 0.02127490987889369 0.008838896606001834 0
0.004525981130359172 0.01925 -0.002531322284221637 0
0.0101326032720863 0.02287756986716688 0.005605467343580483 0
-0.005769750451132795 0.02107223395101226 -0.004278955020052637 0
-0.01096509248383147 0.02284905315145297 -0.002075999878939178 0
-0.012875 0.020583501188796 0.00532774126110649 0
-1.208202466567755e-07 0.02308405771477406 -0.006393609777942283 0
-0.005748536643710719 0.02302929848209493 -0.006612273787336791 0
-0.006154022523230811 0.02302746799669669 0.005610210857933921 0
0.005646117260708733 0.02303788366314454 0.005342674416667791 0
0.005940454395329975 0.01925 0.005479689316371002 0
0.001034443032311314 0.02044429134401381 0.00581586990969562 0
-0.01160706278401044 0.022632290298954 -0.006416297897986182 0
0.009393679060880844 0.01925 -0.004814016652247365 0
0.009466479999999999 0.02294976 0.005517688499999999 0
-0.012875 0.022 -0.006461818364231653 0
-0.01142662975724502 0.02164474375461596 -0.008004369789518588 0
-0.0006329000545021485 0.0219203567955771 0.008401041843207363 0
-0.001945674178370837 0.02193306778190884 0.006486838398682492 0
0.01110225667594705 0.02169060932479677 0.00612455492722704 0
-0.007465276543432645 0.01988541772124873 -0.003916292910614303 0
0.002644405073923903 0.02024292221072111 -0.00487814972112586 0
0.01131663648274111 0.02029494656397823 0.007606874657356081 0
0.004159452850382141 0.02308855909012364 0.004374565901705554 0
0.0101714727989127 0.01925 0.007216719603302085 0
0.01027370657506794 0.02012955685878011 0.005349119698321097 0
-0.002880423784019722 0.01999456823791764 0.001469172886126435 0
-0.005461257285312019 0.01925 -0.001229933869492781 0
-0.008094173584292786 0.02189535932852738 0.001675941170666877 0
0.004658839084356683 0.02212460399817887 -0.004496908719189592 0
-0.01210237888502542 0.02001814239512482 0.00595802917241361 0
0.009878315652035093 0.02143108156794366 0.008470895406441123 0
-0.01170750408256776 0.02156130518422265 -0.009564552602068989 0
0.01134559084802856 0.02120016287013876 -0.008954020825739517 0
-0.008626826651485453 0.01925 -0.0001137230943226292 0
0.002271011721223843 0.02206434384760892 0.002191484759123655 0
-0.01013353705663314 0.02295545093389254 0.002936619142865953 0
0.0082894521514153 0.0228946032051023 -0.008526734519405148 0
-0.00845744755946874 0.02128669190386948 -0.003634043956642928 0
0.00525401234241491 0.02180519460795029 -0.007427678509935022 0
0.007816946202775191 0.01925680344697967 -0.010875 0
0.007588728892784765 0.02295626528165141 -0.007577766017479566 0
0.006492821172954393 0.0200962241445096 0.0001306201690626584 0
-0.004601447816465802 0.02051492044701228 -0.00137571448857219 0
0.009251551382789318 0.02200000942168768 0.009875000942168767 0
0.01123307104351442 0.02035773878669587 0.006643302003919781 0
0.002302448842965588 0.02063878863446762 0.009875 0
0.012375 0.02111636202453869 -0.001807384495314493 0
0.00304763566595444 0.02299009495663889 -0.007890184853025853 0
-0.012875 0.022 -0.001922554394058253 0
0.01119217860035022 0.02147218836833905 0.007498802923461937 0
0.001768313298986637 0.02185854253214238 -0.008541892754223087 0
-0.007994383642422821 0.02190092836247441 0.0001943346872249381 0
-0.00984944716206187 0.02086344828486929 0.009875 0
-0.007424386645213258 0.02111274337775537 0.001230418580488713 0
0.005586348018024451 0.02314028821707404 0.0006314269747951777 0
0.009301760559864137 0.02299080427887664 -0.002937810385846098 0
-0.01131494981906433 0.02026218386019403 -0.002263563741985949 0
0.006431761418092891 0.02034107695576118 0.007657854334840733 0
0.007434547611571843 0.02304973436019647 0.001904260841440967 0
-0.0117827876426449 0.02151014241056925 -0.004291668199552198 0
-0.01182913771248408 0.02141028362419607 0.008987468958201938 0
-0.0009864510803951785 0.01925 -0.005880709706370871 0
-0.003505930639951762 0.02310732497824975 -0.00527962044563856 0
0.006592273805785922 0.02310222218009823 0.0007021304207204834 0
-0.006809472775016544 0.02311693943167825 0.0004989800047039744 0
-0.007164552723629336 0.02309532510264352 -0.001970367291855017 0
0.005804158931498988 0.01925 -0.009695424464338631 0
-0.005239564670556896 0.02116664515178643 -0.003182321722463054 0
-0.001536234800667888 0.02318772364885585 -0.002613812466978785 0
-0.007124816343164754 0.02016651116348469 -0.008962007679475369 0
-0.007589122064726877 0.01925 0.006143583170584362 0
0.01131818991460344 0.01925 -0.001355402567544703 0
0.007995474718700034 0.01925 -0.008334097758805925 0
-0.009837840864202847 0.02165786209103212 0.00182166666657018 0
0.006720908639090958 0.02170002873391982 -0.007974625981665383 0
-0.008588909151655034 0.02302240388295311 -0.003998480266958595 0
-0.008814272056741681 0.02301625483244057 0.00284858001620935 0
0.008263606219830069 0.02301716694805136 0.002962264704274768 0
0.009184430718971634 0.0217414392062065 -0.006988369582755336 0
0.01185466428574082 0.02069126812586247 -0.01050919141044811 0
-0.01083552602428203 0.02050479335325111 0.002995646505260558 0
-0.003240181497062383 0.01925 0.001034461572560856 0
0.003243135684499668 0.02208317105046543 0.005674634840125456 0
0.009999132786154023 0.02160127885353339 -0.009458714380170747 0
-0.007920458943244875 0.02295144893818312 -0.008017356848045125 0
0.008117358589497688 0.01925 0.00799926591842016 0
0.00798059674893498 0.01925 -0.003765087188218428 0
0.007832559957954011 0.01925 -0.001799950871851006 0
0.008006064810112311 0.01925 0.001152164221112988 0
0.008329676011639205 0.01925 0.003703841695833607 0
-0.005046887123793656 0.01925 -0.003699764978248659 0
0.003841357044603259 0.01925 0.004469072797019345 0
0.012375 0.02038587990445984 -0.003008996317211333 0
-0.0117332036493085 0.0213467358034515 -9.268764287713114e-05 0
-0.003543377547816501 0.02299503187505045 0.006968773606014956 0
-0.01227363053567488 0.02235133701252139 0.005702803632427604 0
0.007084675903353507 0.0205058637676581 -0.010875 0
-0.004863942199284354 0.02281158317586218 -0.009093157891869305 0
-0.004811539654953131 0.0228313258435522 0.00803742252946351 0
-0.005748047925660181 0.02147944453751396 -0.009828933129157296 0
0.007448731039046359 0.02283291704144972 0.007960592561309909 0
-0.012875 0.022 -0.003782427973560052 0
-0.006319101765933922 0.02123880459442534 0.006401233084114609 0
0.001546941207410465 0.02322101148130637 -0.0004772652606284309 0
0.00395493580872913 0.02302883682670119 0.005781292419679226 0
0.001819884871122286 0.02303974269310865 0.00582083463785713 0
0.0008078248646818013 0.02196009888409675 -0.007830026831837858 0
0.007951163348512778 0.02059042503208033 0.003089316145984272 0
0.008502645416853914 0.02024686192805707 -0.002587575805877603 0
0.008617482551155809 0.0205100792215607 0.0004664149222758425 0
-0.0113170836100532 0.01925 -0.00941980553371604 0
-0.0002554741075579049 0.02314244481470146 0.004086044740745051 0
0.006019908389986805 0.02053508047927831 -0.00992799024524396 0
0.001427464172199064 0.02316233944111156 -0.003582144833895142 0
-0.01178061445555351 0.02257234983307644 0.005625535043399232 0
0.004288864619179837 0.02315097443077939 -0.001957714480321191 0
-9.962193715270422e-05 0.02320040463229803 -0.002884464735045684 0
-0.012875 0.02110850496441623 0.003324560997066231 0
-0.003019211538199257 0.01925 -0.002152537934651058 0
0.01177381730681231 0.02134388814290788 0.006567495082333044 0
0.012375 0.02200431541585562 -0.006622695518336844 0
0.004287854974095683 0.02160800205637525 0.003394403701995448 0
0.002260467434156186 0.02069309311847485 -0.010875 0
-0.008575331278922084 0.02054729782707817 -0.0003551261768558157 0
-0.003750056242864674 0.02018364725041052 0.0008163329776387742 0
0.007608369855829504 0.0219635332861735 0.003203041323231545 0
-0.004316834287371049 0.02303944523535352 -0.006524600802401173 0
0.01144753699983362 0.02123557843302323 -0.009843909155132341 0
0.007540279226515665 0.0202015445978939 0.008970618134148275 0
0.008275860516393861 0.02082662554450997 0.009875000091246425 0
-0.003985532830043048 0.02156069325633644 -0.006499022791544371 0
0.003120111915556259 0.02135177639680345 0.006315310088219786 0
-0.01068477666778378 0.02196088748748028 -0.004249492967340299 0
-0.008449071318941185 0.02056216566256155 0.0007971578347489982 0
-0.01000299326664132 0.02200016450027414 -0.01087497679996012 0
-0.002025571049847794 0.02319914466247591 -0.001644386263296349 0
-0.01118684922398261 0.02171683049280309 0.004329776143994117 0
-0.006208485376693552 0.02110848170778189 0.007302714372707995 0
0.003997271674568369 0.022 0.009875 0
0.005505732698000087 0.02200000366222761 0.009875 0
-0.008409352305540822 0.02064298079340471 -0.010875 0
0.004246363660459125 0.02129702139357622 0.00901387755854524 0
0.01140802641614819 0.02080894451139677 0.009771305064489984 0
-0.012875 0.0210835990835326 0.0005630719186021621 0
-0.0117069817693134 0.02066455397689536 -0.01083590091894925 0
-0.01125080035680965 0.02068937740550843 -0.01087498259310329 0
-0.011591395 0.020624855 0.009852904249999999 0
0.0110340254455048 0.02065549546951024 0.009861759672322681 0
0.0004769349343089784 0.02213707358775689 0.0009172579431073877 0
-0.012875 0.02048392001090456 0.004162673918638274 0
0.007920903850865059 0.02258511725150101 -0.009757330354789772 0
0.004709216757602943 0.02282256036722339 -0.009075030281572392 0
-0.01179404044000578 0.02167898519324703 -0.005619950947655555 0
0.01110776169206735 0.02056540789538123 -0.0108531494075172 0
-0.01200365201625186 0.02044106773656544 -0.01073581132844556 0
-0.01287499480839248 0.02041812589065944 0.008153772258048496 0
0.01237499 0.02062521 -0.009375029 0
-0.012875 0.02037873838295196 -0.008753584762003115 0
0.01237498977025824 0.02074898300267439 0.007918918657505098 0
-0.01254723243103881 0.02081389433573256 0.009310879401794538 0
-0.01007801912587817 0.01925 -0.01085795365572404 0
0.009627069456002502 0.01925 0.009875 0
-0.01137583607798499 0.01925 0.008409209928975495 0
0.006977504713068306 0.02292285880445835 -0.008353793681110272 0
-0.005318453022212207 0.01925 -0.008101803856334329 0
-0.002992360377894079 0.01925 -0.004603967699873304 0
-0.01284891180961978 0.02009303845741926 0.008606491380325871 0
-0.012875 0.02017710152397759 0.003189253003896346 0
0.008454856824331594 0.02302409852357118 -0.001768747828873037 0
-0.004807087201822917 0.02300404062611223 -0.007377721003114229 0
-0.004745905904218637 0.02295725364779993 0.00717151412399634 0
0.004429479264329282 0.02308556464714435 -0.00537041168511673 0
-0.005013225964612767 0.0230870702505821 -0.005323202959921948 0
-0.003689195194125673 0.02300621800171413 -0.007457369081121445 0
0.0040149180936336 0.01925 -3.585994411271602e-05 0
0.002849191744488018 0.02145050309199406 0.008857698973874699 0
0.00443110007723843 0.0225095552901813 0.008970816812877052 0
-0.004896688773908251 0.02248294211786748 -0.01002589875773768 0
-0.003196992553602679 0.01925 0.005806084095288429 0
-0.002872621106981872 0.02298938014174095 -0.007990597292919887 0
-0.007208949355614865 0.02306810051123411 -0.003721003048449834 0
0.00684806226022253 0.02306131415342649 0.00296436751768165 0
-0.007090657162553066 0.02306990874054488 0.002935968926458231 0
0.0001669927118193362 0.02111042325661463 -0.003636456791841527 0
0.00441119212931578 0.02180565943917206 -0.003309090562799478 0
-0.001823715982172743 0.02047476442178039 -0.005145844756683462 0
0.002098040012202273 0.0218567675323888 -0.005804378500577161 0
0.007091281080166512 0.02307225546502173 -0.002336392673582091 0
-0.003751020699278861 0.02024663208090322 -0.009477891614877148 0
-0.00862778084752058 0.02090116327761946 0.009875 0
-0.0009368556242103782 0.01925 0.009035236701981704 0
0.001359875145500282 0.01925 0.009075332738107724 0
0.00775655598955493 0.02294561758848924 0.007057480263121101 0
0.01178298151323175 0.02007162181692152 -0.009303526743862065 0
0.007486980824340628 0.02296669014789698 0.005992368138872082 0
0.01001553134683052 0.01925 0.00644810091649753 0
0.005608160417715123 0.02138346040340405 0.00920100936864714 0
-0.01207981530168209 0.02059374194258147 0.009155563593262341 0
0.01223296633878068 0.02002262142293139 -0.01000953384452657 0
-0.01196239696315274 0.02251665455285284 -0.0002372936604885348 0
-0.007294540533117627 0.01925910979140126 -0.010875 0
0.002192219555288869 0.02207119762929773 0.004162995259095427 0
-0.012875 0.022 0.0009535049812412731 0
-0.01214775298597569 0.0212702614524133 -0.007391649934851153 0
0.012374995 0.019937605 -0.009375014500000001 0
-0.01288068665402939 0.02199679954652126 -0.0005094836287572911 0
0.01109610842077517 0.01976643454074424 -0.009406594672135952 0
0.006484370319824196 0.022 -0.010875 0
-0.01095172310687922 0.0210312532716706 0.007317021333083803 0
-0.0008375797128213538 0.02321830193858588 0.0006297384764975013 0
-0.01152340724534721 0.01925 0.005101299770798958 0
-0.01152645304125676 0.01925 -0.0102097711355331 0
0.008764345889552085 0.02199162064299505 0.007605764933878827 0
-0.008931823035287027 0.02125902703814312 0.001760080130883937 0
-0.012875 0.01981436919147598 -0.009064292381001558 0
-0.002439142519843833 0.02037483496944655 -0.008426351429528228 0
0.01112075361873134 0.02031113683825268 -0.009851117396476724 0
0.007687302299718857 0.02252611395681406 0.008924357790161859 0
0.0007807589277803418 0.02038750759484004 -0.001470011518829993 0
-0.01150324532349837 0.02032023777915589 0.009224973473334286 0
0.003436415553791779 0.0204314405370279 0.0008336516901434728 0
-0.01129580688684096 0.0205753362900712 0.006527255558199981 0
-0.009978283854098241 0.02298473706912647 0.001803219741562513 0
-0.01099240710218507 0.02284269525025361 0.001904987814145304 0
-0.008296510497839563 0.02261506909879998 -0.009672291706241879 0
-0.01279848077674187 0.01976867488472175 -0.009824842807056481 0
-0.01187859077678852 0.01984821921185745 0.006728787589197665 0
-0.00720499823183225 0.0224386917251218 -0.01011509635135872 0
0.01079589224002827 0.01925 0.008739314510233773 0
-0.01199131925067398 0.01925 -0.01024160698015994 0
0.008330335637891186 0.02286096230546159 0.007753870652933584 0
0.006041955830438944 0.02024774783971221 0.003378230164775212 0
0.01135434735521117 0.01925 -0.009889892657879798 0
0.01132190217443428 0.01925 0.009116283946207511 0
-0.01215964721417269 0.01925 -0.009687931567107065 0
-0.01184978279636196 0.01925 0.009045988304544301 0
0.009850731424794158 0.02028759737394453 0.008577938088329235 0
-0.01287497953864169 0.02054972737111874 -0.009290160174864882 0
-0.01137691099642181 0.01925 0.00944215680703416 0
-0.007302417990944583 0.02029229427651779 0.009875 0
-0.01044507567054807 0.02073345693130894 -0.008452061303326347 0
-0.012875 0.01980007201093483 0.007485749969561556 0
0.01210496267777412 0.01973948919334025 -0.01022188211643256 0
0.01112516466467555 0.02018363587302267 -0.008808006210527486 0
-0.01196089553881618 0.02051774938407345 0.008465523893414553 0
0.0008091969330016446 0.02054680729904595 0.009875 0
-0.01226663921448113 0.01992342662593393 -0.008462432089055328 0
-0.01230817491939497 0.02127894865842672 -0.0105451733287615 0
0.01141259390132021 0.02031697305925265 -0.01034217716547938 0
0.01046034241024617 0.01987307206197127 0.008713282416088569 0
-0.002647772343598011 0.01997896784866491 0.0004076220055890034 0
-0.01139207302399241 0.01963229156821102 -0.01055849525140242 0
-0.008155931711342481 0.01925 0.009874999999999998 0
-0.00644759032683937 0.01925 0.009875 0
-0.01092311593035688 0.01925 0.00912510200663166 0
-0.004252005294961701 0.01925 0.009875 0
0.01190140622019569 0.01965983802992167 -0.009771647239001001 0
-0.001903271494387317 0.01925488285823357 0.009875 0
0.01112288222671315 0.01966223270297885 -0.009926079966331604 0
0.0001828024487009229 0.01925 0.009874999999999998 0
-0.01244042299665161 0.01925 -0.009020653417651592 0
-0.01180484858374152 0.01969506930150982 0.008709655565487737 0
0.002200660359757233 0.01925 0.009875 0
0.003834403537095328 0.01925 0.009874999999999998 0
0.005931133758456701 0.01925 0.009875 0
0.00208442813439272 0.02309567942853904 0.004706245118092077 0
0.008126718790334371 0.01925 0.009875 0
-0.00319412923290053 0.02319754298953221 -0.0007878772640410297 0
-0.01167424041423448 0.02030185007294109 0.0005960216086212002 0
-0.01233194344810691 0.02067373874906889 -0.01052788304049908 0
0.01048458570573395 0.02083331655078605 -0.009775960502631553 0
-0.004916127238305763 0.02313684276302307 0.001828091846926798 0
0.01236256179143845 0.01925 -0.008415008326236135 0
-0.01193551043474988 0.02021125709886165 -0.003702746717003097 0
0.01139570139439887 0.01925 -0.007944696997910452 0
-0.004807690406890373 0.02200000289994332 -0.010875 0
-0.002980622624923423 0.02315182687035254 0.002383991430856806 0
0.01156936268277768 0.01925 -0.00928042599440369 0
-0.00350339340666593 0.02312321628849008 0.003928395206560564 0
-0.001632537500553507 0.02314649108931935 0.003859252562083449 0
-0.01287497279409483 0.02112616437089208 -0.009190091068917668 0
0.0113575742060221 0.02004613311439394 0.009400167625527815 0
-0.01253132386007644 0.01961179785135886 -0.009522947934972711 0
-0.01284147963733438 0.02105390314821188 -0.009666659751797023 0
0.0115571539792675 0.0195824889160338 -0.01027849785945695 0
0.00989990034402179 0.01925 -0.010875 0
0.012375 0.02085556755985084 -0.008524550820362683 0
-0.00409815624045853 0.01925 -0.002432505894153981 0
-0.01107929216000303 0.02281012645341839 -0.003725413201955252 0
-0.01085545169215486 0.0199260627600102 -0.010875 0
0.01174428505510549 0.01925 0.009304242753596315 0
-0.01162147803559945 0.02080337679604282 -0.009640313466556435 0
-0.01216002055325273 0.01925 0.008427650398587838 0
-0.01256156351804714 0.02097592510676099 -0.01028975218392322 0
0.01106548473539068 0.02148492368328114 0.00914339214147596 0
-0.01268612465382657 0.02002369176179524 -0.0100942769593983 0
-0.01083084950420446 0.02131600297730962 -0.01017081428606716 0
-0.01087501140543401 0.01925 -0.01025922763380517 0
0.012375 0.02068866355402001 0.00582902786251143 0
0.012375 0.02200017396866569 0.006927359768014193 0
-0.005069377081015489 0.02174032370449694 -0.007410552223310028 0
0.01234914104374913 0.02115898620341255 0.008600340772041323 0
0.004550104087646088 0.02021262217814109 0.003487661152511455 0
0.01226320624920292 0.02076563896314417 0.008935001380295781 0
-0.01240692902499531 0.01960528195639696 0.008851075086138176 0
0.0005257472305951196 0.02011444270444574 0.0002135583131971146 0
0.01076749704161486 0.02091210326588654 0.008550702155847042 0
-0.01066270922393913 0.02125387808363714 -0.01087499108205774 0
-0.01230532965244071 0.02028540722371138 0.009549443406308216 0
0.01181852536754031 0.01993640456735088 0.008041035088955697 0
0.01235057024030536 0.02028469877525358 0.008591406837849657 0
0.01175727533993888 0.01925 0.008931166617898454 0
-0.012875 0.01925 0.007503418822762417 0
0.01119002614449576 0.01960658667561689 0.009447810841189707 0
-0.01239236313608329 0.01958749752217244 -0.00994258420241537 0
0.011369640184196 0.02080449557545109 0.008146451001706526 0
0.001543890911840038 0.022 -0.010875 0
0.002907623649329527 0.022 -0.010875 0
-0.01191619892322324 0.01982775845706507 -0.01076628491828419 0
-0.01241028409063841 0.0197282299045937 0.009442600430107558 0
0.005137647471011503 0.022 -0.010875 0
-0.01227373042300297 0.02084553187503598 -0.01001361195301887 0
-0.01148324493398481 0.02007602159131769 -0.0102032265117304 0
-0.01284830836898673 0.02004950309218862 -0.009611771303202159 0
0.009673475766782553 0.01985291113341563 0.009258935448901079 0
0.012375 0.022 -0.004111865711849383 0
-0.0001795424176876479 0.02318050913884474 0.002953511949297335 0
0.000339658589128358 0.02319678960210074 0.001714674166376574 0
0.002588645537738359 0.02313200341540484 0.003662827414766636 0
-0.01251971204105957 0.02050860554258459 -0.009602492978284629 0
-0.01101844684693308 0.02069804559848959 0.008935948878457953 0
0.01034103920415633 0.01983669192607876 0.009875000150523292 0
-0.0121085060486736 0.0203134755854577 0.007381310509040485 0
-0.01284351111443876 0.0205622999558151 -0.009651072452893627 0
-0.0124888618939804 0.02025833712131792 -0.009118551331581431 0
0.002585699047537243 0.02315797977765087 0.001873225186963797 0
0.004045499107428046 0.022 -0.010875 0
0.01026919223779351 0.01925 0.0093058982127068 0
0.001236750588326389 0.02280614565134538 -0.009106176153308145 0
-0.01191838648488044 0.02009559687170871 0.009399180599004216 0
-0.01207795791579645 0.01994202784973277 -0.009376847311519452 0
0.01177994842606944 0.01970409932662488 0.007295330665527212 0
-0.01244047989627701 0.02004016987040444 -0.009786018810089517 0
-0.01196539684380948 0.01961175983761511 0.009371531404880128 0
0.0109755905920585 0.01979817101237293 -0.01086548948435396 0
-0.01258640393418431 0.01992192190124776 0.009252420715623504 0
-0.01079338538210701 0.01994563031339004 0.009322158425555088 0
-0.01222864453540824 0.0197930817834651 0.00809312827767354 0
-0.01218772302117777 0.02083038216691925 -0.008493598711099512 0
-0.01221666353798136 0.01976205922309476 0.009608528921279235 0
-0.01275628148898664 0.01986000163726581 0.008946300275138068 0
-0.01287498709032249 0.02200026322054878 0.006963255204835571 0
-0.008523758069917431 0.02233450686897163 0.009314006694137624 0
0.01232659680947881 0.01969583956295869 0.008743808894989824 0
-0.0125640490437985 0.02048741820597414 -0.01028612835023894 0
0.004772949086319695 0.01925 -0.009681879781426577 0
0.01184610959193908 0.02025007327158963 -0.009831712685757735 0
-0.01183061215567525 0.01956695760773423 -0.01045985082859018 0
0.009936099663916356 0.02162273622065718 0.005175914189618686 0
0.012375 0.0197386309439456 0.007648391271554695 0
-0.01045475837587963 0.02008774320020749 0.009875 0
-0.01224483784756259 0.02159815994644133 -0.008903814153813723 0
-0.01287499233370532 0.02127447082885544 -0.008594242625546009 0
-0.01239968982710306 0.02026105258494464 0.009025522471509789 0
0.008460690674155799 0.02275620642026909 -0.009256988438119743 0
-0.0122382524442269 0.01925 0.009049477957432875 0
-0.007930600704130644 0.02145535647069843 0.004428967526432485 0
0.0117996671826652 0.0196557439427239 0.009555157744135439 0
0.01039276335477826 0.01925 0.008083585605171115 0
-0.01274680593233972 0.02086077428900178 -0.009973489198718981 0
-0.01240769168486915 0.01960287860040045 -0.01045173318270815 0
-0.001107567902141022 0.02144785192254304 0.007515698541552473 0
-0.012875 0.01925 -0.008543890762161454 0
0.01187809119697453 0.01955462210617734 0.009187864262742809 0
0.01180884359192443 0.01925 -0.01002724093118585 0
-0.01286165418449337 0.01964975154609431 -0.009493385651601079 0
-0.01108602913342763 0.02111506964078756 -0.00914484612900901 0
-0.01220328917170901 0.0195745244898675 -0.01061620561649573 0
0.01120181944324069 0.01925 -0.01040346946201754 0
-0.01153882378633239 0.02192330609619604 -0.009019479360392589 0
-0.01070861766077061 0.02056178447405704 -0.010866285 0
-0.01260911011352843 0.01964228288213252 -0.01021364105788194 0
0.01044479952274094 0.01998967048249315 -0.010875 0
-0.01179946543709801 0.01925 0.009433938806506196 0
-0.01269846011352843 0.01964228288213252 -0.01007143605788194 0
0.01161167893788463 0.02131793459798557 0.008706332637740039 0
-0.01108407510251189 0.01997317831966176 0.008673249571929461 0
-0.01197370861422373 0.01964918397282084 0.009745380917484846 0
-0.01213579354564906 0.02034928769050189 -0.01003463358049231 0
0.01130910042736745 0.01990640936312262 -0.01026487156896114 0
-0.01252967963320242 0.01996784378608732 -0.01032958932268278 0
-0.01227324964682672 0.02091254245947803 -0.009397837990427618 0
-0.01212772575907722 0.02118635444023135 0.009668264727004064 0
0.01153634059293195 0.01950929063789921 0.009442097638881283 0
0.01237499317757729 0.01979226257310612 0.008293665242164938 0
-0.01237725506456781 0.02125371710190139 0.009488886096900698 0
0.01114225389223613 0.01972865993426075 0.008447542081589231 0
0.01202955291883656 0.01987566714185936 0.009329715941686927 0
0.01150110167796035 0.01991604245661941 0.009736214024923322 0
0.01222476842762581 0.02001748175397244 0.009026738350048373 0
-0.01269766267860021 0.02130064509931222 0.009079216991037328 0
0.009502206450521921 0.02298742952896837 0.0007525002196311801 0
0.009503380617636493 0.02298865292597001 -0.001515341975205685 0
0.01170844299888795 0.01925 0.00840790070890016 0
-0.01190189977048455 0.02253577814687885 -0.001627443930968855 0
-0.0117746970812138 0.01996431134517272 0.009816149968768133 0
-0.001085762983133388 0.02321363257895201 -0.001666499950889818 0
0.002623580734563436 0.02313962673261484 -0.004108228530239695 0
0.01087397196404927 0.01980681159590821 -0.01037975355645134 0
-0.01273626617029538 0.0212845730767121 -0.009998310283711974 0
0.01084336758763096 0.01972965691910257 0.009211775436211104 0
-0.01207748947120796 0.01981107670566342 -0.01016007582239927 0
0.01110171803749116 0.01987048548550075 0.009851520465676248 0
-0.0117013143023552 0.02092504128236028 -0.01027993875395457 0
-0.0120263889876686 0.01998561900383386 0.009725513459444857 0
0.009337478202090868 0.02299017528186968 0.001855283471594523 0
-0.01198671733841803 0.02121120317147206 -0.01074281707466513 0
-0.01128294592366295 0.02000465817790532 0.009874997491598887 0
-0.01158899789666139 0.01997476989791961 -0.01085329816299373 0
0.0007146332082565909 0.02233185725440609 0.003360700930210399 0
-0.01161000724632141 0.02123967592001585 -0.01085513906120316 0
0.002607069116853274 0.01925 0.003095527947796501 0
0.01165222171146304 0.01990416931311836 -0.01064599516683531 0
0.01134010855148189 0.01982739275252944 -0.01079291048522521 0
-0.01168280600747562 0.02163281275294922 -0.01030851953930989 0
-0.01182010721776532 0.02130923316709883 0.009803691047530969 0
-0.005535677600220383 0.02210518432649335 -0.004060059280943207 0
0.0115334289117154 0.0224745711689901 0.004904925105506613 0
-0.001044878646488077 0.02067440327473895 -0.001616057934697119 0
0.01159844026652926 0.0197365061954224 0.009164522641691902 0
0.01191407226825333 0.01990330715269061 -0.01044657657169947 0
-0.01148894617489621 0.0196951458088567 0.009300227986185423 0
-0.01246180413940846 0.02155547079611761 -0.009496244999477472 0
-0.012875 0.02067876324341794 -0.002345395002004604 0
-0.01083876039059471 0.01925 -0.0048823686756917 0
-0.002098576685003435 0.01925331157594623 -0.010875 0
-0.004077843959042729 0.02063832824608754 -0.010875 0
-0.009913884617818496 0.02017957167021797 -0.006496113236517493 0
-0.009753885809863796 0.02176170223683807 -0.006127992872454507 0
0.01184559109770711 0.01969766545098069 0.008690639945748526 0
0.005198604711804204 0.02017966074225929 -0.008916188470418978 0
-0.01218096604032632 0.02149491332519208 -0.009961227237900702 0
0.01234055200074725 0.02036389510678735 -0.009677321247501747 0
-6.503715056171294e-05 0.02250412316513344 0.008994552972223537 0
0.009358770280165192 0.02185053015889409 -0.005851268105844386 0
0.01143288985846025 0.02019590848164221 -0.006734293024019485 0
-0.009328431599859154 0.01925 -0.007363338825355502 0
-0.006020774102766449 0.01925 0.004835478233086031 0
0.002320536417762193 0.01925 0.007073849211260913 0
0.004583926194831861 0.01925 0.007205353164226598 0
0.006712068103331399 0.01925 0.004654599425962492 0
0.001533112153706009 0.02250133788916319 0.008994981419688089 0
-0.01285819232031611 0.01925 -8.46843818534896e-05 0
0.002334749800671305 0.01925 -0.007286629267132669 0
-0.01000270907677141 0.02199983676960432 0.009871293825722839 0
0.012375 0.01925 -0.0048823686756917 0
-0.009282204273030193 0.02002679824391225 0.009875 0
-0.001527563909223459 0.02313665390676155 -0.005170654152421632 0
0.003400525008667686 0.0201006033696058 0.005366746071843937 0
0.00735636258477511 0.02050782172372854 0.0009530289127765985 0
0.007557910427556986 0.02068327148803095 0.007881113203577417 0
0.006981411820898711 0.02185989005009657 0.004869854476397657 0
0.012375 0.02198588295594372 0.001904260841440967 0
0.012375 0.02199362768001357 0.003886616357960445 0
-0.01195176518500285 0.02059279474973359 0.009755022908611688 0
-0.008737560257628894 0.02257063775370744 0.008798704385725243 0
0.01048215641730517 0.0228480176231432 -0.001689995461444096 0
-0.005746516219935741 0.02311223078906444 0.002844002537855486 0
-0.001141401428379688 0.02317278352564475 -0.003685181725854304 0
-5.925404600132722e-05 0.02254454916004783 -0.00987888955954332 0
-0.001423156201965611 0.02252770446215054 -0.009923915502161075 0
0.001058531347772895 0.0224996975138952 -0.009998900616541169 0
-0.004079722810623852 0.01925 -0.008537390486869415 0
-0.004252005294961701 0.01925 -0.01086670351967314 0
-0.001983642792553425 0.01925 -0.008604997814218458 0
-0.002339582018353287 0.01925 -0.005963254050966526 0
0.000139164768793636 0.01925 -0.01089302015429412 0
0.000101297013922517 0.01925 -0.008813652681317121 0
0.0001391647687936362 0.01925 -0.006084498971412185 0
0.000454145623416371 0.01925 -0.003709815602711098 0
0.002310290302173531 0.01925 -0.008560957373358314 0
0.002069674203049412 0.01925 -0.005775419689073482 0
0.002313213412430083 0.01925 -0.003656286718444813 0
0.00439162622308178 0.01925 -0.00843829681719308 0
0.004719663795187852 0.01925 -0.006129594307329612 0
0.00465080877005522 0.01925 -0.00376742706538057 0
0.004444945700824776 0.01925 -0.001290082876492661 0
0.004336724021328184 0.01925 0.001554287925561683 0
0.006528674088935432 0.01925 -0.008308587678544834 0
0.006533817833148351 0.01925 -0.006595675009901917 0
0.006643680419447655 0.01925 -0.003897026895222975 0
0.00644239995502206 0.01925 -0.001420560408412425 0
0.006413883902377082 0.01925 0.001484104431463518 0
0.007001078056206957 0.01925 0.003297027020945557 0
0.001647365025289439 0.01925 -0.0005418819907012339 0
-0.005962361819297925 0.01925 -0.010875 0
0.002351205912451014 0.01925 -0.010875 0
0.00457526633616234 0.019262009891453 -0.010875 0
0.006570655699074395 0.01925 -0.01087004627908757 0
0.002010373727432301 0.02025698360630601 0.007513041038832088 0
0.00886634729557368 0.01925 -0.010875 0
0.004246271529631497 0.02011024879181117 0.004675322722344603 0
0.001185842246278955 0.01925 0.00373758200424607 0
-0.01100844464345899 0.02284133086210541 0.0006641902538298163 0
-0.006618811985272476 0.0203570799205807 0.009021072048571915 0
2.329401966232558e-05 0.02011213773353364 0.008977224874119815 0
-0.01201995664415204 0.02248367008738595 0.004343244947481413 0
0.01122405672478118 0.02259151170263397 0.006032578576402386 0
-0.007588010229531447 0.02306563069717437 0.001802806299951535 0
-0.003114193981630411 0.02316419518041316 -0.002536422319474158 0
0.004147157372606626 0.02312158246156087 0.003101750075467161 0
-0.006923474720184862 0.02008513579519809 -0.01005798205166631 0
0.005733618329050494 0.0221926501495992 -0.004073673571865818 0
0.001245185340622325 0.01925 -0.01088401007714706 0
-0.00206498287881747 0.02186909258408531 -0.008004409607147553 0
0.008788861655928274 0.02048606643640335 -0.00757069205921894 0
-0.01150127024094895 0.02039334378137514 -0.00747421615783953 0
-0.008819960011829808 0.02219263804001976 0.004323978092788737 0
-0.006827276803405563 0.02051657780355796 0.004247847119818269 0
0.001797266707917523 0.02022835564627115 -0.009799325289530361 0
0.001836256734660801 0.02041815162640236 0.006513140263494329 0
-0.002807312522199639 0.02051392846642017 0.009875 0
Triangles
0
Tetrahedra
5527
1379 435 758 317 0
302 975 476 301 0
945 924 922 246 0
582 419 939 12 0
1211 1059 1295 1210 0
1205 1067 1248 2 0
477 297 355 290 0
780 403 150 1367 0
871 1145 961 11 0
917 608 97 294 0
688 1203 1132 292 0
565 687 606 474 0
784 346 748 433 0
765 1117 323 1257 0
387 619 284 1102 0
1175 343 1346 324 0
979 319 122 885 0
236 432 752 251 0
1094 933 1028 1117 0
105 975 634 1064 0
441 999 380 610 0
799 475 252 424 0
690 672 253 1086 0
1086 672 602 34 0
1324 1279 1245 144 0
1344 917 96 855 0
388 1417 1141 567 0
1211 1210 1340 327 0
319 885 979 881 0
1087 895 676 560 0
157 146 154 1195 0
779 854 972 865 0
576 113 574 110 0
1265 119 574 117 0
1057 1187 933 1094 0
663 1069 112 1303 0
1085 297 1413 583 0
600 297 1413 1085 0
1094 1107 1117 323 0
600 290 297 1085 0
1229 533 284 1102 0
914 204 125 1259 0
1406 252 1091 776 0
1271 1130 1282 18 0
563 474 76 77 0
66 591 1037 480 0
1407 480 5 820 0
419 1072 560 48 0
289 48 868 582 0
591 41 1124 878 0
48 856 1072 676 0
289 47 600 48 0
1248 1063 514 1162 0
168 154 1286 157 0
508 510 492 501 0
128 319 126 134 0
562 651 501 492 0
558 563 474 611 0
579 900 84 636 0
636 892 558 611 0
637 1042 500 613 0
85 580 840 572 0
1015 491 897 45 0
275 1116 758 226 0
226 758 800 1116 0
1362 204 749 914 0
1095 1362 749 914 0
273 939 280 12 0
1095 310 1362 914 0
288 12 939 273 0
285 216 597 505 0
1203 1132 811 502 0
622 1373 757 581 0
675 275 226 455 0
455 1116 275 226 0
494 261 657 166 0
363 1410 239 805 0
157 154 1286 1195 0
1027 1031 237 853 0
622 1089 1116 1373 0
738 297 283 843 0
843 283 355 297 0
843 109 568 283 0
1054 1309 1117 834 0
738 283 109 843 0
843 283 568 355 0
494 657 151 1121 0
1054 686 1283 834 0
600 189 297 290 0
303 189 309 868 0
600 1413 297 189 0
868 309 1413 189 0
255 385 1110 298 0
568 490 357 1088 0
1387 276 286 1075 0
494 193 166 1121 0
862 331 479 832 0
821 1174 1334 957 0
662 255 1110 298 0
246 300 414 509 0
279 675 35 1007 0
1371 334 655 219 0
1371 219 455 790 0
246 924 300 509 0
67 58 916 62 0
602 321 906 98 0
946 258 332 1146 0
1010 663 175 282 0
509 986 300 414 0
543 1076 1039 258 0
175 282 663 457 0
612 361 628 737 0
975 1064 941 642 0
1415 1080 321 589 0
298 385 256 381 0
254 690 247 362 0
298 385 1110 256 0
856 281 1308 726 0
1272 386 251 918 0
918 386 251 383 0
240 876 623 921 0
738 297 1088 283 0
283 1088 355 297 0
1092 488 1406 842 0
283 109 568 1088 0
738 1088 109 283 0
283 1088 568 355 0
552 597 285 216 0
1119 316 260 367 0
760 624 316 446 0
316 624 260 367 0
725 760 316 446 0
343 395 312 791 0
1092 1146 946 332 0
370 1259 322 246 0
203 197 358 938 0
203 938 976 217 0
166 326 268 657 0
612 326 166 657 0
1336 371 245 685 0
568 328 663 490 0
568 490 964 328 0
328 490 964 849 0
663 328 849 490 0
693 519 613 578 0
402 195 739 598 0
402 1347 195 598 0
518 832 331 862 0
401 402 739 598 0
679 364 329 597 0
679 364 293 329 0
273 520 288 1341 0
229 1368 1172 274 0
274 229 1083 1409 0
1355 330 72 900 0
200 201 900 330 0
900 76 474 330 0
953 201 330 900 0
118 931 120 141 0
308 310 1361 414 0
389 373 188 196 0
528 602 226 34 0
317 675 226 602 0
626 336 356 357 0
1089 797 1116 1373 0
1043 1195 146 157 0
309 336 1413 189 0
528 317 226 602 0
606 376 769 558 0
413 215 337 900 0
413 784 337 215 0
200 214 474 337 0
474 200 337 900 0
313 884 312 391 0
630 1021 339 391 0
339 553 391 313 0
698 591 981 522 0
22 205 698 522 0
437 1406 842 400 0
271 221 104 228 0
683 378 397 449 0
329 106 342 909 0
329 293 342 364 0
342 556 364 293 0
342 310 1095 556 0
644 343 312 646 0
592 1267 1418 350 0
407 874 854 365 0
407 700 874 365 0
479 510 492 664 0
479 492 130 664 0
369 345 309 564 0
124 1345 356 345 0
369 1345 345 564 0
295 568 328 305 0
295 568 964 328 0
295 964 568 587 0
1085 297 21 290 0
784 337 346 214 0
862 479 652 832 0
351 241 378 1172 0
726 1383 624 260 0
351 1172 378 229 0
663 175 112 849 0
328 849 508 175 0
906 484 317 675 0
317 675 602 906 0
494 701 657 261 0
367 281 361 21 0
675 906 484 1007 0
675 906 1007 98 0
1380 1084 259 31 0
906 675 602 98 0
613 578 293 364 0
556 364 293 578 0
679 293 364 613 0
531 677 596 294 0
531 263 677 294 0
1272 386 294 263 0
151 354 366 657 0
657 366 151 187 0
760 47 1386 801 0
151 284 366 354 0
1022 284 1411 366 0
307 204 1362 370 0
399 423 548 595 0
760 1386 47 523 0
760 47 624 21 0
1199 331 186 862 0
595 399 423 991 0
331 1328 919 186 0
862 186 1364 331 0
431 223 397 713 0
1092 1146 332 842 0
677 285 552 679 0
278 1349 637 1400 0
622 1373 581 333 0
371 1337 167 318 0
622 333 377 1089 0
221 423 548 399 0
549 1201 377 237 0
374 250 383 352 0
322 914 902 1259 0
399 221 423 728 0
81 507 976 358 0
81 507 358 1339 0
893 127 322 136 0
322 136 127 137 0
322 127 120 137 0
931 137 120 141 0
322 127 123 120 0
82 591 350 205 0
82 350 591 977 0
82 591 205 66 0
134 119 835 319 0
264 434 417 737 0
276 1121 417 612 0
365 403 779 457 0
276 417 361 612 0
126 134 319 119 0
457 365 403 150 0
187 417 612 264 0
457 320 1367 403 0
404 1168 443 372 0
737 361 434 417 0
362 247 254 420 0
232 363 605 420 0
1061 401 546 338 0
303 336 309 189 0
435 675 484 35 0
524 966 93 104 0
673 404 1168 443 0
708 408 197 198 0
393 957 421 823 0
799 456 424 1156 0
359 197 198 450 0
452 598 401 739 0
1089 167 245 371 0
135 835 128 134 0
1046 1190 1281 452 0
452 1011 401 598 0
369 368 564 309 0
452 1223 1046 1190 0
843 109 1016 434 0
806 1175 324 1144 0
364 106 597 599 0
535 599 364 103 0
722 399 903 220 0
380 315 225 610 0
220 722 399 595 0
350 1114 438 928 0
703 399 903 968 0
232 221 399 728 0
359 450 83 744 0
850 359 83 744 0
450 83 744 904 0
122 319 126 885 0
446 624 316 367 0
725 446 316 367 0
276 446 725 367 0
446 21 624 367 0
276 21 446 367 0
204 492 586 1008 0
484 435 317 675 0
484 1007 35 675 0
230 88 558 610 0
964 109 568 587 0
577 1411 837 448 0
1177 1172 404 241 0
1172 378 404 241 0
1023 1397 272 1420 0
1420 1414 257 668 0
484 895 1087 35 0
1028 171 165 155 0
540 239 362 1410 0
460 1066 1086 489 0
460 1086 733 489 0
950 148 136 137 0
356 336 309 303 0
110 301 635 1108 0
997 1108 301 110 0
708 197 745 406 0
868 107 804 1072 0
868 815 107 309 0
57 458 77 76 0
57 32 458 961 0
61 458 57 32 0
356 553 461 313 0
356 314 461 320 0
906 641 265 484 0
876 921 240 1382 0
303 309 368 868 0
1354 788 240 1382 0
277 354 284 151 0
227 162 220 741 0
1387 477 731 766 0
1012 269 353 1320 0
839 1012 1320 269 0
839 633 1012 269 0
557 633 386 269 0
124 129 1345 881 0
261 1049 268 166 0
385 166 1049 261 0
1083 347 1409 229 0
738 297 1016 583 0
1083 1409 347 592 0
483 347 229 223 0
483 431 224 1419 0
566 592 1083 347 0
375 208 195 493 0
507 741 375 493 0
388 818 1147 742 0
388 567 1011 742 0
637 613 552 1042 0
502 1394 1132 1351 0
1415 219 495 790 0
219 495 790 1371 0
476 119 984 574 0
540 1410 362 254 0
357 626 1069 320 0
760 523 47 21 0
901 523 760 766 0
523 290 47 21 0
731 290 523 766 0
319 126 119 121 0
319 122 126 121 0
662 241 673 793 0
340 211 645 954 0
350 213 22 698 0
340 645 223 954 0
320 461 956 780 0
350 591 698 205 0
312 1346 884 646 0
350 699 213 698 0
449 234 451 714 0
158 601 1028 147 0
351 241 1172 529 0
713 451 449 397 0
351 241 234 378 0
1346 527 646 660 0
451 234 449 397 0
483 223 229 397 0
510 407 501 175 0
175 501 510 508 0
962 528 317 758 0
285 216 505 677 0
528 226 758 800 0
1376 528 962 758 0
1376 528 758 800 0
528 317 758 226 0
677 1006 505 285 0
291 276 1075 1121 0
559 935 1236 326 0
277 701 354 151 0
481 656 773 1206 0
507 375 741 209 0
507 209 360 938 0
305 1392 355 304 0
494 261 166 785 0
305 718 357 663 0
305 718 663 1010 0
988 305 467 812 0
467 305 1010 812 0
53 1035 71 1197 0
508 328 959 849 0
825 857 661 191 0
452 572 571 739 0
512 102 280 273 0
789 273 288 1341 0
368 815 868 309 0
1057 1028 181 176 0
714 469 716 861 0
693 500 613 519 0
693 1165 500 519 0
500 293 613 519 0
356 626 357 320 0
675 454 257 455 0
751 235 541 851 0
312 680 791 1416 0
379 235 851 541 0
451 235 541 751 0
1370 257 455 95 0
1372 257 1370 95 0
341 1012 557 1180 0
291 843 21 417 0
359 450 744 203 0
348 1026 1362 307 0
176 1028 161 171 0
1401 311 686 822 0
811 348 299 307 0
1057 933 1028 1094 0
765 171 165 1028 0
534 643 416 834 0
637 498 530 332 0
530 1163 498 1164 0
498 1092 530 332 0
1163 498 1092 530 0
633 531 596 294 0
386 263 531 294 0
717 1006 531 387 0
717 531 911 387 0
596 531 633 1006 0
87 580 444 536 0
778 380 772 775 0
444 580 208 536 0
441 380 772 778 0
89 444 741 536 0
89 87 444 536 0
1329 1119 656 481 0
1329 481 656 248 0
646 1346 884 527 0
436 532 748 225 0
488 842 437 1406 0
1229 471 533 1102 0
1229 284 533 1411 0
366 284 533 354 0
1416 632 476 791 0
354 471 1102 533 0
366 284 1411 533 0
276 367 725 335 0
582 939 868 368 0
849 1302 1316 175 0
243 236 383 918 0
432 918 236 243 0
918 236 383 251 0
432 236 918 251 0
1395 1206 335 1119 0
502 1132 811 1351 0
1119 1206 335 656 0
248 773 481 656 0
371 318 167 655 0
334 167 318 655 0
348 108 299 1362 0
108 299 1362 909 0
691 653 1030 573 0
1362 108 909 749 0
397 378 234 449 0
108 749 1362 348 0
351 378 234 397 0
717 633 531 1006 0
1019 420 462 460 0
717 1006 269 633 0
21 297 477 290 0
696 396 410 698 0
1297 1134 1340 1330 0
741 162 220 740 0
679 329 390 1005 0
410 396 711 698 0
554 621 741 507 0
928 977 848 438 0
866 1419 224 376 0
566 769 588 1267 0
1201 333 444 377 0
218 814 333 444 0
1000 1337 377 218 0
294 608 97 596 0
608 596 294 633 0
229 378 683 340 0
379 609 315 230 0
379 236 315 453 0
154 1286 172 168 0
242 671 235 379 0
531 1006 677 387 0
908 609 439 230 0
1202 1286 1204 172 0
380 315 610 230 0
74 330 900 72 0
76 330 900 74 0
298 248 381 673 0
542 491 905 5 0
542 491 5 996 0
381 248 773 465 0
277 387 284 1102 0
906 602 253 321 0
1379 317 259 435 0
919 893 322 136 0
919 950 136 322 0
329 364 342 106 0
342 556 106 364 0
986 653 511 300 0
131 457 700 175 0
407 282 349 501 0
1199 945 1020 919 0
389 1338 551 1347 0
389 196 551 1338 0
389 196 707 551 0
278 497 387 1359 0
1421 497 387 278 0
556 1093 106 535 0
798 1414 257 1420 0
502 688 1132 1394 0
613 364 103 578 0
903 548 360 220 0
703 548 360 903 0
679 329 1005 597 0
548 209 360 220 0
713 683 397 449 0
351 378 397 229 0
210 548 360 703 0
552 599 216 543 0
1289 1243 1312 1241 0
811 499 502 910 0
1322 701 151 494 0
677 552 1076 637 0
302 301 632 973 0
760 624 1383 316 0
339 129 391 553 0
356 124 461 553 0
699 410 213 698 0
478 593 339 553 0
553 124 1345 356 0
461 593 478 553 0
391 1345 553 129 0
691 931 653 573 0
696 410 212 698 0
500 637 530 1042 0
1378 758 759 675 0
350 212 699 698 0
391 680 835 324 0
212 410 699 698 0
612 737 417 361 0
264 417 612 737 0
361 434 1016 737 0
341 633 386 557 0
557 633 269 1012 0
557 353 1012 269 0
679 329 293 390 0
386 383 557 374 0
842 400 1146 332 0
341 383 557 386 0
530 1076 692 1042 0
373 196 389 1338 0
1387 291 1075 762 0
1417 1338 389 388 0
612 187 264 559 0
657 187 612 559 0
657 559 366 187 0
577 559 366 448 0
264 187 577 559 0
577 1411 448 366 0
12 48 560 240 0
306 562 1360 508 0
12 419 560 48 0
306 562 508 1008 0
1008 492 562 508 0
175 1010 501 508 0
367 281 628 361 0
628 281 736 361 0
628 281 732 736 0
736 1016 361 281 0
367 281 732 628 0
950 137 136 322 0
1008 492 586 651 0
564 345 309 356 0
564 1345 345 356 0
798 1414 1420 1397 0
303 564 309 356 0
564 356 313 1345 0
575 1399 301 997 0
305 328 663 568 0
301 575 632 973 0
305 355 568 357 0
305 568 663 357 0
1406 1146 842 400 0
291 417 21 276 0
291 417 276 1121 0
276 417 21 361 0
1405 225 610 658 0
353 1320 269 354 0
294 677 596 97 0
569 328 959 508 0
677 216 97 1352 0
1078 549 87 1000 0
1000 549 87 444 0
337 346 214 558 0
81 554 976 507 0
344 918 243 383 0
711 698 396 522 0
417 843 21 361 0
276 21 367 361 0
255 1329 248 363 0
605 233 943 447 0
461 780 478 593 0
649 988 1009 647 0
647 1009 649 314 0
649 314 890 647 0
353 269 262 354 0
1199 518 331 862 0
872 1199 862 518 0
550 802 872 1199 0
964 109 490 568 0
568 109 490 1088 0
353 352 249 250 0
588 592 1267 1418 0
255 363 248 673 0
250 353 485 249 0
743 700 510 175 0
187 366 151 577 0
264 577 837 448 0
187 559 366 577 0
264 577 448 559 0
1168 805 443 372 0
187 577 151 594 0
204 125 492 508 0
204 125 508 978 0
166 1049 268 326 0
166 326 612 267 0
166 267 1049 326 0
321 602 253 853 0
1358 321 253 853 0
631 373 188 604 0
939 105 815 975 0
469 250 485 249 0
819 631 188 604 0
939 105 804 815 0
631 373 604 1417 0
250 352 249 469 0
667 188 1053 373 0
272 789 273 512 0
1142 1233 807 1056 0
1031 34 231 581 0
622 34 1031 581 0
288 1385 582 12 0
1390 368 288 582 0
482 494 785 261 0
257 685 455 95 0
622 1089 1373 333 0
334 167 219 795 0
237 377 795 167 0
414 653 931 573 0
228 525 239 1327 0
388 1141 598 567 0
677 216 1076 552 0
677 596 216 505 0
429 665 586 370 0
204 370 586 1259 0
204 370 307 586 0
784 215 413 436 0
534 1309 834 1159 0
295 843 568 873 0
873 843 568 355 0
1312 1196 1291 1282 0
436 768 1405 225 0
291 843 295 873 0
459 232 420 362 0
459 232 1019 420 0
245 275 730 455 0
1378 730 275 257 0
730 245 1375 275 0
494 426 261 482 0
427 223 645 727 0
1380 260 826 428 0
402 208 430 418 0
962 1086 317 528 0
1390 1389 302 973 0
863 432 252 799 0
1314 1046 1045 1321 0
340 954 952 211 0
1010 501 562 650 0
581 1373 757 746 0
1215 1282 1196 1312 0
380 772 775 799 0
775 772 1422 799 0
898 44 62 916 0
252 437 1091 475 0
23 43 932 1342 0
388 567 598 1011 0
444 208 418 740 0
1137 1269 511 300 0
458 474 77 76 0
57 458 330 961 0
330 76 474 458 0
246 924 603 300 0
1179 242 344 824 0
1269 511 1150 1137 0
922 1216 950 603 0
922 950 246 603 0
604 373 188 389 0
549 237 792 1201 0
1409 848 928 977 0
819 604 188 389 0
131 700 743 175 0
604 373 389 1417 0
819 704 604 389 0
704 604 389 1417 0
1169 190 994 198 0
404 443 378 372 0
673 404 443 378 0
305 663 328 1010 0
1360 1010 305 328 0
295 305 328 1360 0
724 732 267 367 0
239 362 232 722 0
407 282 501 175 0
1010 508 562 501 0
470 654 957 1334 0
473 720 536 580 0
313 516 478 314 0
64 450 904 83 0
282 1010 501 175 0
124 129 461 553 0
553 129 1345 124 0
675 98 1007 454 0
637 552 1076 1042 0
65 667 1053 373 0
1077 552 543 599 0
1077 552 1042 543 0
254 1329 255 363 0
254 420 1329 363 0
93 805 372 443 0
614 631 188 819 0
564 368 303 309 0
478 150 185 325 0
780 150 478 325 0
947 150 185 478 0
403 947 478 150 0
457 403 1367 150 0
461 320 403 780 0
363 233 943 605 0
605 420 462 1019 0
876 240 12 788 0
93 340 443 372 0
363 605 943 232 0
605 420 1019 232 0
788 876 240 1382 0
969 540 254 1410 0
989 562 650 1010 0
989 562 463 650 0
302 709 975 301 0
131 175 112 457 0
1314 1321 1045 1317 0
457 131 150 1367 0
189 355 297 290 0
78 69 202 80 0
78 571 58 75 0
87 720 580 536 0
799 475 424 456 0
752 799 456 475 0
547 1412 218 882 0
463 1008 651 562 0
463 306 1394 1008 0
464 303 987 705 0
365 874 854 648 0
407 860 869 891 0
253 906 265 317 0
1390 466 302 666 0
466 312 564 644 0
906 484 265 317 0
317 906 602 253 0
869 515 616 860 0
235 351 234 397 0
357 568 1088 355 0
473 1141 571 739 0
351 235 224 397 0
762 942 1393 467 0
1322 468 494 151 0
58 67 202 69 0
386 531 633 294 0
608 294 386 633 0
617 200 206 270 0
64 904 450 470 0
474 206 617 200 0
816 994 190 470 0
1106 816 470 994 0
501 510 492 618 0
510 407 618 501 0
1320 269 471 839 0
1229 833 1236 471 0
492 510 479 618 0
1229 833 471 839 0
479 860 618 510 0
947 478 779 403 0
860 510 407 618 0
444 218 970 580 0
580 970 1412 218 0
444 418 208 970 0
941 1064 937 642 0
1180 256 384 1227 0
986 1361 653 414 0
1180 1227 353 256 0
1180 353 352 256 0
853 237 1074 1080 0
1180 352 793 256 0
384 793 256 1180 0
1227 1320 1012 353 0
124 626 356 461 0
124 626 461 956 0
522 192 480 981 0
591 878 199 981 0
370 204 1362 914 0
370 1362 310 914 0
370 1259 914 322 0
774 225 1405 658 0
621 985 493 80 0
866 483 224 1419 0
1083 347 229 483 0
866 483 351 224 0
1368 483 229 351 0
370 914 310 322 0
204 1259 914 370 0
654 1334 1174 957 0
879 67 69 202 0
965 848 952 1409 0
1123 1404 878 1124 0
612 361 367 628 0
628 732 367 267 0
367 612 628 267 0
480 192 1068 981 0
960 486 654 1174 0
825 661 394 191 0
878 199 191 445 0
753 250 487 485 0
508 125 492 1316 0
508 125 1316 978 0
1111 192 522 396 0
404 241 378 673 0
70 61 206 77 0
524 359 83 850 0
1083 1409 592 977 0
1037 522 591 205 0
256 385 249 381 0
391 129 896 881 0
558 214 376 346 0
1003 376 609 346 0
897 1037 205 491 0
331 1259 925 246 0
689 1096 925 665 0
689 509 665 429 0
566 1267 588 592 0
665 1259 370 246 0
65 373 912 898 0
862 1364 479 331 0
125 1259 492 130 0
331 130 1259 1328 0
673 241 378 381 0
381 241 378 234 0
673 381 378 233 0
1025 381 378 234 0
233 381 378 1025 0
204 749 125 978 0
90 230 558 769 0
680 984 476 319 0
984 680 476 791 0
70 206 79 77 0
363 248 605 1329 0
565 563 474 558 0
565 606 558 474 0
233 248 605 363 0
363 1329 605 420 0
769 376 609 1003 0
908 230 769 609 0
529 351 242 671 0
824 671 529 242 0
68 206 61 63 0
220 162 231 746 0
417 361 434 843 0
953 330 1355 900 0
68 70 61 206 0
731 304 1391 290 0
1415 455 790 675 0
44 916 912 889 0
675 454 455 790 0
474 636 558 611 0
1366 636 900 474 0
474 636 611 1366 0
484 641 265 1087 0
895 1087 641 484 0
666 466 302 564 0
464 466 666 564 0
302 666 564 368 0
666 368 303 564 0
464 666 303 564 0
953 1357 201 900 0
963 639 540 238 0
640 1260 802 1242 0
961 767 1301 11 0
458 200 206 474 0
491 1037 205 522 0
897 205 1037 66 0
871 1233 1056 807 0
70 880 206 68 0
212 1034 645 409 0
782 645 1034 409 0
612 264 737 638 0
45 871 206 63 0
612 638 737 830 0
1374 371 797 1336 0
524 952 359 104 0
524 952 104 340 0
799 456 1156 225 0
1363 479 652 1364 0
460 247 420 828 0
1035 71 572 85 0
828 247 420 1329 0
469 249 715 465 0
469 716 465 714 0
254 1329 420 247 0
469 249 465 716 0
329 1005 597 106 0
189 336 297 355 0
272 512 545 1420 0
914 204 749 125 0
189 1413 297 336 0
162 581 231 746 0
1031 581 231 162 0
518 862 870 832 0
267 255 100 724 0
267 100 255 385 0
841 295 292 306 0
841 292 1388 1393 0
273 939 288 520 0
301 642 520 975 0
222 221 211 104 0
222 221 425 211 0
211 221 425 210 0
77 206 458 61 0
227 722 220 231 0
227 722 231 238 0
906 674 895 484 0
906 674 484 1007 0
906 674 1007 98 0
340 645 222 683 0
645 427 222 683 0
340 378 683 222 0
273 102 1052 101 0
948 280 674 102 0
431 397 451 713 0
431 224 451 397 0
66 41 591 480 0
465 481 248 773 0
66 1037 591 205 0
465 481 773 482 0
1124 1404 878 41 0
675 758 226 275 0
435 675 758 317 0
222 927 425 221 0
1373 218 1374 814 0
1089 1374 797 1373 0
943 927 222 221 0
317 675 758 226 0
943 447 222 927 0
1373 1089 1374 218 0
1380 259 733 31 0
1380 733 259 734 0
317 733 259 31 0
1379 259 317 733 0
860 510 479 1363 0
407 510 860 1363 0
733 1379 259 734 0
197 358 196 486 0
392 197 196 486 0
81 976 203 358 0
976 203 555 81 0
203 81 358 1033 0
1189 203 1033 81 0
555 1189 81 203 0
833 1320 839 1227 0
690 362 254 540 0
690 639 362 540 0
402 418 538 970 0
359 211 210 104 0
364 106 599 535 0
275 1116 455 245 0
344 607 243 918 0
1180 1012 353 1227 0
1180 353 557 374 0
1180 353 1012 557 0
1180 352 353 374 0
288 582 939 12 0
288 939 582 368 0
272 101 512 273 0
272 512 101 545 0
512 101 102 273 0
951 512 101 102 0
512 101 545 951 0
1177 1172 241 529 0
382 255 1036 1307 0
1369 723 254 690 0
965 229 274 1409 0
694 303 735 464 0
479 510 695 1363 0
695 1363 1364 479 0
694 368 303 666 0
464 694 303 666 0
1040 693 1039 1042 0
266 732 281 1014 0
582 289 876 706 0
1422 424 702 1156 0
582 706 735 289 0
1385 764 706 876 0
610 441 778 380 0
1349 498 1400 755 0
1349 498 637 1400 0
610 778 775 380 0
406 358 196 197 0
358 938 406 209 0
406 938 358 197 0
814 218 1374 1396 0
691 1225 684 1232 0
511 1150 1225 1238 0
691 1137 931 684 0
1137 1207 931 684 0
444 549 1201 377 0
390 342 244 299 0
390 293 244 342 0
364 599 679 613 0
175 510 1316 508 0
390 244 811 299 0
468 502 1203 992 0
390 293 499 244 0
499 390 244 811 0
393 708 957 198 0
190 450 198 957 0
386 531 263 911 0
386 633 531 717 0
386 717 269 633 0
386 262 269 717 0
957 708 197 198 0
386 717 531 911 0
450 197 198 957 0
190 198 393 957 0
130 695 1328 479 0
1009 314 357 718 0
693 500 692 1042 0
334 219 167 655 0
479 1364 695 1328 0
819 704 631 604 0
704 631 604 1417 0
1051 634 635 642 0
635 520 301 642 0
704 388 1417 389 0
433 376 1348 783 0
252 400 437 1272 0
855 776 252 917 0
414 1361 813 310 0
1361 578 506 1029 0
87 720 536 985 0
1405 768 610 225 0
90 88 558 230 0
500 787 637 1350 0
1350 637 500 293 0
456 315 748 225 0
727 645 719 409 0
782 719 645 409 0
307 299 1362 348 0
340 645 683 223 0
223 427 683 713 0
449 427 713 683 0
390 299 1005 329 0
701 496 262 1403 0
426 496 701 1403 0
1165 506 519 578 0
1029 506 1165 578 0
693 1165 519 578 0
810 1165 693 578 0
810 1165 578 1029 0
381 716 926 465 0
352 861 716 469 0
352 716 234 381 0
520 287 273 852 0
1397 272 1381 539 0
1420 1397 272 1381 0
1076 216 543 552 0
866 566 1419 376 0
798 1397 1420 1381 0
571 452 739 1141 0
677 216 552 285 0
1076 1352 543 216 0
1415 790 98 675 0
675 454 790 98 0
1084 723 266 265 0
1014 266 723 265 0
1354 1382 240 35 0
1354 1382 35 759 0
759 435 1382 35 0
1382 435 259 35 0
617 205 270 206 0
22 522 270 205 0
35 1382 240 259 0
952 211 359 104 0
952 211 104 340 0
952 359 211 1024 0
1163 1092 1146 946 0
501 349 515 650 0
457 282 407 175 0
738 297 583 836 0
1179 242 824 529 0
108 1411 594 299 0
1406 1146 1092 842 0
825 1169 570 808 0
190 994 816 570 0
808 825 1169 191 0
250 262 487 485 0
250 353 262 485 0
705 913 987 464 0
271 443 104 222 0
93 443 104 271 0
916 567 1141 1417 0
221 399 703 968 0
221 548 703 399 0
210 548 703 221 0
221 399 968 232 0
210 703 228 221 0
312 313 1345 564 0
312 313 391 1345 0
461 129 124 780 0
461 780 593 129 0
1419 483 431 699 0
840 572 71 85 0
573 116 118 1118 0
414 310 813 1113 0
723 724 254 1084 0
254 1017 724 723 0
476 937 1265 642 0
239 363 805 271 0
967 301 575 1399 0
556 535 813 1093 0
825 394 1169 191 0
279 951 35 512 0
579 1405 610 658 0
565 563 558 88 0
579 768 610 1405 0
988 729 304 987 0
1392 304 988 729 0
41 1103 1100 627 0
1100 1404 41 627 0
444 580 1000 218 0
687 82 588 1418 0
793 352 381 256 0
712 412 200 514 0
1387 477 766 21 0
858 614 188 819 0
766 523 760 21 0
766 290 523 21 0
766 477 290 21 0
1387 766 760 21 0
843 1016 21 361 0
361 1016 21 281 0
21 1016 1085 281 0
21 297 1016 843 0
21 1016 297 1085 0
379 541 224 235 0
235 541 224 451 0
482 773 1206 481 0
951 674 35 280 0
484 674 895 35 0
484 674 35 1007 0
405 740 375 209 0
951 1007 35 674 0
35 674 895 280 0
931 603 1137 300 0
480 981 878 591 0
350 199 698 591 0
605 248 462 1329 0
603 1137 1207 931 0
603 1207 950 931 0
592 977 1409 928 0
347 1409 928 592 0
699 350 592 212 0
729 1391 304 987 0
352 793 241 1177 0
242 352 1177 1180 0
242 352 241 1177 0
731 304 729 1391 0
353 268 354 261 0
812 718 282 649 0
1008 1026 348 307 0
742 818 1147 1273 0
742 567 1011 1241 0
415 540 1410 239 0
1393 841 292 306 0
927 728 425 221 0
1410 805 415 239 0
1146 96 258 400 0
394 191 199 445 0
332 1146 258 400 0
708 197 408 745 0
392 196 1335 486 0
394 191 445 1169 0
198 394 445 1169 0
198 394 199 445 0
1033 81 358 667 0
1382 1383 921 259 0
921 1383 726 259 0
359 197 450 203 0
734 1382 259 1383 0
259 1383 726 260 0
1380 734 259 1383 0
295 873 568 305 0
1380 259 260 1383 0
305 873 568 355 0
942 873 295 305 0
707 196 406 405 0
406 209 763 405 0
1390 694 735 464 0
226 800 34 1116 0
528 226 800 34 0
1376 528 800 34 0
1376 34 800 757 0
757 34 800 1116 0
451 541 453 751 0
224 541 453 451 0
1348 224 453 451 0
362 459 232 722 0
214 270 617 22 0
724 1329 255 254 0
1380 260 259 1084 0
259 265 1084 726 0
259 726 1084 260 0
825 846 1353 570 0
312 324 391 1346 0
289 600 868 48 0
799 775 380 225 0
775 799 1156 225 0
709 302 1389 301 0
271 221 222 104 0
271 943 222 221 0
305 355 357 304 0
1407 41 480 820 0
336 357 1088 355 0
1407 66 480 41 0
1398 287 1256 967 0
1341 1384 288 789 0
330 458 200 771 0
771 514 200 201 0
458 871 1109 771 0
771 871 1109 514 0
330 771 200 201 0
515 492 501 651 0
501 618 492 515 0
492 618 479 515 0
479 492 515 832 0
832 492 515 651 0
215 436 1140 1153 0
1140 436 1154 1153 0
504 910 244 1351 0
564 1416 312 466 0
225 436 1154 1405 0
774 1405 1154 1140 0
774 225 1154 1405 0
409 710 198 934 0
934 782 1034 409 0
934 198 409 1034 0
762 942 467 1392 0
375 196 1339 1338 0
572 85 580 1041 0
375 740 741 209 0
1000 377 444 218 0
384 1177 793 1180 0
1086 602 528 34 0
1180 352 1177 793 0
675 226 1415 455 0
455 1116 226 1415 0
3 916 1104 1249 0
257 454 279 545 0
1372 454 257 545 0
1104 916 1417 1249 0
48 47 929 856 0
1085 583 929 856 0
828 1329 481 1119 0
272 789 512 1381 0
359 211 408 210 0
408 359 197 198 0
408 211 359 1024 0
408 1024 359 198 0
473 493 536 985 0
241 352 381 793 0
646 313 516 884 0
197 359 408 210 0
312 680 979 391 0
210 211 408 425 0
1177 793 241 662 0
536 720 473 985 0
306 295 292 348 0
295 569 837 348 0
594 295 837 348 0
985 817 493 536 0
295 569 348 306 0
292 295 594 348 0
91 1073 794 1327 0
413 712 200 803 0
752 236 453 315 0
586 689 990 651 0
586 429 990 689 0
456 453 748 315 0
606 1267 1418 588 0
606 769 1267 588 0
453 315 456 752 0
900 636 1253 84 0
337 768 579 215 0
329 909 1005 106 0
340 443 372 378 0
671 224 379 609 0
731 304 1392 729 0
866 376 224 609 0
1392 731 355 304 0
138 933 835 984 0
835 933 324 791 0
430 740 422 418 0
984 933 835 791 0
809 516 478 339 0
884 313 516 339 0
242 379 235 851 0
298 248 385 381 0
339 884 527 516 0
385 248 773 381 0
460 828 420 462 0
863 252 432 1272 0
462 828 420 1329 0
717 262 269 387 0
313 478 516 339 0
527 516 809 339 0
494 166 657 1121 0
400 96 258 1352 0
278 387 390 1359 0
277 284 387 390 0
817 554 621 741 0
332 400 258 1352 0
740 746 418 162 0
740 220 746 162 0
740 422 418 746 0
740 220 422 746 0
578 573 1118 111 0
1361 578 1029 573 0
1361 578 573 813 0
352 250 851 469 0
512 1354 240 35 0
383 250 851 352 0
474 687 617 206 0
431 223 713 727 0
81 621 554 507 0
521 1081 217 976 0
386 717 911 262 0
717 387 911 262 0
911 262 387 497 0
501 282 349 650 0
618 407 349 501 0
860 618 407 349 0
407 349 869 860 0
652 479 862 1364 0
1339 196 373 1338 0
1339 202 195 373 0
1339 1338 373 195 0
340 928 1409 952 0
965 952 340 1409 0
229 1409 965 340 0
788 764 876 1382 0
229 928 1409 340 0
650 1010 282 812 0
989 1010 650 812 0
556 1093 813 310 0
229 378 340 372 0
229 1172 378 372 0
229 274 1172 372 0
229 965 372 340 0
372 229 274 965 0
691 684 1048 1232 0
705 313 314 647 0
1272 294 917 400 0
314 647 313 516 0
1344 97 400 917 0
839 1227 1320 1012 0
341 918 344 383 0
608 918 607 341 0
564 705 313 356 0
303 705 564 356 0
411 214 803 784 0
860 479 652 1363 0
531 677 263 1421 0
263 911 531 1421 0
1064 975 941 105 0
520 975 105 939 0
457 779 407 282 0
1053 188 631 373 0
365 854 407 779 0
3 916 889 1104 0
610 768 315 225 0
545 1023 272 1420 0
545 1420 257 668 0
764 1386 47 801 0
272 545 101 1218 0
101 545 1217 1218 0
487 251 754 263 0
250 487 251 472 0
593 129 590 339 0
487 251 472 754 0
250 487 386 251 0
487 263 386 251 0
214 200 617 270 0
988 718 305 812 0
322 310 123 914 0
296 83 450 445 0
359 83 450 296 0
518 832 870 515 0
518 832 515 651 0
359 450 198 296 0
296 450 198 445 0
399 595 548 220 0
722 399 595 991 0
422 209 847 220 0
595 220 422 847 0
1021 527 339 884 0
1021 884 1346 527 0
345 369 309 513 0
629 527 339 1021 0
526 1346 527 1021 0
517 407 282 349 0
1263 1249 781 1058 0
1343 1094 1028 1257 0
442 231 746 220 0
220 231 722 442 0
206 205 270 491 0
698 591 522 205 0
35 1087 240 280 0
315 609 1003 230 0
1038 558 610 230 0
35 895 1087 280 0
230 769 609 1003 0
237 622 1031 1201 0
237 622 167 1415 0
237 622 1201 377 0
1201 333 377 622 0
237 34 622 1415 0
237 622 377 167 0
672 253 602 853 0
1042 1076 637 530 0
1086 602 672 253 0
1086 317 602 253 0
690 31 1086 253 0
1086 253 31 317 0
690 672 362 639 0
326 1228 268 1236 0
830 326 1236 1228 0
268 833 1236 1228 0
454 1007 675 279 0
932 1277 1197 571 0
512 240 12 280 0
1197 1192 1277 932 0
512 273 280 12 0
547 218 1000 882 0
47 21 281 624 0
47 624 281 726 0
624 367 21 281 0
726 624 281 266 0
266 281 367 624 0
390 293 342 329 0
809 516 864 478 0
124 620 345 513 0
345 513 626 124 0
124 626 345 356 0
218 1000 1337 547 0
1239 102 951 101 0
890 478 864 516 0
430 208 838 740 0
838 208 375 740 0
390 329 342 299 0
430 1347 838 208 0
1344 97 1352 400 0
607 918 344 341 0
379 541 453 224 0
366 354 935 657 0
366 533 935 354 0
354 471 533 935 0
657 268 354 935 0
354 268 471 935 0
330 458 771 961 0
61 32 871 458 0
745 210 408 425 0
82 936 591 66 0
66 591 1124 936 0
197 210 408 745 0
196 406 209 358 0
375 196 209 358 0
196 209 405 375 0
406 209 405 196 0
229 683 223 340 0
397 683 223 229 0
461 626 356 320 0
461 626 320 956 0
942 305 295 1360 0
217 938 360 210 0
1404 994 64 445 0
1375 1116 275 245 0
841 942 295 1360 0
841 1360 295 306 0
593 129 339 553 0
473 208 536 493 0
461 129 593 553 0
629 527 809 339 0
536 580 208 473 0
232 239 363 362 0
564 913 464 644 0
1410 363 239 362 0
714 861 716 234 0
352 234 716 861 0
235 861 451 234 0
714 234 451 861 0
564 313 913 644 0
352 861 235 234 0
564 313 705 913 0
271 943 221 232 0
276 760 725 446 0
271 443 222 943 0
286 1387 760 276 0
725 276 286 760 0
521 555 203 850 0
362 1086 690 247 0
460 362 247 1086 0
521 555 976 203 0
1376 757 231 34 0
379 224 453 609 0
453 1348 433 609 0
315 453 433 609 0
436 225 748 768 0
453 224 1348 609 0
379 453 315 609 0
315 768 748 225 0
400 677 294 97 0
1389 301 302 973 0
677 97 400 1352 0
1389 575 301 973 0
422 595 746 220 0
595 442 746 220 0
255 673 1168 363 0
77 61 458 57 0
969 1410 254 1036 0
255 1168 1036 363 0
892 611 88 558 0
255 1168 673 662 0
382 255 1168 1036 0
662 255 1168 382 0
1327 1081 794 91 0
563 79 565 474 0
731 477 290 766 0
723 266 724 1084 0
724 1017 266 723 0
901 1386 760 523 0
312 1345 979 564 0
828 1119 481 428 0
1119 1395 481 428 0
312 1345 391 979 0
1393 1360 467 942 0
1360 305 467 942 0
722 231 1066 442 0
362 231 1066 722 0
952 928 1409 848 0
928 212 1114 1034 0
952 1034 928 296 0
413 803 337 784 0
413 200 337 803 0
621 493 741 507 0
558 611 88 563 0
763 847 422 209 0
847 209 548 220 0
847 595 220 548 0
942 1360 841 1393 0
575 643 311 632 0
954 1034 645 212 0
264 187 837 577 0
708 197 392 957 0
954 212 928 1034 0
954 1034 928 952 0
347 212 928 954 0
451 235 751 861 0
577 837 594 187 0
187 587 264 837 0
187 295 587 837 0
187 837 594 295 0
708 957 392 421 0
443 233 222 943 0
623 47 48 856 0
623 856 726 47 0
278 679 677 637 0
332 677 637 1400 0
1400 498 637 332 0
1381 759 279 1378 0
798 1378 1381 279 0
673 233 443 363 0
272 1397 1023 669 0
826 260 724 1119 0
1401 686 311 1186 0
635 642 301 110 0
363 233 443 943 0
828 826 1119 428 0
907 227 1027 1073 0
828 247 826 1380 0
1070 237 1074 1027 0
281 732 736 1014 0
123 310 1095 914 0
310 1095 1093 123 0
861 235 751 851 0
352 851 235 861 0
642 635 576 110 0
584 4 188 614 0
217 976 360 938 0
1081 976 360 217 0
500 293 519 756 0
556 578 293 958 0
554 507 360 976 0
519 293 578 958 0
519 293 958 756 0
293 756 244 308 0
308 556 293 958 0
308 293 756 958 0
976 507 360 938 0
1051 115 574 576 0
554 976 360 1081 0
1336 685 730 1377 0
99 641 265 906 0
641 265 1014 99 0
663 112 175 457 0
682 1312 1291 1271 0
663 457 1303 112 0
302 301 476 632 0
809 478 864 993 0
890 993 864 478 0
492 510 1316 664 0
492 1316 125 664 0
943 728 927 221 0
508 1316 492 510 0
943 728 221 232 0
303 368 694 289 0
289 368 694 582 0
694 368 1390 582 0
962 1086 1376 733 0
1196 585 1289 1255 0
1376 1086 962 528 0
456 799 315 225 0
854 365 648 947 0
752 236 315 799 0
799 380 315 225 0
598 567 452 1011 0
799 236 315 380 0
1175 791 324 1144 0
643 311 791 834 0
526 1175 324 806 0
712 1063 514 831 0
412 1287 514 1063 0
1014 266 1017 723 0
848 83 296 1123 0
332 1076 530 637 0
1076 258 332 946 0
530 946 1076 332 0
1123 83 445 1404 0
1123 83 296 445 0
1005 284 619 923 0
1382 764 921 1383 0
1033 486 203 654 0
486 197 203 654 0
921 764 47 1383 0
921 47 726 1383 0
592 977 350 1418 0
82 1418 977 588 0
328 964 959 849 0
1341 288 1384 1389 0
761 1384 288 1389 0
967 1341 1384 1389 0
291 843 873 477 0
762 477 873 1392 0
942 1392 873 305 0
223 683 397 713 0
427 645 223 683 0
370 246 322 414 0
1016 1085 281 583 0
308 370 310 414 0
1201 162 444 333 0
1119 267 335 367 0
656 267 385 166 0
656 166 335 267 0
724 367 267 1119 0
348 1082 569 837 0
108 1082 348 837 0
198 934 1024 1034 0
779 517 407 282 0
779 854 407 517 0
594 837 108 348 0
935 1236 366 559 0
1017 1307 724 100 0
706 289 876 47 0
706 1386 735 289 0
917 294 97 400 0
706 764 47 876 0
1131 1001 1093 813 0
1113 120 1093 1131 0
884 646 527 516 0
650 812 282 649 0
399 903 968 722 0
649 517 282 650 0
618 349 515 501 0
210 360 228 703 0
860 618 349 515 0
499 910 244 756 0
392 406 196 197 0
406 196 707 392 0
392 197 708 406 0
750 1151 465 462 0
1151 248 465 462 0
1004 732 628 267 0
628 612 1004 267 0
612 830 1004 267 0
980 601 1028 158 0
750 1025 447 449 0
883 828 247 460 0
460 247 883 733 0
1416 680 476 979 0
476 680 319 979 0
979 564 1345 369 0
369 620 1345 979 0
552 599 597 216 0
954 645 223 212 0
347 212 954 223 0
103 578 364 535 0
347 223 699 212 0
223 427 713 727 0
730 275 1375 1378 0
691 684 931 1048 0
979 476 1416 369 0
328 663 175 1010 0
206 1109 871 1122 0
1360 1010 328 508 0
569 328 508 1360 0
559 935 326 657 0
657 559 612 326 0
1009 356 357 314 0
657 935 366 559 0
270 1122 206 491 0
312 1346 391 884 0
1021 884 339 391 0
1021 391 1346 884 0
657 268 935 326 0
871 1109 514 1122 0
270 200 206 1122 0
522 192 981 396 0
778 579 658 84 0
945 246 919 331 0
342 1095 106 556 0
1095 106 556 1093 0
443 340 104 222 0
93 340 104 443 0
1397 669 539 875 0
490 1069 357 1088 0
841 292 291 1388 0
663 1069 357 490 0
449 714 1025 234 0
312 680 1416 979 0
312 564 979 1416 0
449 714 982 1025 0
762 841 291 1388 0
662 298 384 793 0
853 34 1031 237 0
1031 34 853 672 0
672 853 602 34 0
415 525 1327 239 0
1327 722 239 968 0
239 271 805 228 0
805 525 415 239 0
237 853 34 1415 0
1415 602 853 34 0
582 48 419 12 0
582 876 48 12 0
12 1385 582 876 0
667 196 188 373 0
491 1037 522 192 0
270 1111 491 522 0
491 1111 930 905 0
1122 930 491 1111 0
270 1122 491 1111 0
491 192 1111 905 0
491 192 522 1111 0
303 694 735 289 0
1385 582 706 735 0
751 541 453 1079 0
541 236 453 1079 0
289 694 735 582 0
379 541 236 453 0
203 197 938 359 0
407 891 869 854 0
891 874 854 407 0
591 41 878 480 0
1039 693 692 1042 0
892 610 441 778 0
610 892 441 88 0
661 696 394 191 0
347 928 1409 229 0
1317 1055 1045 1314 0
722 1066 459 442 0
227 231 162 1031 0
968 221 271 228 0
239 968 271 228 0
239 968 232 271 0
362 1066 459 722 0
968 221 232 271 0
906 895 641 484 0
397 378 683 229 0
626 336 836 309 0
626 336 309 356 0
866 609 224 671 0
309 513 626 345 0
866 351 671 224 0
345 626 309 356 0
309 513 836 626 0
753 250 469 899 0
1086 34 231 672 0
751 851 899 469 0
362 231 672 1086 0
851 250 899 469 0
465 462 248 481 0
449 427 683 222 0
683 378 449 222 0
747 449 447 222 0
242 235 352 851 0
803 214 337 784 0
803 200 337 214 0
380 236 243 432 0
747 427 449 222 0
853 238 639 963 0
238 853 639 672 0
673 443 1168 363 0
363 271 239 232 0
254 690 1084 247 0
1027 238 1031 853 0
963 238 1027 853 0
255 248 1329 656 0
248 773 656 385 0
255 656 385 248 0
238 1031 853 672 0
1008 1132 1394 307 0
487 250 753 472 0
566 376 769 1267 0
606 376 1267 769 0
866 376 769 566 0
306 1132 1394 1008 0
363 943 271 232 0
259 265 726 1087 0
35 259 240 1087 0
623 726 1087 259 0
363 443 271 943 0
726 624 266 260 0
260 266 367 624 0
166 657 268 261 0
701 354 657 261 0
261 268 354 657 0
465 773 249 482 0
507 209 938 358 0
203 358 976 938 0
1102 262 387 269 0
158 1028 165 155 0
1400 677 637 278 0
358 507 976 938 0
1421 387 677 278 0
1376 800 758 757 0
700 407 510 175 0
277 284 678 151 0
282 1010 650 501 0
277 678 284 390 0
579 636 84 892 0
636 892 1253 84 0
636 1366 1253 892 0
757 758 1375 1116 0
579 558 636 892 0
757 800 758 1116 0
727 645 427 719 0
782 427 645 719 0
264 434 843 417 0
264 109 843 434 0
587 109 843 264 0
870 652 515 832 0
979 680 319 391 0
187 843 417 264 0
187 843 264 587 0
981 192 1068 396 0
981 1068 191 396 0
1068 396 827 857 0
1068 827 396 192 0
251 250 851 383 0
191 396 1068 857 0
383 236 851 251 0
919 148 136 950 0
246 322 950 919 0
239 722 232 968 0
482 426 261 485 0
722 399 232 968 0
832 586 492 651 0
337 900 579 636 0
426 701 261 485 0
636 579 337 558 0
249 353 485 261 0
474 337 558 636 0
282 779 718 457 0
482 261 249 485 0
900 1366 1253 636 0
659 1175 526 806 0
718 314 457 779 0
282 649 718 779 0
718 314 779 649 0
701 485 353 261 0
210 211 221 104 0
340 211 104 222 0
1253 72 74 900 0
206 617 205 687 0
687 22 205 1418 0
203 938 217 359 0
359 938 217 210 0
793 241 673 381 0
298 793 673 381 0
467 1010 989 812 0
307 429 586 370 0
1226 593 478 185 0
586 307 990 429 0
344 242 379 671 0
344 242 671 824 0
988 1392 305 304 0
524 966 104 359 0
524 850 966 359 0
850 217 966 359 0
966 217 104 359 0
642 574 301 110 0
574 642 576 110 0
642 1051 574 576 0
65 373 1053 912 0
751 851 541 1079 0
851 236 541 1079 0
379 851 236 541 0
269 1006 839 633 0
340 645 211 222 0
457 365 407 779 0
291 292 187 1121 0
690 31 247 1086 0
365 403 150 947 0
291 187 292 295 0
365 947 779 403 0
383 851 242 352 0
835 324 680 791 0
134 138 835 119 0
690 31 1084 247 0
690 1084 31 723 0
75 56 571 58 0
455 245 655 685 0
219 245 655 455 0
250 386 487 262 0
458 871 771 961 0
206 1109 458 871 0
1371 655 95 455 0
685 655 455 95 0
386 911 487 262 0
1371 655 455 219 0
386 263 487 911 0
726 47 624 1383 0
1007 98 786 454 0
454 786 1007 951 0
760 47 1383 624 0
760 47 801 1383 0
764 801 47 1383 0
984 615 113 143 0
686 1171 311 834 0
70 79 206 887 0
398 930 1111 829 0
340 222 443 378 0
468 688 1203 502 0
468 292 1203 688 0
296 1034 1024 952 0
1034 198 296 1024 0
670 1013 520 287 0
287 1013 520 1341 0
1127 1233 1142 831 0
829 1127 1142 831 0
1399 967 1013 670 0
199 198 296 1034 0
287 1341 967 1013 0
275 730 455 257 0
441 999 610 88 0
1114 212 199 1034 0
88 610 230 1071 0
1071 610 999 88 0
275 675 257 455 0
857 396 661 191 0
396 696 661 191 0
759 35 675 435 0
758 675 435 759 0
759 675 35 279 0
693 500 1164 692 0
562 492 501 508 0
1378 675 257 275 0
705 313 647 913 0
1008 204 492 508 0
647 913 313 516 0
500 530 1164 692 0
240 1087 560 280 0
280 560 895 1087 0
515 501 650 651 0
463 562 651 650 0
562 651 650 501 0
295 964 587 837 0
295 964 837 569 0
1118 111 573 114 0
210 209 360 548 0
938 210 406 209 0
277 1102 284 354 0
354 262 1102 269 0
938 209 360 210 0
277 262 1102 354 0
432 475 252 799 0
432 475 251 252 0
210 920 548 423 0
432 752 475 799 0
406 210 423 920 0
688 502 1132 1203 0
1382 764 876 921 0
629 1021 339 630 0
752 432 475 251 0
1382 921 240 259 0
876 764 47 921 0
623 47 726 921 0
623 921 726 259 0
936 591 1124 1123 0
960 188 4 1053 0
4 188 631 1053 0
630 391 590 163 0
42 1053 4 889 0
339 593 630 590 0
4 1053 631 889 0
42 960 4 1053 0
260 1119 428 316 0
300 1269 511 924 0
440 922 924 603 0
300 1137 931 653 0
924 922 246 603 0
409 410 212 696 0
410 212 727 409 0
1380 828 247 883 0
883 247 1380 733 0
83 359 952 296 0
925 246 1259 665 0
518 925 331 832 0
832 586 925 331 0
524 83 952 848 0
952 848 83 296 0
925 665 1259 586 0
524 83 359 952 0
731 523 901 766 0
731 1386 901 523 0
714 716 926 234 0
465 716 926 714 0
381 716 234 926 0
381 926 234 1025 0
714 926 1025 234 0
982 714 926 1025 0
1387 731 901 766 0
232 363 420 362 0
1410 363 362 254 0
254 420 363 362 0
354 269 471 1320 0
1002 1334 584 654 0
949 1334 1002 654 0
916 1277 571 1141 0
916 1141 571 202 0
388 195 1347 598 0
678 284 1022 151 0
577 366 1022 1411 0
678 1203 151 1022 0
151 594 1022 1203 0
577 1411 1022 594 0
477 731 355 1392 0
477 290 355 731 0
731 290 355 304 0
500 756 519 506 0
1165 506 500 519 0
81 886 1339 879 0
1388 292 468 688 0
1388 292 151 468 0
1182 327 1298 1330 0
934 710 198 408 0
626 1088 836 336 0
408 782 211 1024 0
408 1024 934 782 0
69 202 58 78 0
707 196 1335 392 0
753 250 899 472 0
751 851 472 899 0
851 250 472 899 0
1341 520 288 709 0
1404 445 64 83 0
1013 301 520 709 0
967 709 1389 301 0
1389 1341 288 709 0
445 450 64 83 0
167 1337 1176 318 0
1201 741 162 227 0
979 564 369 1416 0
238 672 639 362 0
238 362 639 540 0
334 1176 318 167 0
1201 444 162 741 0
393 394 710 198 0
89 1201 741 444 0
89 1201 907 741 0
1095 1093 556 310 0
909 342 1095 106 0
967 287 1013 670 0
1201 741 227 907 0
1398 287 967 670 0
407 1363 860 874 0
492 1259 586 331 0
745 210 425 423 0
210 221 425 423 0
492 130 1259 331 0
903 399 548 220 0
703 399 548 903 0
703 360 228 1327 0
903 360 227 220 0
837 955 587 264 0
587 964 955 837 0
700 407 874 1363 0
331 130 479 492 0
832 492 586 331 0
703 360 1327 903 0
227 360 903 1327 0
331 492 479 832 0
449 982 750 1025 0
381 465 926 1151 0
982 465 1151 926 0
569 1026 508 959 0
569 959 1082 1026 0
710 394 409 198 0
409 394 199 198 0
409 696 199 394 0
1390 973 302 466 0
392 486 1335 845 0
242 235 671 351 0
1199 919 186 331 0
671 235 224 351 0
1020 945 950 919 0
939 419 280 12 0
291 873 295 942 0
291 942 295 841 0
291 942 841 762 0
850 359 744 203 0
762 1392 873 942 0
939 419 561 280 0
1416 395 312 466 0
1025 222 447 449 0
222 378 449 1025 0
986 653 1029 1167 0
1010 718 282 812 0
242 344 1180 1179 0
642 1051 634 1265 0
1177 242 1180 1179 0
305 718 1010 812 0
22 205 270 617 0
346 376 609 433 0
315 609 433 346 0
609 376 1348 433 0
758 675 1378 275 0
1381 789 512 788 0
380 863 772 799 0
772 863 1422 799 0
788 240 12 512 0
375 741 208 493 0
536 741 208 444 0
493 741 208 536 0
617 22 205 687 0
444 208 740 741 0
375 208 741 740 0
477 843 355 297 0
21 843 477 297 0
351 397 483 229 0
843 1016 738 297 0
551 1338 405 1347 0
913 646 313 516 0
460 1066 362 1086 0
551 196 405 1338 0
431 483 397 223 0
374 352 353 250 0
483 397 224 431 0
483 397 351 224 0
353 249 352 256 0
551 196 707 405 0
431 483 223 699 0
788 789 512 12 0
1381 788 512 1354 0
512 788 240 1354 0
1027 1031 238 227 0
782 427 747 222 0
782 427 222 645 0
303 868 368 289 0
425 782 747 222 0
865 993 864 890 0
211 782 425 222 0
211 645 782 222 0
487 262 911 497 0
518 689 832 651 0
651 586 689 832 0
518 689 550 925 0
487 911 755 497 0
869 517 349 407 0
972 867 865 854 0
1226 809 478 339 0
725 367 316 1119 0
98 1415 602 321 0
1383 624 260 316 0
1415 589 321 98 0
790 1415 98 589 0
641 726 1308 1014 0
1415 602 675 98 0
517 407 869 854 0
517 854 869 867 0
861 851 751 469 0
1089 218 1373 333 0
952 1034 1024 211 0
954 211 645 1034 0
954 1034 952 211 0
870 862 652 832 0
218 333 814 1373 0
243 315 379 236 0
243 379 315 230 0
1108 301 635 520 0
1399 1013 301 997 0
997 1013 301 1108 0
1013 1108 520 301 0
204 586 307 1008 0
210 209 548 920 0
406 210 920 209 0
763 920 847 209 0
406 209 920 763 0
151 284 1022 366 0
151 366 1022 577 0
151 577 1022 594 0
920 209 548 847 0
1175 526 1346 659 0
700 457 131 150 0
1329 248 462 481 0
828 1329 462 481 0
700 648 365 150 0
82 591 936 977 0
291 843 417 187 0
308 414 986 509 0
291 295 843 187 0
187 295 843 587 0
644 646 313 913 0
955 109 587 264 0
587 964 109 955 0
459 722 991 232 0
758 435 1379 759 0
240 623 259 921 0
331 1259 586 925 0
425 747 927 222 0
797 245 1375 730 0
689 665 925 586 0
689 665 586 429 0
928 438 848 296 0
952 928 848 296 0
654 197 203 450 0
733 317 962 1086 0
654 197 450 957 0
92 483 1368 351 0
92 351 1368 529 0
586 1259 370 665 0
92 483 351 866 0
92 351 671 866 0
363 443 805 271 0
92 351 529 671 0
1008 348 1132 307 0
779 403 314 457 0
314 320 457 403 0
306 348 1132 1008 0
306 292 1132 348 0
1417 373 389 1338 0
560 48 676 623 0
623 856 48 676 0
1087 560 676 623 0
623 676 726 856 0
623 726 676 1087 0
1369 690 254 540 0
1358 639 690 540 0
405 1347 1338 838 0
196 375 405 1338 0
1358 690 1369 540 0
353 354 262 701 0
779 649 517 282 0
701 262 353 485 0
440 1297 922 603 0
550 440 945 924 0
1210 922 327 1059 0
802 1242 922 945 0
802 922 1210 1059 0
353 354 701 261 0
1070 1027 1201 237 0
385 1049 256 261 0
256 268 353 261 0
249 256 353 261 0
249 385 256 261 0
835 391 324 163 0
184 933 324 163 0
750 233 1151 605 0
1049 261 268 256 0
233 248 1151 605 0
351 1368 1172 229 0
229 954 928 340 0
229 954 340 223 0
491 930 807 905 0
1127 807 930 829 0
406 210 745 423 0
1122 807 491 930 0
373 916 1417 1104 0
930 807 905 829 0
233 605 750 447 0
447 605 750 1019 0
383 242 851 379 0
473 207 580 208 0
411 784 971 214 0
572 207 580 473 0
411 971 213 214 0
1403 487 496 262 0
500 293 756 1350 0
293 499 244 756 0
710 393 198 708 0
757 622 1116 1373 0
1385 788 288 761 0
975 941 476 642 0
476 941 937 642 0
940 1399 575 997 0
940 997 575 822 0
627 445 191 1169 0
393 394 198 1169 0
255 248 298 673 0
255 248 385 298 0
711 398 270 1111 0
670 669 287 852 0
255 662 673 298 0
287 669 670 1398 0
685 455 730 257 0
1336 245 730 685 0
793 298 256 381 0
793 298 384 256 0
384 256 298 1110 0
1028 1171 933 984 0
933 1144 324 791 0
1094 806 1187 1144 0
1094 806 1057 1187 0
984 1171 933 791 0
1017 724 732 100 0
732 724 267 100 0
732 267 1004 100 0
768 1038 346 558 0
436 768 748 784 0
790 495 1415 589 0
520 670 287 852 0
487 911 263 755 0
503 1221 520 852 0
1421 755 263 911 0
348 1026 749 1362 0
92 769 566 866 0
108 749 348 1082 0
348 1026 1082 749 0
227 220 162 231 0
645 727 223 212 0
212 645 727 409 0
257 685 668 1377 0
616 860 515 652 0
364 106 329 597 0
381 249 716 465 0
241 352 234 381 0
92 483 866 566 0
352 716 249 469 0
308 370 504 244 0
668 685 257 95 0
504 244 370 429 0
308 370 244 310 0
429 370 307 244 0
244 1362 370 307 0
244 1362 310 370 0
860 874 891 407 0
313 339 884 391 0
380 432 799 236 0
386 383 374 250 0
386 250 251 383 0
1417 195 1338 388 0
1417 373 1338 195 0
1338 195 1347 388 0
381 385 249 773 0
803 712 200 411 0
411 200 803 214 0
411 398 200 270 0
465 381 249 773 0
270 411 214 200 0
712 398 200 411 0
384 298 662 1110 0
1110 385 1049 256 0
1177 384 793 662 0
820 480 627 41 0
480 41 878 627 0
1101 1412 547 882 0
868 368 939 815 0
983 1006 387 285 0
983 284 387 619 0
390 284 387 983 0
983 619 387 1006 0
679 983 1032 285 0
679 983 390 1032 0
326 1049 268 1228 0
1025 378 449 234 0
377 218 333 444 0
377 333 218 1089 0
856 583 1072 676 0
856 1308 281 583 0
1401 940 575 822 0
339 129 590 391 0
391 339 630 590 0
65 667 42 1053 0
65 1053 42 912 0
965 952 524 340 0
965 340 524 93 0
912 1053 42 889 0
550 924 246 1096 0
779 478 314 403 0
466 395 312 343 0
408 425 211 782 0
410 783 699 213 0
783 213 711 411 0
971 784 433 346 0
182 806 1094 1178 0
785 481 1206 1395 0
659 1175 806 1173 0
482 785 481 1206 0
1349 498 787 637 0
1075 291 1388 762 0
500 498 530 637 0
1164 500 498 530 0
787 498 500 637 0
431 699 223 727 0
860 479 515 652 0
479 860 515 618 0
652 479 515 832 0
191 981 396 696 0
416 643 791 834 0
984 791 476 311 0
984 1171 791 311 0
665 370 429 509 0
509 504 370 429 0
352 249 381 256 0
945 246 950 919 0
550 945 246 924 0
945 922 950 246 0
312 313 564 644 0
945 440 922 924 0
352 249 716 381 0
1359 499 390 278 0
499 390 811 1402 0
502 499 811 1402 0
692 1039 1076 258 0
387 1166 619 1102 0
269 1006 1166 839 0
1229 1102 619 1166 0
387 269 1006 1166 0
676 1072 560 844 0
1386 290 47 523 0
731 290 1386 523 0
676 560 895 844 0
759 1379 1382 435 0
677 1032 285 679 0
278 1032 679 390 0
677 1032 679 278 0
1382 1379 259 435 0
1379 1382 259 734 0
435 484 259 35 0
870 616 515 652 0
333 418 814 1065 0
352 469 851 861 0
942 305 467 1392 0
540 238 415 963 0
415 238 540 239 0
1378 1377 257 798 0
1121 187 417 612 0
92 894 588 769 0
352 241 234 242 0
91 554 817 741 0
352 242 234 235 0
291 417 1121 187 0
319 128 896 835 0
242 351 234 235 0
240 48 560 623 0
242 241 234 351 0
200 413 337 900 0
898 916 912 44 0
1407 996 491 1015 0
201 200 900 413 0
45 206 897 63 0
66 1037 1407 480 0
1336 797 245 371 0
63 871 61 45 0
45 32 871 61 0
368 939 815 975 0
868 804 107 815 0
91 741 907 227 0
91 741 817 907 0
92 894 769 908 0
894 565 558 90 0
750 605 462 1019 0
682 1312 1271 1278 0
791 632 476 311 0
395 643 791 416 0
643 395 791 632 0
469 249 485 715 0
469 250 753 485 0
346 768 337 784 0
564 913 705 464 0
464 303 705 564 0
560 1072 419 844 0
710 708 198 408 0
333 746 162 418 0
71 840 73 572 0
333 1065 746 418 0
1253 900 84 72 0
461 124 956 780 0
635 1051 642 576 0
525 93 228 805 0
750 605 1151 462 0
605 248 1151 462 0
308 958 506 1361 0
1361 958 506 578 0
575 997 301 822 0
1091 1160 776 1158 0
809 1226 478 185 0
357 320 1303 457 0
357 314 457 718 0
357 320 457 314 0
718 457 357 663 0
357 1303 663 457 0
289 1386 47 706 0
706 1386 47 764 0
810 1167 1029 1030 0
977 438 350 591 0
350 974 438 1114 0
350 438 974 591 0
1068 192 480 1018 0
1068 827 192 1050 0
1076 552 543 1042 0
1042 543 1076 1039 0
811 299 348 594 0
678 390 811 299 0
894 565 606 558 0
700 407 1363 510 0
931 137 322 120 0
414 1113 931 322 0
414 573 931 1113 0
811 499 910 244 0
910 811 244 1351 0
1344 400 1352 96 0
688 306 1393 292 0
608 859 1272 917 0
1132 292 306 688 0
1125 580 720 572 0
578 573 813 1118 0
573 118 1113 625 0
494 1388 151 468 0
779 890 314 478 0
779 993 890 478 0
1121 187 151 292 0
494 1388 1121 151 0
1388 292 1121 151 0
821 584 1334 1174 0
654 1334 584 1174 0
960 1174 654 584 0
492 125 130 664 0
725 760 428 316 0
316 760 428 1383 0
725 286 428 760 0
558 376 1003 346 0
769 376 1003 558 0
1038 1003 558 230 0
230 769 1003 558 0
538 418 814 970 0
1038 1003 346 558 0
605 1329 462 420 0
815 309 513 107 0
317 435 484 259 0
35 1087 484 259 0
423 221 425 728 0
466 343 312 644 0
197 210 745 406 0
406 210 938 197 0
359 197 938 210 0
1344 400 96 917 0
917 252 1272 400 0
697 148 919 164 0
47 281 856 726 0
1085 856 281 583 0
405 838 1338 375 0
279 454 257 675 0
838 208 195 375 0
1338 838 195 375 0
574 113 615 110 0
1378 279 257 675 0
390 499 293 278 0
278 679 293 390 0
898 373 916 202 0
62 898 916 67 0
278 293 679 637 0
499 278 1350 293 0
1350 278 637 293 0
590 391 129 896 0
45 897 206 491 0
63 897 68 206 0
507 360 209 741 0
227 741 220 360 0
554 360 507 741 0
1393 688 1394 306 0
306 688 1394 1132 0
91 360 741 227 0
741 209 220 360 0
986 414 653 300 0
91 360 554 741 0
300 653 931 414 0
695 664 479 130 0
291 292 841 295 0
221 703 228 968 0
703 1327 228 968 0
1327 968 239 228 0
703 903 1327 968 0
1248 1056 1233 1142 0
518 689 925 832 0
832 925 586 689 0
505 1005 597 285 0
504 244 429 1351 0
1351 429 307 244 0
310 322 123 1113 0
580 85 882 1041 0
693 578 1097 810 0
414 310 322 370 0
414 1113 322 310 0
810 573 578 111 0
1090 1140 579 84 0
47 1085 929 856 0
558 610 88 892 0
47 856 281 1085 0
1399 670 1013 997 0
138 134 835 161 0
119 138 984 117 0
984 835 138 119 0
43 33 932 1280 0
58 1280 56 571 0
512 240 280 35 0
1286 141 154 156 0
950 156 141 1286 0
950 322 931 137 0
512 951 35 280 0
336 1413 297 836 0
336 309 1413 836 0
936 591 1123 977 0
513 309 836 107 0
98 1007 786 674 0
102 786 951 674 0
722 903 227 220 0
968 903 1327 722 0
227 903 722 1327 0
859 917 855 1272 0
1344 859 917 855 0
371 655 245 685 0
859 855 94 863 0
371 167 245 655 0
855 776 863 252 0
1036 363 1410 254 0
219 655 245 167 0
1370 257 1372 454 0
700 457 407 175 0
1239 545 454 1372 0
1372 545 257 668 0
457 407 365 700 0
365 150 457 700 0
273 102 280 561 0
273 102 561 1052 0
370 246 414 509 0
689 1096 665 509 0
391 896 590 149 0
391 163 149 590 0
380 681 94 863 0
1071 230 243 380 0
543 1352 1076 258 0
708 957 421 393 0
476 574 984 311 0
835 984 680 319 0
510 700 664 695 0
78 473 202 571 0
78 473 571 75 0
572 473 571 739 0
200 330 474 458 0
77 458 206 474 0
254 1084 826 247 0
826 247 1329 254 0
437 842 263 400 0
498 842 332 1400 0
247 1084 826 1380 0
488 263 437 842 0
843 434 1016 361 0
844 804 419 561 0
487 263 754 755 0
844 419 280 561 0
1199 919 1020 186 0
1020 919 164 186 0
1020 1200 1199 186 0
673 443 233 378 0
164 186 1200 1020 0
392 821 1174 845 0
394 1169 846 825 0
846 394 393 1169 0
1180 374 383 352 0
344 242 1180 383 0
242 383 352 1180 0
344 383 1180 341 0
557 383 1180 374 0
341 383 1180 557 0
341 633 557 1012 0
1229 471 1102 839 0
387 1166 1102 269 0
1229 839 1102 1166 0
354 1102 471 269 0
922 950 1216 1059 0
1084 265 266 726 0
1014 266 265 726 0
313 461 356 314 0
705 314 313 356 0
364 556 106 535 0
313 478 461 314 0
1052 503 273 101 0
1221 670 852 1237 0
852 272 273 101 0
852 1218 272 101 0
1218 669 852 272 0
321 1415 602 853 0
430 838 405 740 0
405 838 375 740 0
1415 1080 853 321 0
78 571 202 58 0
254 1084 724 826 0
724 826 1329 254 0
826 1084 724 260 0
638 559 264 1236 0
326 559 638 1236 0
638 830 326 1236 0
206 458 61 871 0
984 835 119 319 0
219 334 795 495 0
825 857 191 808 0
845 858 188 819 0
273 1052 939 520 0
520 105 1052 939 0
691 931 1137 653 0
684 1207 931 1048 0
442 746 231 757 0
477 843 21 291 0
1387 477 21 291 0
235 397 234 451 0
397 235 224 451 0
763 423 847 920 0
406 920 423 763 0
423 920 548 847 0
423 595 847 548 0
442 1376 757 231 0
681 432 863 380 0
94 863 772 380 0
776 863 877 855 0
408 198 934 1024 0
1218 1023 272 545 0
1217 1023 545 668 0
359 198 1024 296 0
192 5 1407 480 0
442 231 1066 1376 0
308 504 986 506 0
308 756 504 506 0
104 210 217 228 0
104 221 210 228 0
228 210 217 360 0
450 445 994 198 0
198 994 450 190 0
750 233 447 1025 0
1025 233 447 222 0
233 378 222 1025 0
76 458 330 57 0
1083 483 566 347 0
1083 483 92 566 0
76 57 330 74 0
868 929 107 1072 0
868 1413 107 929 0
690 253 672 639 0
1358 253 690 639 0
475 437 251 252 0
291 477 873 762 0
22 711 698 213 0
291 762 873 942 0
410 698 711 213 0
1387 291 762 477 0
1415 226 34 1116 0
733 31 317 1086 0
675 226 602 1415 0
789 12 288 273 0
288 12 789 788 0
1384 788 288 789 0
289 876 48 582 0
582 1385 706 876 0
1385 876 12 788 0
289 47 48 876 0
521 203 217 850 0
560 1072 676 48 0
939 105 561 804 0
868 48 419 582 0
776 855 877 96 0
65 373 1339 667 0
65 667 1033 42 0
187 594 292 295 0
1327 525 415 794 0
1327 1081 525 794 0
1114 296 438 928 0
204 492 125 1259 0
1114 974 438 296 0
1114 296 928 1034 0
1114 199 974 296 0
1114 199 296 1034 0
295 328 569 1360 0
295 1360 569 306 0
187 594 151 292 0
984 113 615 574 0
41 627 1404 878 0
808 480 191 627 0
480 627 878 191 0
65 373 898 879 0
476 319 122 979 0
975 476 941 369 0
476 369 122 941 0
1053 373 631 889 0
915 889 4 631 0
898 67 879 202 0
81 879 1339 65 0
880 897 206 68 0
82 205 880 66 0
128 126 319 881 0
1032 983 387 285 0
1032 983 390 387 0
677 387 285 1032 0
278 387 1032 390 0
677 387 1032 278 0
356 304 336 303 0
189 355 304 336 0
511 1150 1129 1269 0
304 357 336 355 0
304 336 357 356 0
752 315 456 799 0
782 645 211 1034 0
1024 782 211 1034 0
934 1024 1034 782 0
544 580 86 1128 0
810 578 103 111 0
1040 111 810 103 0
312 884 313 646 0
659 1175 646 1346 0
1140 579 84 658 0
526 324 1175 1346 0
45 206 871 491 0
67 916 202 898 0
218 970 814 444 0
124 881 1345 885 0
1031 34 672 231 0
80 69 202 886 0
814 444 970 418 0
1120 1162 194 1145 0
44 916 889 25 0
22 411 214 270 0
22 214 411 213 0
411 711 22 213 0
411 270 22 711 0
341 386 918 383 0
732 1017 266 724 0
971 784 346 214 0
376 214 971 346 0
737 628 736 361 0
971 376 213 214 0
315 1038 610 230 0
768 315 346 1038 0
315 1003 1038 230 0
315 1003 346 1038 0
610 1038 315 768 0
359 1024 952 296 0
1259 902 322 893 0
919 1259 322 893 0
1052 503 520 273 0
820 627 1103 41 0
348 1026 569 1082 0
1229 471 1236 533 0
1229 533 1236 1411 0
1008 569 348 1026 0
306 569 348 1008 0
491 1407 1037 192 0
1037 1407 480 192 0
895 280 674 948 0
1089 371 797 1374 0
371 1089 797 245 0
271 104 93 228 0
805 271 93 228 0
443 271 93 805 0
608 341 386 918 0
1372 545 1217 101 0
358 375 1339 507 0
507 375 209 358 0
608 633 386 341 0
375 1339 196 358 0
608 918 386 1272 0
1272 608 294 386 0
989 306 562 1360 0
989 306 463 562 0
463 562 306 1008 0
606 214 558 474 0
438 848 296 1123 0
322 914 127 902 0
902 127 322 893 0
839 471 1102 269 0
839 269 1102 1166 0
438 974 1123 296 0
1123 296 974 445 0
544 580 1128 85 0
629 630 339 593 0
203 904 1189 654 0
693 613 1097 578 0
774 225 1156 1154 0
225 532 1156 1154 0
760 21 624 446 0
242 241 351 529 0
1177 241 242 529 0
491 192 905 5 0
827 905 192 1050 0
26 45 491 996 0
1252 26 491 996 0
612 559 264 638 0
326 559 612 638 0
612 830 326 638 0
575 301 311 822 0
632 301 476 311 0
575 301 632 311 0
476 301 574 311 0
822 301 311 574 0
907 741 817 89 0
439 908 230 90 0
90 230 769 908 0
908 894 769 90 0
591 981 199 698 0
394 696 199 191 0
698 199 696 981 0
191 981 696 199 0
584 1002 654 960 0
1123 445 974 878 0
1123 1404 445 878 0
203 1033 654 1189 0
1008 508 1026 204 0
617 606 22 687 0
1361 573 653 414 0
204 978 508 1026 0
1106 816 949 470 0
653 1029 573 1361 0
486 957 654 1174 0
391 680 319 835 0
912 373 1053 889 0
1375 1116 758 275 0
886 621 493 80 0
620 885 1345 979 0
721 796 327 1298 0
1386 289 47 290 0
289 290 600 47 0
289 189 600 290 0
792 89 87 549 0
795 792 998 549 0
795 334 377 1078 0
89 549 1201 444 0
868 309 107 1413 0
999 681 441 380 0
88 1071 230 90 0
1413 309 107 836 0
134 319 835 128 0
149 163 835 161 0
134 149 835 161 0
134 135 835 149 0
33 1280 1262 932 0
62 916 44 58 0
1280 44 916 58 0
67 916 58 202 0
778 610 775 658 0
775 610 225 658 0
495 795 1415 1080 0
237 795 1080 1415 0
1259 331 919 246 0
1259 1328 919 331 0
1328 893 919 1408 0
950 148 164 919 0
186 1328 919 697 0
550 640 802 1242 0
635 634 520 642 0
635 520 634 1052 0
1049 326 830 1228 0
609 376 224 1348 0
279 1007 35 951 0
454 951 1007 279 0
203 197 486 358 0
358 486 203 1033 0
486 667 358 196 0
667 358 1033 486 0
525 966 228 93 0
350 1114 928 212 0
340 954 928 952 0
592 350 928 212 0
347 928 212 592 0
347 954 928 229 0
1008 508 569 1026 0
1085 1413 929 583 0
600 1413 929 1085 0
48 856 929 1072 0
626 357 1069 1088 0
856 583 929 1072 0
956 320 1367 1303 0
600 47 929 48 0
780 956 320 1367 0
868 600 929 48 0
214 617 606 22 0
474 606 214 617 0
455 257 1370 454 0
786 454 1239 951 0
95 1371 455 1370 0
154 1195 140 141 0
917 776 252 400 0
1280 56 571 55 0
1280 571 932 55 0
400 96 917 776 0
400 776 1406 1146 0
400 776 252 1406 0
286 276 1395 193 0
276 166 335 1395 0
276 335 725 1395 0
400 96 776 1146 0
725 276 1395 286 0
193 1395 166 276 0
945 802 550 1199 0
550 1242 802 945 0
569 959 837 1082 0
569 959 964 837 0
906 99 1358 253 0
1113 120 931 322 0
792 1070 1201 237 0
1113 573 931 118 0
647 314 890 516 0
698 981 396 522 0
322 1259 919 246 0
698 696 396 981 0
381 1151 1025 233 0
982 1151 750 1025 0
573 625 1118 118 0
1151 233 750 1025 0
381 248 1151 233 0
878 445 627 1404 0
795 792 549 237 0
305 718 1009 357 0
988 305 718 1009 0
1195 146 1048 1043 0
1298 1330 327 1340 0
273 561 939 1052 0
1076 1352 332 258 0
391 896 149 835 0
63 871 206 61 0
58 202 916 571 0
1096 924 246 509 0
1000 882 218 580 0
135 835 896 128 0
493 202 195 1339 0
544 85 882 580 0
896 135 149 835 0
1026 204 1362 307 0
1026 204 749 1362 0
1096 246 925 665 0
1008 204 1026 307 0
509 246 665 370 0
1096 246 665 509 0
1096 246 550 925 0
546 207 1101 1041 0
692 258 1076 946 0
947 150 648 185 0
524 340 104 93 0
3 1104 631 781 0
631 1104 1417 781 0
561 280 948 102 0
295 587 568 843 0
587 109 568 843 0
844 280 948 561 0
3 1104 889 631 0
478 553 339 313 0
314 516 478 890 0
461 553 478 313 0
373 1104 1417 631 0
631 373 1104 889 0
823 821 1334 957 0
827 1111 396 192 0
459 420 460 362 0
950 137 931 141 0
950 156 137 141 0
950 137 156 148 0
508 978 959 1026 0
823 846 393 190 0
681 863 432 859 0
458 1109 200 771 0
771 1109 200 514 0
206 200 1109 1122 0
1109 200 514 1122 0
819 188 845 389 0
206 200 458 1109 0
845 821 1174 858 0
865 993 890 779 0
614 4 188 631 0
821 392 957 421 0
823 957 190 393 0
421 957 821 823 0
250 386 262 353 0
557 353 386 374 0
374 353 386 250 0
557 353 269 386 0
386 269 262 353 0
821 584 1174 858 0
343 312 1346 324 0
791 312 343 324 0
343 312 646 1346 0
416 834 791 1144 0
559 1236 366 448 0
338 401 546 207 0
207 402 401 546 0
207 402 739 401 0
65 81 1033 667 0
667 1053 188 960 0
960 1002 770 42 0
1002 960 4 42 0
64 450 994 470 0
445 994 64 450 0
57 961 54 36 0
190 570 816 823 0
1189 1033 42 65 0
453 236 752 1079 0
509 511 300 986 0
300 924 511 509 0
1105 806 1057 1094 0
1094 1187 933 1144 0
1057 1094 1028 1343 0
526 324 1021 184 0
526 324 1346 1021 0
1021 391 324 1346 0
163 1021 324 184 0
163 1021 391 324 0
494 701 261 426 0
550 246 945 331 0
518 925 550 331 0
925 246 550 331 0
550 945 1199 331 0
1199 550 331 518 0
402 970 538 207 0
538 970 1412 207 0
1229 619 284 923 0
430 208 740 418 0
430 1347 405 838 0
270 398 200 1122 0
514 200 398 1122 0
398 712 200 514 0
517 854 972 779 0
338 1035 572 1041 0
1041 1035 572 85 0
1346 527 660 526 0
973 575 632 395 0
973 1416 302 466 0
973 632 302 1416 0
974 296 199 445 0
974 445 199 878 0
350 199 974 1114 0
350 974 199 591 0
591 878 974 199 0
45 32 26 871 0
24 871 26 32 0
1120 1145 194 1098 0
1060 1264 767 1098 0
767 1145 1098 1264 0
1365 1120 1240 1098 0
1209 1098 1264 1060 0
1098 1240 1365 1209 0
765 1257 323 1143 0
338 739 401 207 0
338 401 739 452 0
572 338 207 739 0
246 603 931 300 0
603 950 246 931 0
246 931 322 414 0
246 931 414 300 0
950 322 246 931 0
709 975 288 302 0
302 368 975 288 0
301 975 476 642 0
302 369 975 368 0
302 476 975 369 0
634 642 937 1064 0
1225 691 653 1167 0
349 515 869 860 0
653 691 1030 1167 0
1225 1062 691 1167 0
691 114 573 1030 0
338 572 207 1041 0
338 207 546 1041 0
822 574 615 110 0
822 301 574 110 0
953 900 1355 1090 0
1355 900 72 84 0
953 1357 900 1090 0
215 1090 900 1357 0
1422 424 1158 702 0
182 806 1105 1094 0
1157 1094 1257 323 0
534 834 1107 1159 0
416 534 1107 1178 0
649 314 779 890 0
1178 534 1107 1159 0
795 1078 549 998 0
534 834 416 1107 0
999 681 380 1071 0
202 1417 1141 195 0
373 202 195 1417 0
916 1417 1141 202 0
202 373 916 1417 0
980 1028 601 1149 0
765 1028 1257 537 0
1028 537 1343 1257 0
1149 601 1054 1028 0
1105 1057 1343 1094 0
933 835 324 163 0
933 181 161 163 0
933 1117 1144 1171 0
1054 1171 1117 1028 0
980 1149 765 1028 0
944 691 114 142 0
691 931 142 1048 0
691 142 931 114 0
1343 176 537 1028 0
664 510 695 479 0
116 141 931 118 0
116 931 141 140 0
73 571 56 55 0
75 571 56 73 0
73 571 55 71 0
1343 176 1028 1057 0
57 74 54 330 0
984 138 139 115 0
984 117 138 115 0
1197 572 571 452 0
119 319 476 984 0
338 572 1197 452 0
201 1261 953 888 0
1364 186 1328 331 0
819 818 631 704 0
818 631 704 1417 0
631 781 1417 818 0
506 1361 1029 986 0
1167 1029 986 506 0
464 466 564 644 0
988 987 1009 647 0
1098 1296 961 1060 0
718 1009 649 988 0
463 1008 990 651 0
1008 586 990 651 0
1296 1293 1098 961 0
1008 307 990 586 0
1098 1293 1365 961 0
991 399 423 728 0
468 992 277 496 0
993 478 947 185 0
142 140 931 114 0
809 478 993 185 0
142 931 140 1195 0
1100 994 470 64 0
1112 1258 1223 1152 0
1135 1112 1130 1312 0
1198 1112 1223 1152 0
742 1147 1241 1161 0
1161 1115 1147 1241 0
1115 1241 1235 1147 0
1107 834 1144 1117 0
1171 1117 1144 834 0
751 851 1079 472 0
851 236 1079 472 0
1008 651 562 492 0
1079 236 752 472 0
1115 1183 1224 1241 0
470 654 770 904 0
391 881 896 319 0
822 997 301 110 0
997 670 1013 1108 0
998 792 87 549 0
998 1078 549 87 0
636 892 611 1366 0
380 681 243 1071 0
1094 1117 1028 1257 0
1054 1117 1149 1028 0
334 1176 377 1078 0
377 1176 1000 1078 0
1176 86 544 1000 0
439 609 379 230 0
802 1200 950 1059 0
439 671 379 609 0
439 609 866 671 0
897 880 205 66 0
1259 914 902 130 0
771 1287 1145 514 0
1259 125 914 130 0
130 902 1259 893 0
65 879 1339 373 0
871 514 771 1145 0
881 391 129 1345 0
182 1094 1105 178 0
1094 178 1178 1157 0
182 1178 1094 178 0
1407 5 192 491 0
1407 1037 897 491 0
833 1320 471 839 0
755 488 498 842 0
365 150 648 947 0
498 488 1092 842 0
514 1287 1145 1162 0
1162 514 1287 1063 0
3 1249 1104 781 0
1104 1249 1417 781 0
777 1247 1155 60 0
579 558 892 610 0
1287 1063 1332 1162 0
1287 1063 1155 1332 0
649 779 517 972 0
888 1120 1318 1047 0
1247 888 201 1231 0
817 741 493 536 0
799 424 1422 1156 0
621 741 493 817 0
89 536 741 817 0
1127 807 1122 930 0
1233 1127 807 1122 0
398 930 1122 1111 0
270 398 1122 1111 0
1385 288 582 1390 0
1385 761 288 1390 0
1385 582 735 1390 0
1094 1144 933 1117 0
802 922 950 945 0
1387 477 1392 731 0
1387 762 1392 477 0
802 950 922 1059 0
802 945 950 1020 0
1200 1020 802 950 0
464 1391 987 303 0
705 314 356 1009 0
1009 987 705 647 0
647 705 1009 314 0
466 1416 302 564 0
464 466 1390 666 0
1061 401 338 452 0
452 1011 1223 1198 0
562 1010 1360 508 0
1360 305 1010 467 0
989 562 1010 1360 0
595 220 722 442 0
693 1164 500 1165 0
1373 1116 1375 797 0
757 1116 1375 1373 0
897 1037 1407 66 0
820 1018 808 480 0
996 491 5 1407 0
1130 1112 1258 1312 0
1280 25 916 44 0
77 79 563 474 0
1262 25 916 1280 0
1314 1148 1317 1055 0
164 148 950 156 0
452 1011 1198 401 0
452 401 1198 1061 0
398 514 1127 831 0
1015 1407 897 491 0
86 1128 580 87 0
829 398 1127 831 0
398 1127 930 829 0
398 1127 1122 930 0
514 398 1127 1122 0
886 493 202 80 0
578 813 535 1118 0
886 202 493 1339 0
820 5 1018 480 0
52 330 72 1355 0
54 52 330 72 0
511 1150 1238 1129 0
1297 1340 1134 1304 0
1248 1056 1142 2 0
1067 1056 1145 1248 0
1067 1056 1248 2 0
141 1195 1207 1286 0
92 866 439 908 0
92 908 769 866 0
950 1286 141 1207 0
1073 907 227 91 0
1188 232 1019 459 0
459 420 1019 460 0
391 163 630 1021 0
54 72 330 74 0
141 1195 931 1207 0
950 1207 141 931 0
1133 1279 534 1159 0
1143 1257 323 1157 0
1297 1330 1311 1134 0
1126 1276 1183 1224 0
1136 1063 1193 1162 0
957 197 392 486 0
486 197 654 957 0
1054 1309 1149 1117 0
834 1309 1117 1159 0
834 1117 1107 1159 0
854 947 779 365 0
836 297 583 1413 0
503 852 273 101 0
1218 852 1237 101 0
810 1030 573 111 0
1108 520 635 1221 0
635 1221 520 503 0
1221 1108 520 670 0
273 939 561 280 0
868 419 939 582 0
57 32 961 36 0
123 127 322 914 0
458 32 871 961 0
1257 1143 1099 1157 0
1028 161 155 138 0
138 1028 933 984 0
138 933 1028 161 0
1028 138 139 984 0
691 1225 1137 684 0
139 138 1028 155 0
511 1150 1137 1225 0
1137 603 1269 300 0
603 1269 1150 1137 0
300 511 1137 653 0
691 1137 1225 653 0
1138 1058 1292 1181 0
1138 1292 1184 1181 0
108 299 923 1411 0
794 1073 415 1327 0
91 1073 1327 227 0
929 583 107 1072 0
473 195 1141 739 0
933 163 161 835 0
184 163 181 933 0
473 195 202 1141 0
1057 181 1028 933 0
60 1155 1139 1332 0
60 1139 50 1332 0
831 1248 1142 1213 0
1030 114 573 111 0
1030 573 1029 810 0
944 114 1030 111 0
116 931 573 118 0
888 201 330 953 0
888 330 1355 953 0
984 115 574 117 0
1143 323 1185 1157 0
119 574 117 984 0
75 572 571 73 0
73 571 71 572 0
75 473 571 572 0
416 1107 1144 1178 0
42 1033 960 667 0
1189 42 960 770 0
1033 960 1189 42 0
310 123 1093 1113 0
1120 961 1231 1145 0
520 975 939 288 0
33 44 1280 58 0
33 25 1280 44 0
1262 25 1280 33 0
478 325 185 593 0
54 961 330 52 0
1355 330 888 52 0
52 330 888 961 0
589 495 1415 1080 0
1037 591 522 480 0
944 114 691 1030 0
654 1002 949 770 0
388 1147 1417 567 0
388 1147 567 742 0
742 1147 567 1241 0
679 293 613 637 0
871 206 1122 491 0
871 1122 807 491 0
1100 470 1106 949 0
781 1058 1147 1273 0
1273 1115 1058 1147 0
1041 207 1412 580 0
1041 572 207 580 0
440 1269 1297 603 0
1150 327 684 1311 0
1269 1297 1129 440 0
1150 327 1311 1297 0
24 26 871 6 0
693 613 1042 1097 0
1040 1042 1039 103 0
1040 693 1042 1097 0
693 500 1042 613 0
543 1039 1042 1077 0
319 126 885 881 0
879 886 202 69 0
1199 945 802 1020 0
70 206 880 887 0
1149 1117 765 1028 0
1149 1309 1290 1117 0
1309 1149 1290 1324 0
792 89 1201 1070 0
89 792 1201 549 0
939 804 561 419 0
1052 105 561 939 0
1289 1241 1312 1223 0
1241 567 1223 1192 0
1223 1289 1241 1192 0
1241 1011 1223 567 0
1292 567 1241 1192 0
1312 1135 1011 1241 0
416 343 1175 791 0
403 780 478 461 0
1112 49 1152 59 0
1198 1112 1152 59 0
1190 1198 1152 59 0
156 950 180 1286 0
1289 1196 1291 1312 0
156 950 164 180 0
1319 1152 49 59 0
1190 1152 1319 59 0
777 201 1357 413 0
777 412 201 413 0
1153 413 777 1357 0
687 205 887 82 0
620 124 1345 885 0
338 1035 1208 1197 0
338 572 1035 1197 0
81 886 621 1339 0
1054 834 1117 1171 0
1028 1117 933 1171 0
1249 1058 1263 1181 0
25 3 1262 916 0
1343 1157 173 178 0
164 950 1200 180 0
1275 1133 1178 1157 0
909 299 923 108 0
994 450 190 470 0
470 450 190 957 0
1327 360 228 1081 0
91 554 360 1081 0
1133 1279 1159 1185 0
228 1081 525 1327 0
1054 147 1028 601 0
1159 1309 1117 1290 0
1159 1117 1107 323 0
1161 1115 1241 1183 0
1175 1178 1144 806 0
1175 1178 806 1173 0
344 243 995 439 0
1161 1273 1115 1 0
1161 1241 1135 1183 0
255 385 100 1110 0
1228 1049 1110 830 0
20 961 1060 1301 0
1296 20 961 1060 0
1120 1145 1287 1162 0
1136 1162 1193 1266 0
1205 1248 1162 1193 0
1307 255 724 100 0
822 311 686 574 0
311 984 686 574 0
1187 933 324 184 0
933 181 1028 161 0
1187 181 933 184 0
1197 1277 452 571 0
1018 192 480 5 0
1050 905 192 5 0
1018 1050 192 5 0
1197 452 1277 1192 0
1056 871 807 6 0
1192 1223 452 567 0
1105 1094 1343 178 0
1314 452 1197 1192 0
1192 452 1223 1314 0
60 1332 1247 1155 0
1139 1155 1136 1332 0
1173 1178 806 182 0
1055 1170 682 1289 0
1170 1194 1255 1222 0
1248 1162 1145 194 0
1213 1193 1248 2 0
765 537 1257 1099 0
1222 1270 1292 1310 0
228 966 525 1081 0
1343 1257 537 1099 0
1200 180 950 1059 0
1286 950 180 1059 0
1292 1241 567 1249 0
180 1202 1286 1059 0
1249 567 1147 1241 0
1120 1145 1098 961 0
1060 1098 767 961 0
767 1145 961 1098 0
1365 1120 1098 961 0
1365 1120 961 1047 0
963 238 1073 1027 0
963 1358 540 639 0
1112 1312 1223 1258 0
961 52 1326 1047 0
1258 1312 1223 1219 0
1219 1152 49 1319 0
684 1182 1048 1313 0
1207 1048 327 1195 0
1043 1048 1182 1313 0
684 327 1207 1048 0
961 46 1326 52 0
980 1149 601 1323 0
1184 1270 1310 1292 0
765 165 980 1028 0
980 158 1028 165 0
1186 686 834 1283 0
1186 834 643 534 0
526 1187 324 184 0
526 324 1187 806 0
1178 1159 1107 323 0
985 720 473 78 0
1157 1178 1094 323 0
781 1249 1147 1058 0
1286 1059 1211 327 0
327 1211 1286 1204 0
1178 806 1094 1144 0
1257 1094 1117 323 0
1107 1117 1144 1094 0
1178 1107 1094 323 0
1178 1107 1144 1094 0
1159 1279 534 1309 0
1186 1309 534 132 0
1312 1011 1223 1241 0
721 1286 327 796 0
1011 1312 1223 1112 0
684 327 1048 1182 0
97 859 608 917 0
1195 327 1207 1286 0
684 1311 327 1182 0
1120 1365 1306 1047 0
949 816 1334 470 0
1183 1215 1243 1241 0
1323 601 1324 1149 0
1149 601 1324 1054 0
1313 1182 1043 1299 0
1246 1264 1251 767 0
1145 1067 11 1056 0
767 1067 1145 1264 0
765 537 171 1028 0
871 6 1056 11 0
1046 452 1197 1314 0
1159 1185 1279 1309 0
1152 1258 1223 1219 0
1219 1223 1152 1319 0
1324 1279 1185 1309 0
388 1417 195 1141 0
159 1323 152 1185 0
168 1286 172 721 0
1204 1286 721 172 0
1060 1264 1246 767 0
388 195 598 1141 0
1190 452 1061 338 0
1323 1324 152 1185 0
598 195 739 1141 0
1225 1232 691 1062 0
686 143 984 1171 0
1171 984 1028 143 0
1171 686 311 984 0
349 517 650 282 0
1046 1197 1321 1314 0
1046 1197 1281 1208 0
59 1198 1061 1190 0
1219 1312 682 1278 0
1248 1193 1205 2 0
194 1067 1145 1248 0
520 634 975 642 0
132 1245 1309 1279 0
1245 1283 132 1309 0
1043 796 1286 157 0
721 1286 796 157 0
432 607 681 859 0
3 889 915 631 0
579 778 892 84 0
900 579 215 337 0
1209 1246 194 1220 0
1125 720 580 87 0
1125 1128 580 840 0
1128 85 580 840 0
580 87 1128 1125 0
201 1261 1357 953 0
1309 1245 1324 1279 0
1150 327 1207 684 0
603 1150 327 1207 0
603 1216 950 1207 0
950 1216 1286 1207 0
338 572 452 739 0
1258 1278 1312 1219 0
1133 534 1178 1159 0
1113 625 1131 813 0
1118 535 578 103 0
388 818 1417 1147 0
389 1338 1347 388 0
781 1147 1417 818 0
818 388 1417 704 0
496 992 277 497 0
1208 1035 53 1197 0
1046 1197 1208 1321 0
610 225 380 775 0
440 922 1297 1210 0
802 922 1242 1210 0
802 1210 1242 1260 0
1246 194 1205 1251 0
1211 1059 1210 327 0
808 1068 191 480 0
808 1068 480 1018 0
857 1068 191 808 0
470 450 957 654 0
956 320 1303 1069 0
1071 439 230 90 0
1072 868 419 804 0
1244 1332 1284 1136 0
1135 1312 1011 1112 0
1201 907 1070 89 0
452 1198 1223 1190 0
1190 1198 1223 1152 0
1115 1276 1224 1183 0
1161 1115 1183 1 0
922 327 1216 603 0
922 1216 327 1059 0
603 327 1216 1207 0
721 157 168 1286 0
1224 1183 1243 1241 0
1356 527 660 646 0
516 646 527 1356 0
1075 276 286 193 0
571 1277 452 1141 0
598 1141 452 567 0
932 1192 1342 1314 0
1192 1342 1292 932 0
1077 103 613 599 0
1077 103 1042 613 0
1077 1039 1042 103 0
1078 1000 87 86 0
1078 1176 1000 86 0
1017 969 254 1307 0
1017 254 1369 723 0
1162 1193 1266 1205 0
1251 9 1205 15 0
1205 1251 1067 9 0
412 1287 1063 1155 0
777 201 412 1247 0
796 1299 1043 1182 0
1195 1048 327 1043 0
1043 327 1286 796 0
1043 1048 327 1182 0
1043 1286 327 1195 0
1266 1193 9 1205 0
9 15 1266 1205 0
1297 1330 1340 327 0
1314 452 1223 1046 0
1223 1011 452 567 0
1297 327 1311 1330 0
1230 1235 1292 1138 0
1230 1292 1184 1138 0
380 432 863 799 0
859 855 863 1272 0
1225 1150 684 1238 0
1225 1150 1137 684 0
1225 1137 511 653 0
511 1225 653 1167 0
511 1062 1225 1167 0
511 1238 1225 1062 0
1182 1311 327 1330 0
1014 266 732 1017 0
1252 491 905 542 0
519 293 613 578 0
556 535 364 578 0
877 863 772 855 0
772 863 94 855 0
1325 1342 1314 932 0
1192 1222 1342 1314 0
1218 1023 545 1217 0
765 1149 980 1331 0
26 45 871 491 0
813 1118 1001 535 0
1093 813 1001 535 0
1304 1212 179 1340 0
677 1076 332 637 0
627 878 191 445 0
1175 416 791 1144 0
1175 416 1144 1178 0
1214 1311 1330 1134 0
1368 483 1083 229 0
92 1083 566 588 0
1287 514 771 201 0
254 1084 690 723 0
888 1231 1247 1120 0
1231 201 1287 771 0
1120 1231 1247 1287 0
330 1231 771 201 0
888 1231 330 201 0
1222 1342 1292 1192 0
606 1418 687 588 0
22 522 711 270 0
1232 684 1048 1313 0
17 27 1342 1148 0
742 1241 1011 1135 0
47 1085 281 21 0
600 1085 929 47 0
478 1226 339 593 0
365 700 874 648 0
1086 1376 231 34 0
1415 167 1116 622 0
757 34 1116 622 0
1248 1145 1233 1056 0
240 623 1087 259 0
871 1145 1056 1233 0
1127 514 1233 831 0
1381 512 279 1354 0
514 1127 1233 1122 0
871 514 1233 1122 0
876 47 48 623 0
876 921 47 623 0
622 167 1116 1089 0
622 1089 377 167 0
377 1089 1337 167 0
1183 1135 1215 1241 0
1215 1135 1312 1241 0
215 579 900 1090 0
215 579 1090 1140 0
1300 174 1340 1254 0
1157 178 1343 1094 0
1157 1094 1343 1257 0
1220 1246 194 1205 0
1220 194 1244 1205 0
13 1310 17 1342 0
806 324 1187 1144 0
1187 324 933 1144 0
225 436 532 1154 0
1275 1185 1279 1133 0
475 1091 252 1158 0
1406 1160 488 1092 0
1275 1185 159 152 0
215 436 1153 413 0
737 628 732 736 0
1238 133 1232 1062 0
679 597 285 552 0
679 613 552 637 0
1192 1289 1222 1314 0
544 1000 86 580 0
1289 1222 1292 1192 0
1097 578 103 810 0
1040 1097 1042 103 0
1040 810 1097 103 0
1222 1170 1289 1255 0
1222 1289 1170 1314 0
1323 1149 1324 1290 0
546 207 538 1101 0
539 272 669 1397 0
875 669 539 1398 0
1089 1337 1374 218 0
1089 1337 371 1374 0
377 218 1337 1089 0
203 904 654 450 0
450 654 470 904 0
470 1305 949 1100 0
470 949 1305 770 0
1242 440 922 945 0
550 640 1242 440 0
550 440 1242 945 0
1242 922 440 1210 0
700 510 1363 695 0
1143 1275 169 173 0
1143 1099 1157 173 0
1343 1157 1099 173 0
34 581 757 231 0
1201 581 162 333 0
231 581 757 746 0
173 1157 1143 1275 0
1138 1058 1235 1292 0
1058 1249 1235 1292 0
12 48 240 876 0
1230 1235 1224 1241 0
240 48 623 876 0
1224 1230 1234 1138 0
1289 1230 1243 1241 0
1243 585 1230 1289 0
1224 585 1234 1230 0
481 656 1206 1119 0
725 367 1119 335 0
82 205 887 880 0
1250 1240 1315 1244 0
1318 888 1247 1120 0
382 1110 255 100 0
777 1247 412 1155 0
888 1247 1261 1318 0
831 1233 1142 1248 0
829 831 1142 1213 0
1307 382 255 100 0
831 514 1233 1248 0
831 1063 514 1248 0
629 593 339 1226 0
629 339 809 1226 0
1234 1230 1184 1138 0
1115 1235 1058 1147 0
1138 1058 1224 1235 0
1249 1235 1147 1058 0
1058 1115 1224 1235 0
1100 994 1106 470 0
64 1305 470 1100 0
904 470 1305 770 0
178 1275 1178 1157 0
173 1157 1275 178 0
682 1289 1255 1291 0
1170 1255 682 1289 0
932 1292 1192 1277 0
932 1292 1277 1262 0
781 1417 1147 1249 0
252 424 1158 1422 0
1417 567 1147 1249 0
1249 916 1262 3 0
78 720 473 75 0
1209 1296 1098 1060 0
78 473 985 80 0
1200 1199 802 1020 0
931 1113 118 120 0
573 625 1113 813 0
1296 1293 1209 1098 0
115 1265 1051 574 0
476 119 121 319 0
1301 961 1060 767 0
1279 132 534 1309 0
132 144 1245 1279 0
1149 1117 323 765 0
55 932 43 1325 0
765 1257 1143 1099 0
1240 1120 194 1098 0
43 1342 1325 932 0
380 243 681 432 0
1098 194 1240 1209 0
115 117 1265 574 0
1057 181 933 1187 0
950 1286 1216 1059 0
1415 1116 219 455 0
1415 1116 34 622 0
245 797 1116 1089 0
1127 1233 807 1142 0
829 1127 807 1142 0
169 159 1275 1185 0
1331 169 1185 159 0
1331 1185 1323 159 0
1186 686 311 834 0
1186 311 643 834 0
640 183 1242 440 0
1260 1295 1210 183 0
1260 1059 1210 1295 0
1289 1196 1312 1243 0
1126 1215 1196 1243 0
585 1126 1196 1243 0
1196 1215 1312 1243 0
277 701 151 1322 0
277 468 1322 151 0
1322 468 277 496 0
1322 496 277 701 0
1329 826 724 1119 0
724 260 367 1119 0
828 1329 1119 826 0
29 1244 38 1266 0
316 725 1119 428 0
826 260 1119 428 0
598 1141 739 452 0
1250 1244 1315 1288 0
1250 1244 38 29 0
1315 1244 1306 1288 0
1284 1244 1136 1266 0
476 574 1265 119 0
773 261 1206 385 0
1206 166 385 261 0
482 773 261 1206 0
785 261 166 1206 0
482 785 1206 261 0
1121 193 166 276 0
1121 166 612 276 0
712 412 514 1063 0
441 94 772 380 0
868 48 929 1072 0
419 868 1072 48 0
1143 1275 1185 169 0
1331 169 1143 1185 0
201 777 1357 1261 0
1261 1247 777 60 0
1261 201 777 1247 0
1237 1221 503 852 0
1237 669 670 852 0
25 3 7 1262 0
23 1262 25 7 0
23 932 1262 1333 0
1250 194 1244 1220 0
1250 194 1240 1244 0
1254 1295 179 1340 0
1107 834 416 1144 0
1171 1144 933 791 0
1171 1144 791 834 0
520 105 975 634 0
3 1249 781 1263 0
1263 1262 7 3 0
359 217 104 210 0
1214 133 1134 145 0
579 558 610 768 0
1077 613 552 599 0
1077 613 1042 552 0
9 1205 1193 2 0
9 1067 1205 2 0
71 1197 571 55 0
1197 55 932 571 0
116 140 114 931 0
984 139 113 115 0
984 113 139 143 0
765 1028 1117 1257 0
765 323 1149 1331 0
1149 323 1323 1331 0
572 71 1197 571 0
92 671 529 824 0
1130 1112 49 1258 0
1130 1258 49 37 0
1112 1258 1152 49 0
49 1258 1152 1219 0
692 1163 530 1164 0
530 946 692 1076 0
1163 530 946 692 0
1090 900 1355 84 0
49 37 1258 1219 0
821 392 1174 957 0
1174 957 392 486 0
1174 486 392 845 0
1204 327 1300 721 0
457 112 131 1367 0
1136 1162 1266 1244 0
194 1248 1162 1205 0
1132 811 348 594 0
1132 348 811 307 0
1132 594 348 292 0
277 390 1402 678 0
796 1182 1043 327 0
14 1183 1126 8 0
781 1273 1147 818 0
1010 328 508 175 0
1010 663 282 718 0
807 871 1252 6 0
1058 1249 1292 1181 0
1264 1145 1098 194 0
1246 194 1251 1264 0
895 280 948 844 0
603 924 1269 300 0
1297 1269 1150 603 0
603 440 1269 924 0
1269 1150 1129 1297 0
1255 585 1222 1194 0
984 835 680 791 0
1243 1230 1224 1241 0
1224 585 1230 1243 0
1126 585 1224 1243 0
1214 1311 1182 1330 0
961 1231 1145 771 0
871 6 11 24 0
1209 1098 194 1264 0
1209 1264 194 1246 0
29 1266 19 1244 0
1220 1244 29 19 0
1250 1244 29 1220 0
194 1251 1067 1205 0
1264 1067 1145 194 0
194 1264 1067 1251 0
194 1067 1248 1205 0
1248 514 1233 1145 0
871 514 1145 1233 0
871 771 961 1145 0
1194 1270 1222 1310 0
71 53 1197 55 0
1325 55 932 1197 0
1289 585 1222 1255 0
1194 1310 1222 1342 0
995 1071 439 243 0
1275 1157 1185 1133 0
1137 1150 1207 684 0
603 1137 1150 1207 0
742 1273 1147 1161 0
1294 1274 1212 1330 0
1330 1274 1212 1340 0
608 859 607 918 0
1222 1148 1170 1194 0
1222 1170 1148 1314 0
1314 1148 1055 1170 0
608 859 918 1272 0
1412 970 814 218 0
1323 1149 1290 323 0
767 1067 11 1145 0
1323 1290 1185 323 0
916 567 1277 1141 0
1277 567 452 1141 0
1259 130 893 1328 0
1364 1328 479 331 0
1055 682 1219 1312 0
1055 682 1312 1289 0
131 743 112 175 0
23 25 1262 33 0
33 932 1262 23 0
1285 1282 1196 1215 0
372 965 93 340 0
14 1215 1135 1130 0
1222 1230 1292 1270 0
1184 1230 1270 1292 0
1194 585 1222 1270 0
1271 1312 1291 1282 0
109 1016 738 843 0
43 33 1280 58 0
319 881 896 128 0
391 163 835 149 0
58 916 1280 571 0
912 916 373 889 0
1281 1190 338 452 0
373 898 916 912 0
1281 1197 338 1208 0
950 919 164 1020 0
1281 452 338 1197 0
164 186 919 697 0
830 1049 1110 100 0
1080 792 795 237 0
1220 1246 1205 19 0
1220 1205 1244 19 0
298 662 673 793 0
673 662 1168 404 0
1036 1168 1410 363 0
1186 1309 834 534 0
1191 174 1212 1274 0
1191 1274 170 174 0
1298 1274 1340 174 0
1243 1215 1312 1241 0
1190 1223 1046 1319 0
960 4 188 584 0
584 960 1174 188 0
470 190 1334 957 0
8 1 1183 1276 0
816 470 190 1334 0
823 1334 190 957 0
1115 1 1276 1183 0
190 816 1334 823 0
825 846 570 1169 0
190 1169 994 570 0
1258 1312 1278 1130 0
872 550 1199 518 0
789 273 512 12 0
845 1174 188 858 0
1174 584 188 858 0
1111 905 827 829 0
1222 585 1230 1270 0
1184 1234 1270 1230 0
1145 1231 1287 771 0
1289 585 1230 1222 0
412 201 514 1287 0
1247 1231 201 1287 0
1120 1145 1231 1287 0
412 201 1287 1247 0
725 286 1395 428 0
1230 1224 1235 1138 0
395 791 343 416 0
767 1145 11 961 0
632 643 311 791 0
632 575 643 395 0
791 395 1416 632 0
910 504 244 756 0
1215 1130 1282 1312 0
8 1 1135 1183 0
1161 1183 1135 1 0
1314 1223 1045 1046 0
1289 1230 1292 1222 0
1342 1148 1222 1194 0
1314 1055 1045 1223 0
175 510 743 1316 0
1017 1307 254 724 0
626 1088 336 357 0
969 1036 254 1307 0
1285 1215 1196 1126 0
1097 613 103 578 0
1097 613 1042 103 0
87 580 86 1000 0
1289 1291 682 1312 0
544 882 1000 580 0
1239 951 454 545 0
8 1276 1183 1126 0
859 918 432 607 0
863 1272 432 859 0
572 720 473 580 0
75 720 473 572 0
38 1244 50 1284 0
1244 1332 50 1284 0
1139 1284 50 1332 0
414 813 573 1113 0
1238 1311 133 1134 0
1232 1238 1311 133 0
1214 1311 1134 133 0
310 1113 1093 813 0
1232 1311 1313 133 0
1313 1311 1214 133 0
42 1053 667 960 0
1033 667 486 960 0
932 1292 1262 1333 0
1181 1262 7 1263 0
1131 625 1113 118 0
55 51 53 1325 0
53 55 1325 1197 0
1324 152 1279 144 0
1324 152 1185 1279 0
1095 342 1362 310 0
909 1362 1095 342 0
145 1134 1214 153 0
662 241 404 673 0
116 931 114 573 0
1306 1120 1332 1240 0
60 1318 1247 1332 0
1318 1247 1261 60 0
1198 1011 1223 1112 0
14 1282 1285 1215 0
1198 452 1061 1190 0
1365 1120 1306 1240 0
984 115 113 574 0
14 1215 1285 1126 0
1225 1238 684 1232 0
1238 1232 1225 1062 0
1292 1342 1310 1333 0
932 1342 1292 1333 0
1343 1257 1099 1157 0
584 614 188 858 0
1103 808 627 820 0
363 443 1168 805 0
1168 1410 363 805 0
888 1120 1047 961 0
888 961 1231 1120 0
888 961 330 1231 0
1266 1244 1162 1205 0
58 43 56 1280 0
43 56 1280 55 0
43 1280 932 55 0
1358 723 253 99 0
1358 253 723 690 0
1110 255 662 382 0
19 1205 1266 15 0
14 1282 1215 1130 0
1277 1249 567 916 0
1277 1249 916 1262 0
1280 916 1277 571 0
1280 1277 916 1262 0
33 23 43 932 0
1278 1312 1271 1130 0
1280 1277 932 571 0
742 1241 1135 1161 0
447 232 1019 1188 0
1162 1248 1063 1193 0
398 712 514 831 0
627 808 480 820 0
1239 1372 454 1370 0
790 454 455 1370 0
721 327 1300 1298 0
1258 37 1278 1219 0
1258 1130 1278 37 0
1278 37 1130 28 0
1313 1182 1299 1214 0
1313 1214 1299 153 0
1287 1162 1332 1120 0
1332 1162 1136 1244 0
1240 1120 1332 194 0
1240 194 1332 1244 0
1120 1162 1332 194 0
1250 1244 1288 38 0
1002 584 4 960 0
1149 1290 323 1117 0
1169 1044 994 570 0
1159 1290 1117 323 0
686 143 1171 1054 0
686 143 615 984 0
1195 1207 1048 931 0
627 808 1103 1044 0
627 1044 1103 994 0
1191 1268 160 170 0
900 1366 474 76 0
20 1301 16 961 0
627 191 808 1169 0
900 84 1090 579 0
994 1044 816 570 0
576 113 115 574 0
1293 961 30 39 0
1293 1326 1365 961 0
1265 642 1051 574 0
75 1125 720 572 0
572 1125 840 73 0
1133 1159 1178 323 0
1157 1133 1178 323 0
573 810 578 1029 0
1118 114 573 116 0
813 625 1118 573 0
1131 625 1001 813 0
1133 1185 1159 323 0
1159 323 1185 1290 0
1157 323 1185 1133 0
1210 1295 1340 183 0
1210 1340 327 1297 0
20 30 1296 961 0
1297 327 922 603 0
1297 1150 327 603 0
1150 1311 1129 1297 0
1297 1210 1340 1304 0
1297 922 327 1210 0
281 583 1308 736 0
736 1308 281 1014 0
726 281 1308 1014 0
560 419 280 844 0
1214 1182 1299 1294 0
560 280 895 844 0
1027 237 1074 853 0
1246 1205 19 15 0
1246 1205 15 1251 0
1213 831 1248 1193 0
831 1063 1248 1193 0
348 594 299 108 0
1213 1248 1142 2 0
1046 1223 1045 1319 0
140 146 1195 154 0
142 1195 140 146 0
154 141 1286 1195 0
1268 1274 170 1191 0
54 46 961 52 0
54 39 30 961 0
54 46 39 961 0
16 36 54 961 0
1268 1330 1274 1294 0
20 30 961 54 0
20 961 16 54 0
158 139 1028 155 0
158 1028 139 147 0
139 147 1028 143 0
1300 327 1340 1298 0
1300 1340 327 1211 0
139 143 1028 984 0
521 217 966 850 0
961 1301 16 11 0
796 327 1298 1182 0
796 1268 1299 1182 0
796 1182 1298 1268 0
1296 30 1293 961 0
1271 1312 1282 1130 0
627 445 994 1404 0
313 553 1345 356 0
1201 622 1031 581 0
1184 1333 10 1181 0
1201 622 581 333 0
678 284 299 1022 0
1022 284 299 1411 0
678 811 1022 299 0
1022 594 299 811 0
1022 1411 299 594 0
1332 1063 1136 1162 0
678 1203 1022 811 0
1022 594 811 1203 0
277 1203 468 151 0
1155 1332 1247 1287 0
468 292 151 1203 0
151 292 594 1203 0
277 1203 151 678 0
412 1247 1287 1155 0
1201 162 1031 227 0
38 1288 50 1244 0
1201 581 1031 162 0
444 162 418 333 0
333 581 162 746 0
276 166 612 335 0
335 166 612 267 0
326 830 612 267 0
1321 1197 1208 53 0
1321 1197 53 1325 0
1325 1321 51 53 0
1206 656 385 166 0
1395 166 335 1206 0
1206 166 335 656 0
785 1206 166 1395 0
1271 1130 18 28 0
440 1297 1129 1304 0
1129 1311 1134 1297 0
1297 1134 1129 1304 0
14 18 1282 1130 0
1120 1306 1318 1047 0
1306 1240 1332 1244 0
476 369 979 122 0
1192 567 452 1277 0
1277 1292 567 1249 0
1289 1292 1241 1192 0
66 41 1124 591 0
1292 1235 1241 1249 0
591 878 1123 974 0
1249 1241 1147 1235 0
1083 592 566 588 0
588 1418 977 592 0
1083 977 592 588 0
1275 1185 152 1279 0
981 878 199 191 0
522 1037 480 192 0
1026 749 204 978 0
1026 978 1082 749 0
524 848 952 965 0
1244 1162 1205 194 0
1332 1162 1244 194 0
1222 1310 1292 1342 0
684 1311 1182 1313 0
1238 1311 684 1232 0
1238 1311 1134 1129 0
1125 572 75 73 0
572 580 840 1125 0
38 1244 1284 1266 0
868 419 804 939 0
1253 1366 900 74 0
474 611 563 76 0
76 1366 474 611 0
744 850 203 555 0
450 744 203 904 0
904 744 203 555 0
14 1135 1183 8 0
179 1340 1212 174 0
1254 174 1340 179 0
1274 174 1212 1340 0
1093 1113 1131 813 0
1280 932 1277 1262 0
1278 1130 1271 28 0
1248 1162 514 1145 0
1313 1311 1182 1214 0
1313 133 1214 145 0
659 1346 660 526 0
844 1072 419 804 0
1210 1340 1304 183 0
640 1260 1242 183 0
1014 723 1017 99 0
1014 723 99 265 0
1242 1210 183 1260 0
1017 254 969 1369 0
684 1311 1313 1232 0
1294 1134 1214 1330 0
1266 1205 19 1244 0
1314 1192 1197 932 0
1314 1197 1325 932 0
153 1294 160 1191 0
578 111 1118 103 0
1192 1223 1289 1314 0
160 153 1268 1294 0
153 1191 1134 1294 0
1118 625 813 1001 0
153 1134 1214 1294 0
1161 1273 1147 1115 0
1209 1240 1315 1250 0
1315 1240 1306 1244 0
439 92 671 866 0
439 92 824 671 0
1263 1249 1262 3 0
1292 1249 1262 1181 0
344 671 379 439 0
1211 1295 1340 1210 0
1234 585 1270 1230 0
1242 183 1210 440 0
1304 1340 179 183 0
1297 1210 1304 440 0
1210 183 1304 440 0
1143 1275 1157 1185 0
988 987 304 1009 0
1009 987 304 705 0
988 718 812 649 0
961 1326 1365 1047 0
1146 1092 1160 1406 0
1146 1406 1160 776 0
1214 1294 1299 153 0
1268 153 1299 1294 0
863 799 252 1422 0
1045 1223 1055 1319 0
722 399 991 232 0
991 399 728 232 0
854 867 517 972 0
1406 488 1160 1091 0
1190 1223 1319 1152 0
225 456 1156 532 0
1422 799 1156 775 0
888 961 1047 52 0
776 863 1422 877 0
1120 1306 1332 1318 0
1298 1274 174 170 0
1298 1274 170 1268 0
1040 810 693 1097 0
977 1123 438 591 0
1183 1215 1126 1243 0
1224 1183 1126 1243 0
1055 1312 1219 1223 0
1055 1223 1219 1319 0
1289 1196 1255 1291 0
14 1215 1126 1183 0
14 1135 1215 1183 0
1165 506 1029 1167 0
175 1302 112 849 0
508 849 1316 175 0
743 1302 112 175 0
1325 1148 1314 1342 0
1268 1294 1274 1191 0
1191 1294 160 1268 0
888 201 1261 1247 0
1191 1274 1212 1294 0
225 775 658 774 0
1191 1212 1134 1294 0
1153 215 413 1357 0
215 1090 1357 1153 0
1140 1405 658 774 0
1286 1059 1202 1211 0
1211 1202 1286 1204 0
252 863 1422 776 0
369 620 815 513 0
369 309 815 368 0
369 815 309 513 0
1337 1089 371 167 0
795 1415 167 219 0
219 1116 167 245 0
219 167 1116 1415 0
92 769 588 566 0
866 376 609 769 0
866 908 769 609 0
980 1149 1323 1331 0
1267 699 1419 213 0
566 483 699 347 0
483 699 1419 566 0
455 685 730 245 0
1372 257 95 668 0
572 71 1035 1197 0
1046 452 1281 1197 0
55 51 1325 40 0
1325 51 1317 40 0
1325 51 1321 1317 0
287 272 273 852 0
774 1156 225 775 0
1054 1283 1309 834 0
1283 1186 1309 834 0
252 799 424 1422 0
1158 252 1422 776 0
961 46 39 1326 0
1054 1283 1245 1309 0
1283 132 1309 1186 0
1235 1115 1224 1241 0
1292 1235 1230 1241 0
1316 1302 743 175 0
1177 242 1179 529 0
1216 327 1286 1207 0
1216 1286 327 1059 0
1204 1286 327 721 0
1293 39 1326 961 0
1041 207 1101 1412 0
1209 1060 1264 1246 0
724 1119 267 656 0
656 267 335 1119 0
1209 194 1250 1220 0
1294 1212 1134 1330 0
145 1214 1313 153 0
657 166 612 1121 0
657 187 1121 612 0
689 1096 550 925 0
765 323 1331 1143 0
1159 1290 1185 1309 0
511 653 986 1167 0
1309 1054 1149 1324 0
1113 120 1131 118 0
1309 1054 1324 1245 0
1256 287 1341 967 0
1256 1384 789 539 0
1256 1341 287 789 0
866 609 439 908 0
1215 1312 1135 1130 0
1324 1185 1290 1309 0
177 1286 1202 172 0
1415 219 795 495 0
610 558 1038 768 0
204 586 492 1259 0
1043 1195 157 1286 0
1314 1289 1055 1223 0
1209 194 1240 1250 0
1304 1134 1212 1340 0
1340 1295 179 183 0
1211 1295 1254 1340 0
1325 1148 1317 1314 0
1342 1222 1148 1314 0
1150 1311 684 1238 0
1150 1311 1238 1129 0
1292 567 1192 1277 0
1292 1249 1277 1262 0
1249 1181 1263 1262 0
1139 1136 1284 1332 0
1318 1120 1247 1332 0
1120 1287 1247 1332 0
1155 1063 1136 1332 0
60 1332 50 1318 0
23 1333 1262 7 0
1333 1181 1262 7 0
1333 10 1181 7 0
1333 1310 1184 10 0
23 10 1333 7 0
55 1325 27 40 0
1325 1342 27 1148 0
1325 40 1148 27 0
1325 1148 40 1317 0
473 1141 202 571 0
375 493 195 1339 0
493 202 473 195 0
667 196 373 1339 0
1339 667 196 358 0
1209 1240 1365 1315 0
1196 585 1243 1289 0
1182 1268 1299 1294 0
1214 1330 1182 1294 0
1314 1170 1055 1289 0
1267 213 22 350 0
566 1419 1267 699 0
566 376 1267 1419 0
1267 699 213 350 0
699 350 1267 592 0
606 213 22 1267 0
606 376 213 1267 0
606 376 558 214 0
1289 1292 1230 1241 0
1323 1324 1185 1290 0
1055 1312 1223 1289 0
1330 1212 1134 1340 0
1300 1340 174 1298 0
1300 1254 1340 1211 0
1204 1300 327 1211 0
238 231 362 722 0
238 1031 672 231 0
238 231 672 362 0
1264 767 1067 1251 0
1321 1197 1325 1314 0
13 10 1310 1333 0
1342 1310 1333 13 0
243 380 315 236 0
23 1342 1333 13 0
23 10 13 1333 0
243 383 236 379 0
1365 1240 1306 1315 0
1182 1330 1298 1268 0
1298 1330 1340 1274 0
1298 1330 1274 1268 0
1292 1184 1181 1333 0
1292 1181 1262 1333 0
1292 1310 1184 1333 0
43 27 1342 17 0
55 43 27 1325 0
43 27 1325 1342 0
17 1148 1342 1194 0
1221 670 520 852 0
1314 1325 1321 1317 0
1084 266 724 260 0
1084 726 266 260 0
724 266 367 260 0
294 263 677 400 0
531 677 1421 387 0
1272 294 400 263 0
23 43 1342 13 0
13 1342 17 43 0
1310 1194 17 1342 0
276 612 367 335 0
1268 1294 1182 1330 0
677 679 552 637 0
1331 1143 323 1185 0
1331 323 1323 1185 0
1288 1306 50 1244 0
1306 1332 50 1244 0
1332 1306 50 1318 0
391 1345 313 553 0
356 320 357 314 0
314 320 403 461 0
1228 268 833 1227 0
830 1004 267 100 0
1229 1102 284 619 0
931 141 140 1195 0
219 334 495 1371 0
1370 1239 790 454 0
795 1078 377 549 0
1172 378 372 404 0
404 1177 241 662 0
1026 959 1082 978 0
350 438 977 928 0
592 350 977 928 0
454 790 786 1239 0
790 98 454 786 0
1121 657 151 187 0
1239 951 102 786 0
1044 1106 1103 994 0
1252 871 807 491 0
579 778 610 892 0
24 961 32 36 0
871 1145 11 1056 0
24 871 32 961 0
1199 945 919 331 0
267 100 1049 830 0
1328 130 479 331 0
510 743 664 700 0
228 525 805 239 0
347 699 592 212 0
1265 476 642 574 0
353 268 1320 354 0
1227 268 1320 353 0
354 1320 471 268 0
366 533 1236 935 0
935 471 533 1236 0
366 533 1411 1236 0
306 508 569 1008 0
463 1008 1394 990 0
494 1322 701 426 0
65 667 1339 81 0
81 358 667 1339 0
1265 634 642 937 0
943 447 927 728 0
91 1327 360 227 0
460 1066 459 362 0
605 447 943 232 0
238 362 239 722 0
1327 239 722 238 0
238 239 362 540 0
723 690 253 31 0
255 363 1036 254 0
1307 255 254 724 0
1307 255 1036 254 0
724 266 732 367 0
367 266 732 281 0
726 676 1308 856 0
856 676 1308 583 0
737 1016 361 736 0
1387 901 760 766 0
873 843 355 477 0
873 477 355 1392 0
303 189 1391 304 0
303 336 189 304 0
1391 304 987 303 0
1009 305 357 304 0
988 1009 304 305 0
461 314 478 403 0
457 112 1367 1303 0
457 1303 1367 320 0
357 1303 1069 663 0
320 1303 1069 357 0
864 527 516 809 0
947 993 779 478 0
865 993 779 947 0
865 854 947 779 0
1335 196 389 188 0
707 196 389 1335 0
845 188 1335 389 0
489 1066 1086 1376 0
489 1086 733 1376 0
705 913 647 987 0
735 303 1391 464 0
375 1338 1339 195 0
879 202 373 898 0
879 1339 202 886 0
879 202 1339 373 0
507 375 1339 493 0
886 493 621 1339 0
473 739 207 208 0
970 207 208 580 0
402 739 208 207 0
207 208 402 970 0
621 817 493 985 0
1201 227 1027 907 0
1027 1031 1201 237 0
237 34 1031 622 0
12 560 419 280 0
240 560 12 280 0
273 520 1341 287 0
789 273 1341 287 0
1256 1384 1341 789 0
1013 520 1341 709 0
1389 967 1341 709 0
1385 788 12 288 0
302 1390 666 368 0
1390 368 694 666 0
302 368 564 369 0
464 1390 694 666 0
369 620 979 122 0
391 881 979 1345 0
391 319 896 835 0
391 319 979 881 0
941 122 620 369 0
979 885 1345 881 0
659 1346 646 660 0
396 1111 711 522 0
402 208 1347 430 0
783 213 410 711 0
1348 224 431 1419 0
783 1419 699 213 0
768 315 748 346 0
752 251 475 472 0
475 251 754 472 0
497 1349 278 1421 0
497 1349 787 278 0
1350 787 278 499 0
1350 293 756 499 0
846 570 823 1353 0
846 190 823 570 0
872 862 870 518 0
1381 1354 279 759 0
788 1384 288 761 0
1387 276 1075 291 0
654 1189 770 904 0
654 960 1189 1033 0
627 445 1169 994 0
904 555 203 1189 0
296 198 199 445 0
330 961 771 1231 0
412 201 200 514 0
270 522 491 205 0
897 491 205 206 0
887 206 880 205 0
897 206 205 880 0
687 205 206 887 0
199 409 198 1034 0
376 346 971 433 0
971 433 783 376 0
606 214 22 213 0
606 213 376 214 0
1100 994 1103 1106 0
337 214 474 558 0
784 768 215 436 0
337 346 558 768 0
565 894 606 687 0
894 606 588 769 0
470 949 770 654 0
470 654 1334 949 0
381 1151 926 1025 0
383 851 236 379 0
344 379 383 243 0
439 243 379 344 0
344 242 383 379 0
251 250 472 851 0
252 437 251 1272 0
432 252 251 1272 0
100 385 1049 1110 0
385 267 1049 166 0
326 267 1049 830 0
717 387 269 1006 0
596 677 531 1006 0
1359 497 387 277 0
1359 387 390 277 0
1402 499 390 1359 0
1402 390 811 678 0
264 559 448 1236 0
1005 1006 983 285 0
1005 284 983 619 0
390 284 983 1005 0
1005 619 983 1006 0
679 1005 983 285 0
637 293 613 500 0
519 958 578 506 0
329 299 1005 909 0
329 909 342 299 0
989 1360 1010 467 0
1393 1360 989 467 0
308 556 958 1361 0
308 556 1361 310 0
310 556 1361 813 0
308 986 414 1361 0
506 308 1361 986 0
909 749 1095 1362 0
743 510 664 1316 0
802 1059 1210 1260 0
1169 808 1044 570 0
627 808 1044 1169 0
167 1337 377 1176 0
334 377 1176 167 0
377 1176 1337 1000 0
654 1189 960 770 0
1209 1293 1365 1098 0
336 1088 297 355 0
336 836 297 1088 0
289 868 600 189 0
289 290 1391 189 0
705 304 303 987 0
705 304 356 303 0
303 189 868 289 0
303 1391 189 289 0
1420 1381 512 279 0
1420 512 545 279 0
1229 923 284 1411 0
1016 281 736 583 0
994 1100 1404 64 0
1100 994 627 1103 0
1408 893 919 136 0
1408 136 919 148 0
337 558 579 768 0
444 970 208 580 0
546 207 402 538 0
1336 245 797 730 0
1389 301 575 967 0
1361 556 958 578 0
1361 556 578 813 0
512 280 102 951 0
544 547 1000 882 0
1000 1176 1337 547 0
572 739 207 473 0
1374 218 1337 547 0
317 484 265 259 0
484 1087 265 259 0
1398 967 1399 670 0
279 1354 512 35 0
279 1354 35 759 0
1218 669 1237 852 0
1414 668 1420 1397 0
282 718 663 457 0
917 96 855 776 0
937 119 121 476 0
1265 476 119 937 0
871 1233 807 1122 0
900 1366 76 74 0
1358 1369 723 99 0
1017 723 1369 99 0
635 520 1052 503 0
1329 1119 724 656 0
1329 656 724 255 0
308 509 370 414 0
855 252 1272 917 0
308 509 504 370 0
1416 791 312 395 0
973 395 1416 466 0
973 632 1416 395 0
1344 97 917 859 0
438 1123 974 591 0
550 872 802 640 0
369 815 975 368 0
975 815 941 105 0
975 369 941 815 0
121 122 476 319 0
369 620 941 815 0
863 859 681 94 0
1076 1039 692 1042 0
607 432 681 243 0
1358 723 1369 690 0
853 639 1358 963 0
1358 906 253 321 0
237 1080 853 1415 0
89 87 549 444 0
1074 792 237 1070 0
1074 1080 237 792 0
1033 486 654 960 0
960 1002 654 770 0
778 579 610 658 0
1088 297 738 836 0
494 151 657 701 0
151 354 657 701 0
444 740 418 162 0
444 740 162 741 0
773 385 1206 656 0
674 951 102 280 0
1068 1050 192 1018 0
180 177 1286 1202 0
1415 167 237 795 0
795 377 237 549 0
1075 276 193 1121 0
1121 1075 1388 193 0
494 1121 1388 193 0
409 212 199 696 0
727 699 223 212 0
410 699 431 727 0
410 783 431 699 0
482 249 715 485 0
735 1386 1391 289 0
1391 1386 290 289 0
480 878 981 191 0
480 1068 191 981 0
712 413 200 412 0
200 413 201 412 0
1256 1341 1384 967 0
967 1013 1341 709 0
1390 761 288 1389 0
519 958 506 756 0
1066 231 362 1086 0
1066 231 1086 1376 0
447 605 1019 232 0
762 841 1388 1393 0
748 315 433 346 0
337 768 215 784 0
236 251 752 472 0
263 251 754 437 0
475 251 437 754 0
272 1381 512 1420 0
1378 798 257 279 0
798 1420 257 279 0
755 488 842 263 0
278 1400 677 1421 0
1421 1400 263 755 0
1349 1400 278 1421 0
1400 755 842 263 0
1400 842 677 263 0
486 196 1335 188 0
845 486 1335 188 0
1174 486 845 188 0
465 1151 750 982 0
982 1151 1025 926 0
539 789 272 1381 0
287 789 272 539 0
787 1349 637 278 0
637 787 278 1350 0
644 312 313 646 0
376 1419 224 1348 0
783 376 1348 1419 0
376 971 213 783 0
411 783 213 971 0
487 497 496 262 0
1169 445 198 994 0
393 1169 198 190 0
1169 190 846 570 0
846 1169 393 190 0
291 1121 1075 1388 0
711 1111 270 522 0
1111 827 905 192 0
992 1359 277 497 0
502 1402 811 1203 0
277 1402 1359 992 0
277 1402 390 1359 0
502 1402 1203 992 0
580 1000 87 444 0
1078 377 549 1000 0
103 599 364 613 0
272 1023 1218 669 0
1189 81 1033 65 0
1201 907 1027 1070 0
1422 863 772 877 0
1203 594 811 1132 0
1203 292 594 1132 0
454 951 279 545 0
1351 811 244 307 0
1351 1394 1132 307 0
1351 1132 811 307 0
468 1203 277 992 0
277 1402 1203 678 0
1203 1402 811 678 0
1203 1402 277 992 0
1252 491 542 996 0
1252 491 807 905 0
308 504 509 986 0
701 1403 262 485 0
426 1403 701 485 0
485 487 1403 262 0
333 1373 746 1065 0
581 1373 746 333 0
333 444 814 418 0
333 1065 814 1373 0
740 209 405 422 0
405 763 422 209 0
430 740 405 422 0
871 26 1252 6 0
1252 26 871 491 0
995 607 681 243 0
995 607 243 344 0
1101 1041 1412 882 0
1405 436 1154 1140 0
1140 579 658 1405 0
252 1406 437 400 0
252 1406 1091 437 0
437 488 1406 1091 0
1406 1091 1160 776 0
1009 314 718 649 0
1370 790 1371 455 0
1028 155 161 171 0
1028 161 181 176 0
138 933 161 835 0
1111 930 905 829 0
606 1267 22 1418 0
687 606 22 1418 0
317 265 31 259 0
317 253 31 265 0
31 265 1084 259 0
31 253 723 265 0
31 723 1084 265 0
1415 226 602 34 0
1228 1049 256 1110 0
384 256 1228 1227 0
384 1228 256 1110 0
1015 996 491 45 0
737 732 628 1004 0
1392 305 467 988 0
591 1124 1123 878 0
516 1356 527 864 0
780 325 478 593 0
260 316 428 1383 0
1395 1206 1119 481 0
1119 725 1395 428 0
725 335 1119 1395 0
785 1395 166 193 0
1393 306 989 1360 0
494 785 166 193 0
1393 306 463 989 0
1008 307 1394 990 0
1393 306 1394 463 0
502 499 1402 992 0
1000 377 549 444 0
970 208 402 418 0
247 31 733 1086 0
474 617 214 200 0
600 290 1085 47 0
47 290 1085 21 0
414 813 1361 573 0
653 986 1029 1361 0
301 642 476 574 0
1396 547 1412 218 0
1101 1412 538 1396 0
1396 1101 1412 547 0
350 698 22 205 0
814 218 1396 1412 0
538 814 1396 1412 0
1376 1086 528 34 0
218 547 1374 1396 0
94 380 441 681 0
607 918 432 243 0
1071 243 995 681 0
1322 496 701 426 0
473 202 493 80 0
78 202 473 80 0
459 232 728 1188 0
991 722 459 442 0
322 1113 120 123 0
1093 1113 123 120 0
679 613 599 552 0
966 217 521 1081 0
990 307 1394 429 0
1394 307 1351 429 0
894 588 606 687 0
347 954 229 223 0
483 223 699 347 0
366 1411 448 1236 0
556 578 813 535 0
478 780 403 150 0
972 779 865 890 0
34 622 757 581 0
240 560 1087 623 0
503 852 101 1237 0
503 852 520 273 0
244 556 342 293 0
811 299 244 307 0
307 299 244 1362 0
342 299 909 1362 0
308 310 244 556 0
244 299 342 1362 0
244 1362 342 310 0
244 310 342 556 0
502 811 910 1351 0
265 726 641 1014 0
1377 685 730 257 0
1378 1377 730 257 0
311 1401 643 575 0
64 1305 904 470 0
1169 1044 627 994 0
1401 311 643 1186 0
1044 1106 994 816 0
822 686 615 574 0
686 984 615 574 0
57 961 330 54 0
691 931 573 114 0
344 671 439 824 0
1104 373 916 889 0
3 25 889 916 0
164 1020 1200 950 0
677 1352 1076 216 0
677 1352 400 332 0
677 1352 332 1076 0
263 400 842 677 0
842 677 400 332 0
530 1092 946 332 0
498 1092 332 842 0
1163 530 1092 946 0
1217 1372 668 545 0
95 1372 668 1217 0
1272 855 863 252 0
956 320 1069 626 0
786 1007 951 674 0
415 238 1073 963 0
1073 238 415 1327 0
1327 238 415 239 0
1054 147 143 1028 0
1054 1171 1028 143 0
142 1048 1195 146 0
142 1195 1048 931 0
985 493 80 473 0
1272 437 263 400 0
432 918 859 1272 0
334 795 377 167 0
597 364 599 679 0
167 1116 1089 245 0
455 1116 219 245 0
522 981 480 591 0
1259 893 919 1328 0
24 961 36 16 0
687 565 79 474 0
687 206 79 887 0
1101 207 538 1412 0
538 814 1412 970 0
1398 287 669 539 0
670 1108 520 1013 0
301 975 520 709 0
274 229 1368 1083 0
1100 1404 627 994 0
979 122 620 885 0
941 122 476 937 0
122 937 121 476 0
697 1328 919 1408 0
697 148 1408 919 0
1000 544 1176 547 0
1369 254 969 540 0
91 360 1327 1081 0
929 1413 107 583 0
600 1413 868 929 0
600 868 1413 189 0
836 1413 583 107 0
92 483 1083 1368 0
291 1388 292 1121 0
1411 837 594 577 0
641 726 676 1308 0
909 1005 923 299 0
780 320 403 1367 0
1375 245 797 1116 0
545 279 512 951 0
667 188 196 486 0
667 188 486 960 0
960 188 486 1174 0
24 961 16 11 0
24 871 961 11 0
154 156 172 1286 0
177 156 1286 172 0
177 180 1286 156 0
1411 837 108 594 0
23 1342 932 1333 0
762 942 841 1393 0
1393 1360 841 306 0
569 1360 508 306 0
295 328 964 569 0
569 964 959 328 0
505 1006 1005 285 0
798 1377 257 1414 0
1377 668 257 1414 0
276 21 760 446 0
276 361 367 612 0
1387 21 760 276 0
455 219 1415 790 0
866 483 1419 566 0
566 699 592 347 0
566 699 1267 592 0
537 1028 176 171 0
868 939 804 815 0
833 268 1320 1227 0
833 268 471 1320 0
975 642 634 1064 0
634 520 105 1052 0
101 545 951 1239 0
1239 1372 101 545 0
1418 1267 22 350 0
1418 350 22 205 0
22 698 711 522 0
243 315 380 230 0
1086 317 528 602 0
315 609 346 1003 0
315 748 433 453 0
784 768 748 346 0
1378 675 759 279 0
508 1316 959 978 0
508 849 959 1316 0
977 848 438 1123 0
972 779 890 649 0
215 1090 1153 1140 0
1013 301 967 1399 0
1013 709 967 301 0
975 368 939 288 0
709 520 288 975 0
1389 709 288 302 0
302 288 1390 368 0
1389 288 1390 302 0
735 694 1390 582 0
289 868 368 582 0
289 735 303 1391 0
1391 290 304 189 0
189 290 304 355 0
873 1392 355 305 0
244 504 308 756 0
308 556 244 293 0
308 958 756 506 0
1167 1165 810 1029 0
1401 575 311 822 0
1416 476 632 302 0
1416 476 302 369 0
1416 564 369 302 0
304 356 357 1009 0
304 705 356 1009 0
653 1029 1030 573 0
1029 653 1030 1167 0
369 620 513 345 0
124 1345 345 620 0
369 1345 620 345 0
663 490 357 568 0
663 175 849 328 0
663 849 112 490 0
663 490 112 1069 0
411 398 270 711 0
916 567 1417 1249 0
473 195 739 208 0
402 208 195 1347 0
493 208 195 473 0
739 208 195 402 0
1347 208 195 838 0
1338 1347 195 838 0
1034 212 199 409 0
350 199 1114 212 0
350 212 698 199 0
696 698 212 199 0
330 474 900 200 0
474 337 636 900 0
215 900 413 1357 0
1357 201 900 413 0
507 493 1339 621 0
81 621 507 1339 0
521 217 203 976 0
850 217 359 203 0
687 82 1418 205 0
1418 82 350 205 0
82 350 977 1418 0
474 687 606 617 0
77 79 474 206 0
687 474 79 206 0
580 882 1412 1041 0
580 207 1412 970 0
1412 580 218 882 0
741 220 209 740 0
422 740 209 220 0
210 423 548 221 0
410 699 727 212 0
1267 213 1419 376 0
783 1419 431 699 0
1348 1419 431 783 0
376 213 1419 783 0
215 1405 579 1140 0
436 768 215 1405 0
215 768 579 1405 0
1405 436 1140 215 0
89 536 817 985 0
89 87 536 985 0
966 217 228 104 0
93 104 966 228 0
1081 360 228 217 0
228 217 966 1081 0
894 90 558 769 0
894 606 769 558 0
565 88 558 90 0
943 447 728 232 0
991 232 728 459 0
1188 232 728 447 0
943 233 222 447 0
443 378 222 233 0
671 224 235 379 0
1027 1201 1031 227 0
227 231 1031 238 0
1073 238 1327 227 0
227 1327 722 238 0
1073 238 227 1027 0
351 529 1172 1368 0
439 379 243 230 0
610 380 230 1071 0
1071 380 999 610 0
1071 230 439 243 0
362 247 420 460 0
673 248 381 233 0
673 363 248 233 0
381 248 465 1151 0
851 236 472 251 0
432 918 1272 251 0
432 752 799 236 0
639 853 253 672 0
362 672 690 1086 0
1358 853 253 639 0
247 31 1084 1380 0
247 31 1380 733 0
826 1084 260 1380 0
1380 428 826 828 0
828 247 1329 826 0
773 385 249 261 0
482 773 249 261 0
251 437 263 1272 0
386 263 1272 251 0
755 263 754 488 0
488 263 754 437 0
253 99 265 906 0
723 265 253 99 0
656 255 267 724 0
100 1049 385 267 0
656 267 255 385 0
256 268 1227 353 0
1228 256 268 1227 0
1228 268 256 1049 0
1272 608 917 294 0
1023 1397 1420 668 0
1420 279 545 257 0
545 1023 1420 668 0
1420 1381 279 798 0
277 262 354 701 0
701 496 277 262 0
277 262 387 1102 0
497 262 387 277 0
497 277 496 262 0
911 497 387 1421 0
842 677 332 1400 0
911 387 531 1421 0
497 1349 1421 755 0
1421 1400 677 263 0
1349 1400 1421 755 0
1087 265 726 641 0
641 895 676 1087 0
1087 641 726 676 0
1014 266 726 281 0
335 267 612 367 0
628 612 737 1004 0
612 830 737 1004 0
326 268 935 1236 0
935 268 471 1236 0
833 268 1236 471 0
354 284 533 1102 0
387 1166 1006 619 0
677 596 97 216 0
596 677 1006 505 0
677 285 387 1006 0
595 722 991 442 0
927 747 447 222 0
431 224 1348 451 0
532 456 748 225 0
982 714 465 926 0
252 475 1158 424 0
460 1086 247 733 0
715 465 249 482 0
475 437 488 754 0
437 488 1091 475 0
497 755 1421 911 0
498 755 842 1400 0
252 1091 776 1158 0
1146 1160 1092 1163 0
1378 275 1375 758 0
1379 317 962 733 0
962 317 1379 758 0
1380 260 428 1383 0
1386 731 1391 290 0
1388 688 1393 292 0
1359 499 278 497 0
992 499 1359 497 0
787 497 278 499 0
1402 499 1359 992 0
500 530 692 1042 0
539 1384 789 1381 0
1384 1381 788 789 0
788 1385 876 764 0
272 789 287 273 0
669 272 287 852 0
1256 789 287 539 0
1398 1256 287 539 0
287 272 669 539 0
1387 291 21 276 0
1016 297 1085 583 0
678 299 284 390 0
923 299 284 1411 0
1005 284 923 299 0
390 299 284 1005 0
679 1005 390 983 0
679 597 1005 285 0
679 597 552 599 0
1054 686 834 1171 0
1171 834 791 311 0
343 791 324 1175 0
312 324 680 391 0
680 324 312 791 0
476 1416 791 680 0
1175 343 646 1346 0
End